STRUCTURE,STRUCTURE_ID,STRUCTURE_NAME,ACTION,REF_AREA,Reference area,MEASURE,Measure,UNIT_MEASURE,Unit of measure,PAY_PERIOD,Pay period,PRICE_BASE,Price base,AGGREGATION_OPERATION,Aggregation operation,SEX,Sex,TIME_PERIOD,Time period,OBS_VALUE,Observation value,BASE_PER,Base period,OBS_STATUS,Observation status,UNIT_MULT,Unit multiplier,DECIMALS,Decimals
DATAFLOW,OECD.ELS.SAE:DSD_EARNINGS@AV_AN_WAGE(1.0),Average annual wages,I,AUS,Australia,WG,Wages,USD_PPP,"US dollars, PPP converted",A,Annual,Q,Constant prices,MEAN,Mean,_Z,Not applicable,1990,,51711.294,,2025,,A,Normal value,0,Units,0,Zero
DATAFLOW,OECD.ELS.SAE:DSD_EARNINGS@AV_AN_WAGE(1.0),Average annual wages,I,AUS,Australia,WG,Wages,USD_PPP,"US dollars, PPP converted",A,Annual,Q,Constant prices,MEAN,Mean,_Z,Not applicable,1991,,51489.238,,2025,,A,Normal value,0,Units,0,Zero
DATAFLOW,OECD.ELS.SAE:DSD_EARNINGS@AV_AN_WAGE(1.0),Average annual wages,I,AUS,Australia,WG,Wages,USD_PPP,"US dollars, PPP converted",A,Annual,Q,Constant prices,MEAN,Mean,_Z,Not applicable,1992,,52540.8,,2025,,A,Normal value,0,Units,0,Zero
DATAFLOW,OECD.ELS.SAE:DSD_EARNINGS@AV_AN_WAGE(1.0),Average annual wages,I,AUS,Australia,WG,Wages,USD_PPP,"US dollars, PPP converted",A,Annual,Q,Constant prices,MEAN,Mean,_Z,Not applicable,1993,,53031.484,,2025,,A,Normal value,0,Units,0,Zero
DATAFLOW,OECD.ELS.SAE:DSD_EARNINGS@AV_AN_WAGE(1.0),Average annual wages,I,AUS,Australia,WG,Wages,USD_PPP,"US dollars, PPP converted",A,Annual,Q,Constant prices,MEAN,Mean,_Z,Not applicable,1994,,53388.129,,2025,,A,Normal value,0,Units,0,Zero
DATAFLOW,OECD.ELS.SAE:DSD_EARNINGS@AV_AN_WAGE(1.0),Average annual wages,I,AUS,Australia,WG,Wages,USD_PPP,"US dollars, PPP converted",A,Annual,Q,Constant prices,MEAN,Mean,_Z,Not applicable,1995,,53190.866,,2025,,A,Normal value,0,Units,0,Zero
DATAFLOW,OECD.ELS.SAE:DSD_EARNINGS@AV_AN_WAGE(1.0),Average annual wages,I,AUS,Australia,WG,Wages,USD_PPP,"US dollars, PPP converted",A,Annual,Q,Constant prices,MEAN,Mean,_Z,Not applicable,1996,,54728.166,,2025,,A,Normal value,0,Units,0,Zero
DATAFLOW,OECD.ELS.SAE:DSD_EARNINGS@AV_AN_WAGE(1.0),Average annual wages,I,AUS,Australia,WG,Wages,USD_PPP,"US dollars, PPP converted",A,Annual,Q,Constant prices,MEAN,Mean,_Z,Not applicable,1997,,56437.01,,2025,,A,Normal value,0,Units,0,Zero
DATAFLOW,OECD.ELS.SAE:DSD_EARNINGS@AV_AN_WAGE(1.0),Average annual wages,I,AUS,Australia,WG,Wages,USD_PPP,"US dollars, PPP converted",A,Annual,Q,Constant prices,MEAN,Mean,_Z,Not applicable,1998,,57246.446,,2025,,A,Normal value,0,Units,0,Zero
DATAFLOW,OECD.ELS.SAE:DSD_EARNINGS@AV_AN_WAGE(1.0),Average annual wages,I,AUS,Australia,WG,Wages,USD_PPP,"US dollars, PPP converted",A,Annual,Q,Constant prices,MEAN,Mean,_Z,Not applicable,1999,,58543.795,,2025,,A,Normal value,0,Units,0,Zero
DATAFLOW,OECD.ELS.SAE:DSD_EARNINGS@AV_AN_WAGE(1.0),Average annual wages,I,AUS,Australia,WG,Wages,USD_PPP,"US dollars, PPP converted",A,Annual,Q,Constant prices,MEAN,Mean,_Z,Not applicable,2000,,58708.938,,2025,,A,Normal value,0,Units,0,Zero
DATAFLOW,OECD.ELS.SAE:DSD_EARNINGS@AV_AN_WAGE(1.0),Average annual wages,I,AUS,Australia,WG,Wages,USD_PPP,"US dollars, PPP converted",A,Annual,Q,Constant prices,MEAN,Mean,_Z,Not applicable,2001,,59285.415,,2025,,A,Normal value,0,Units,0,Zero
DATAFLOW,OECD.ELS.SAE:DSD_EARNINGS@AV_AN_WAGE(1.0),Average annual wages,I,AUS,Australia,WG,Wages,USD_PPP,"US dollars, PPP converted",A,Annual,Q,Constant prices,MEAN,Mean,_Z,Not applicable,2002,,59823.989,,2025,,A,Normal value,0,Units,0,Zero
DATAFLOW,OECD.ELS.SAE:DSD_EARNINGS@AV_AN_WAGE(1.0),Average annual wages,I,AUS,Australia,WG,Wages,USD_PPP,"US dollars, PPP converted",A,Annual,Q,Constant prices,MEAN,Mean,_Z,Not applicable,2003,,60673.073,,2025,,A,Normal value,0,Units,0,Zero
DATAFLOW,OECD.ELS.SAE:DSD_EARNINGS@AV_AN_WAGE(1.0),Average annual wages,I,AUS,Australia,WG,Wages,USD_PPP,"US dollars, PPP converted",A,Annual,Q,Constant prices,MEAN,Mean,_Z,Not applicable,2004,,62580.879,,2025,,A,Normal value,0,Units,0,Zero
DATAFLOW,OECD.ELS.SAE:DSD_EARNINGS@AV_AN_WAGE(1.0),Average annual wages,I,AUS,Australia,WG,Wages,USD_PPP,"US dollars, PPP converted",A,Annual,Q,Constant prices,MEAN,Mean,_Z,Not applicable,2005,,63308.452,,2025,,A,Normal value,0,Units,0,Zero
DATAFLOW,OECD.ELS.SAE:DSD_EARNINGS@AV_AN_WAGE(1.0),Average annual wages,I,AUS,Australia,WG,Wages,USD_PPP,"US dollars, PPP converted",A,Annual,Q,Constant prices,MEAN,Mean,_Z,Not applicable,2006,,63733.515,,2025,,A,Normal value,0,Units,0,Zero
DATAFLOW,OECD.ELS.SAE:DSD_EARNINGS@AV_AN_WAGE(1.0),Average annual wages,I,AUS,Australia,WG,Wages,USD_PPP,"US dollars, PPP converted",A,Annual,Q,Constant prices,MEAN,Mean,_Z,Not applicable,2007,,65497.773,,2025,,A,Normal value,0,Units,0,Zero
DATAFLOW,OECD.ELS.SAE:DSD_EARNINGS@AV_AN_WAGE(1.0),Average annual wages,I,AUS,Australia,WG,Wages,USD_PPP,"US dollars, PPP converted",A,Annual,Q,Constant prices,MEAN,Mean,_Z,Not applicable,2008,,65966.319,,2025,,A,Normal value,0,Units,0,Zero
DATAFLOW,OECD.ELS.SAE:DSD_EARNINGS@AV_AN_WAGE(1.0),Average annual wages,I,AUS,Australia,WG,Wages,USD_PPP,"US dollars, PPP converted",A,Annual,Q,Constant prices,MEAN,Mean,_Z,Not applicable,2009,,65331.083,,2025,,A,Normal value,0,Units,0,Zero
DATAFLOW,OECD.ELS.SAE:DSD_EARNINGS@AV_AN_WAGE(1.0),Average annual wages,I,AUS,Australia,WG,Wages,USD_PPP,"US dollars, PPP converted",A,Annual,Q,Constant prices,MEAN,Mean,_Z,Not applicable,2010,,67656.87,,2025,,A,Normal value,0,Units,0,Zero
DATAFLOW,OECD.ELS.SAE:DSD_EARNINGS@AV_AN_WAGE(1.0),Average annual wages,I,AUS,Australia,WG,Wages,USD_PPP,"US dollars, PPP converted",A,Annual,Q,Constant prices,MEAN,Mean,_Z,Not applicable,2011,,69897.927,,2025,,A,Normal value,0,Units,0,Zero
DATAFLOW,OECD.ELS.SAE:DSD_EARNINGS@AV_AN_WAGE(1.0),Average annual wages,I,AUS,Australia,WG,Wages,USD_PPP,"US dollars, PPP converted",A,Annual,Q,Constant prices,MEAN,Mean,_Z,Not applicable,2012,,70378.632,,2025,,A,Normal value,0,Units,0,Zero
DATAFLOW,OECD.ELS.SAE:DSD_EARNINGS@AV_AN_WAGE(1.0),Average annual wages,I,AUS,Australia,WG,Wages,USD_PPP,"US dollars, PPP converted",A,Annual,Q,Constant prices,MEAN,Mean,_Z,Not applicable,2013,,70147.858,,2025,,A,Normal value,0,Units,0,Zero
DATAFLOW,OECD.ELS.SAE:DSD_EARNINGS@AV_AN_WAGE(1.0),Average annual wages,I,AUS,Australia,WG,Wages,USD_PPP,"US dollars, PPP converted",A,Annual,Q,Constant prices,MEAN,Mean,_Z,Not applicable,2014,,70851.065,,2025,,A,Normal value,0,Units,0,Zero
DATAFLOW,OECD.ELS.SAE:DSD_EARNINGS@AV_AN_WAGE(1.0),Average annual wages,I,AUS,Australia,WG,Wages,USD_PPP,"US dollars, PPP converted",A,Annual,Q,Constant prices,MEAN,Mean,_Z,Not applicable,2015,,70450.329,,2025,,A,Normal value,0,Units,0,Zero
DATAFLOW,OECD.ELS.SAE:DSD_EARNINGS@AV_AN_WAGE(1.0),Average annual wages,I,AUS,Australia,WG,Wages,USD_PPP,"US dollars, PPP converted",A,Annual,Q,Constant prices,MEAN,Mean,_Z,Not applicable,2016,,70801.922,,2025,,A,Normal value,0,Units,0,Zero
DATAFLOW,OECD.ELS.SAE:DSD_EARNINGS@AV_AN_WAGE(1.0),Average annual wages,I,AUS,Australia,WG,Wages,USD_PPP,"US dollars, PPP converted",A,Annual,Q,Constant prices,MEAN,Mean,_Z,Not applicable,2017,,70596.551,,2025,,A,Normal value,0,Units,0,Zero
DATAFLOW,OECD.ELS.SAE:DSD_EARNINGS@AV_AN_WAGE(1.0),Average annual wages,I,AUS,Australia,WG,Wages,USD_PPP,"US dollars, PPP converted",A,Annual,Q,Constant prices,MEAN,Mean,_Z,Not applicable,2018,,70841.899,,2025,,A,Normal value,0,Units,0,Zero
DATAFLOW,OECD.ELS.SAE:DSD_EARNINGS@AV_AN_WAGE(1.0),Average annual wages,I,AUS,Australia,WG,Wages,USD_PPP,"US dollars, PPP converted",A,Annual,Q,Constant prices,MEAN,Mean,_Z,Not applicable,2019,,71532.014,,2025,,A,Normal value,0,Units,0,Zero
DATAFLOW,OECD.ELS.SAE:DSD_EARNINGS@AV_AN_WAGE(1.0),Average annual wages,I,AUS,Australia,WG,Wages,USD_PPP,"US dollars, PPP converted",A,Annual,Q,Constant prices,MEAN,Mean,_Z,Not applicable,2020,,73067.231,,2025,,A,Normal value,0,Units,0,Zero
DATAFLOW,OECD.ELS.SAE:DSD_EARNINGS@AV_AN_WAGE(1.0),Average annual wages,I,AUS,Australia,WG,Wages,USD_PPP,"US dollars, PPP converted",A,Annual,Q,Constant prices,MEAN,Mean,_Z,Not applicable,2021,,73869.688,,2025,,A,Normal value,0,Units,0,Zero
DATAFLOW,OECD.ELS.SAE:DSD_EARNINGS@AV_AN_WAGE(1.0),Average annual wages,I,AUS,Australia,WG,Wages,USD_PPP,"US dollars, PPP converted",A,Annual,Q,Constant prices,MEAN,Mean,_Z,Not applicable,2022,,72262.91,,2025,,A,Normal value,0,Units,0,Zero
DATAFLOW,OECD.ELS.SAE:DSD_EARNINGS@AV_AN_WAGE(1.0),Average annual wages,I,AUS,Australia,WG,Wages,USD_PPP,"US dollars, PPP converted",A,Annual,Q,Constant prices,MEAN,Mean,_Z,Not applicable,2023,,71458.588,,2025,,A,Normal value,0,Units,0,Zero
DATAFLOW,OECD.ELS.SAE:DSD_EARNINGS@AV_AN_WAGE(1.0),Average annual wages,I,AUS,Australia,WG,Wages,USD_PPP,"US dollars, PPP converted",A,Annual,Q,Constant prices,MEAN,Mean,_Z,Not applicable,2024,,71238.235,,2025,,A,Normal value,0,Units,0,Zero
DATAFLOW,OECD.ELS.SAE:DSD_EARNINGS@AV_AN_WAGE(1.0),Average annual wages,I,AUS,Australia,WG,Wages,USD_PPP,"US dollars, PPP converted",A,Annual,Q,Constant prices,MEAN,Mean,_Z,Not applicable,2025,,72018.439,,2025,,A,Normal value,0,Units,0,Zero
DATAFLOW,OECD.ELS.SAE:DSD_EARNINGS@AV_AN_WAGE(1.0),Average annual wages,I,AUT,Austria,WG,Wages,USD_PPP,"US dollars, PPP converted",A,Annual,Q,Constant prices,MEAN,Mean,_Z,Not applicable,1990,,59942.899,,2025,,A,Normal value,0,Units,0,Zero
DATAFLOW,OECD.ELS.SAE:DSD_EARNINGS@AV_AN_WAGE(1.0),Average annual wages,I,AUT,Austria,WG,Wages,USD_PPP,"US dollars, PPP converted",A,Annual,Q,Constant prices,MEAN,Mean,_Z,Not applicable,1991,,61816.629,,2025,,A,Normal value,0,Units,0,Zero
DATAFLOW,OECD.ELS.SAE:DSD_EARNINGS@AV_AN_WAGE(1.0),Average annual wages,I,AUT,Austria,WG,Wages,USD_PPP,"US dollars, PPP converted",A,Annual,Q,Constant prices,MEAN,Mean,_Z,Not applicable,1992,,63062.009,,2025,,A,Normal value,0,Units,0,Zero
DATAFLOW,OECD.ELS.SAE:DSD_EARNINGS@AV_AN_WAGE(1.0),Average annual wages,I,AUT,Austria,WG,Wages,USD_PPP,"US dollars, PPP converted",A,Annual,Q,Constant prices,MEAN,Mean,_Z,Not applicable,1993,,63576.171,,2025,,A,Normal value,0,Units,0,Zero
DATAFLOW,OECD.ELS.SAE:DSD_EARNINGS@AV_AN_WAGE(1.0),Average annual wages,I,AUT,Austria,WG,Wages,USD_PPP,"US dollars, PPP converted",A,Annual,Q,Constant prices,MEAN,Mean,_Z,Not applicable,1994,,64216.72,,2025,,A,Normal value,0,Units,0,Zero
DATAFLOW,OECD.ELS.SAE:DSD_EARNINGS@AV_AN_WAGE(1.0),Average annual wages,I,AUT,Austria,WG,Wages,USD_PPP,"US dollars, PPP converted",A,Annual,Q,Constant prices,MEAN,Mean,_Z,Not applicable,1995,,64734.059,,2025,,A,Normal value,0,Units,0,Zero
DATAFLOW,OECD.ELS.SAE:DSD_EARNINGS@AV_AN_WAGE(1.0),Average annual wages,I,AUT,Austria,WG,Wages,USD_PPP,"US dollars, PPP converted",A,Annual,Q,Constant prices,MEAN,Mean,_Z,Not applicable,1996,,64397.725,,2025,,A,Normal value,0,Units,0,Zero
DATAFLOW,OECD.ELS.SAE:DSD_EARNINGS@AV_AN_WAGE(1.0),Average annual wages,I,AUT,Austria,WG,Wages,USD_PPP,"US dollars, PPP converted",A,Annual,Q,Constant prices,MEAN,Mean,_Z,Not applicable,1997,,63849.786,,2025,,A,Normal value,0,Units,0,Zero
DATAFLOW,OECD.ELS.SAE:DSD_EARNINGS@AV_AN_WAGE(1.0),Average annual wages,I,AUT,Austria,WG,Wages,USD_PPP,"US dollars, PPP converted",A,Annual,Q,Constant prices,MEAN,Mean,_Z,Not applicable,1998,,65952.459,,2025,,A,Normal value,0,Units,0,Zero
DATAFLOW,OECD.ELS.SAE:DSD_EARNINGS@AV_AN_WAGE(1.0),Average annual wages,I,AUT,Austria,WG,Wages,USD_PPP,"US dollars, PPP converted",A,Annual,Q,Constant prices,MEAN,Mean,_Z,Not applicable,1999,,67510.381,,2025,,A,Normal value,0,Units,0,Zero
DATAFLOW,OECD.ELS.SAE:DSD_EARNINGS@AV_AN_WAGE(1.0),Average annual wages,I,AUT,Austria,WG,Wages,USD_PPP,"US dollars, PPP converted",A,Annual,Q,Constant prices,MEAN,Mean,_Z,Not applicable,2000,,67705.012,,2025,,A,Normal value,0,Units,0,Zero
DATAFLOW,OECD.ELS.SAE:DSD_EARNINGS@AV_AN_WAGE(1.0),Average annual wages,I,AUT,Austria,WG,Wages,USD_PPP,"US dollars, PPP converted",A,Annual,Q,Constant prices,MEAN,Mean,_Z,Not applicable,2001,,67476.539,,2025,,A,Normal value,0,Units,0,Zero
DATAFLOW,OECD.ELS.SAE:DSD_EARNINGS@AV_AN_WAGE(1.0),Average annual wages,I,AUT,Austria,WG,Wages,USD_PPP,"US dollars, PPP converted",A,Annual,Q,Constant prices,MEAN,Mean,_Z,Not applicable,2002,,68480.18,,2025,,A,Normal value,0,Units,0,Zero
DATAFLOW,OECD.ELS.SAE:DSD_EARNINGS@AV_AN_WAGE(1.0),Average annual wages,I,AUT,Austria,WG,Wages,USD_PPP,"US dollars, PPP converted",A,Annual,Q,Constant prices,MEAN,Mean,_Z,Not applicable,2003,,68666.101,,2025,,A,Normal value,0,Units,0,Zero
DATAFLOW,OECD.ELS.SAE:DSD_EARNINGS@AV_AN_WAGE(1.0),Average annual wages,I,AUT,Austria,WG,Wages,USD_PPP,"US dollars, PPP converted",A,Annual,Q,Constant prices,MEAN,Mean,_Z,Not applicable,2004,,69975.716,,2025,,A,Normal value,0,Units,0,Zero
DATAFLOW,OECD.ELS.SAE:DSD_EARNINGS@AV_AN_WAGE(1.0),Average annual wages,I,AUT,Austria,WG,Wages,USD_PPP,"US dollars, PPP converted",A,Annual,Q,Constant prices,MEAN,Mean,_Z,Not applicable,2005,,70330.637,,2025,,A,Normal value,0,Units,0,Zero
DATAFLOW,OECD.ELS.SAE:DSD_EARNINGS@AV_AN_WAGE(1.0),Average annual wages,I,AUT,Austria,WG,Wages,USD_PPP,"US dollars, PPP converted",A,Annual,Q,Constant prices,MEAN,Mean,_Z,Not applicable,2006,,71304.807,,2025,,A,Normal value,0,Units,0,Zero
DATAFLOW,OECD.ELS.SAE:DSD_EARNINGS@AV_AN_WAGE(1.0),Average annual wages,I,AUT,Austria,WG,Wages,USD_PPP,"US dollars, PPP converted",A,Annual,Q,Constant prices,MEAN,Mean,_Z,Not applicable,2007,,71624.414,,2025,,A,Normal value,0,Units,0,Zero
DATAFLOW,OECD.ELS.SAE:DSD_EARNINGS@AV_AN_WAGE(1.0),Average annual wages,I,AUT,Austria,WG,Wages,USD_PPP,"US dollars, PPP converted",A,Annual,Q,Constant prices,MEAN,Mean,_Z,Not applicable,2008,,72877.056,,2025,,A,Normal value,0,Units,0,Zero
DATAFLOW,OECD.ELS.SAE:DSD_EARNINGS@AV_AN_WAGE(1.0),Average annual wages,I,AUT,Austria,WG,Wages,USD_PPP,"US dollars, PPP converted",A,Annual,Q,Constant prices,MEAN,Mean,_Z,Not applicable,2009,,74088.796,,2025,,A,Normal value,0,Units,0,Zero
DATAFLOW,OECD.ELS.SAE:DSD_EARNINGS@AV_AN_WAGE(1.0),Average annual wages,I,AUT,Austria,WG,Wages,USD_PPP,"US dollars, PPP converted",A,Annual,Q,Constant prices,MEAN,Mean,_Z,Not applicable,2010,,73745.347,,2025,,A,Normal value,0,Units,0,Zero
DATAFLOW,OECD.ELS.SAE:DSD_EARNINGS@AV_AN_WAGE(1.0),Average annual wages,I,AUT,Austria,WG,Wages,USD_PPP,"US dollars, PPP converted",A,Annual,Q,Constant prices,MEAN,Mean,_Z,Not applicable,2011,,72948.373,,2025,,A,Normal value,0,Units,0,Zero
DATAFLOW,OECD.ELS.SAE:DSD_EARNINGS@AV_AN_WAGE(1.0),Average annual wages,I,AUT,Austria,WG,Wages,USD_PPP,"US dollars, PPP converted",A,Annual,Q,Constant prices,MEAN,Mean,_Z,Not applicable,2012,,73362.537,,2025,,A,Normal value,0,Units,0,Zero
DATAFLOW,OECD.ELS.SAE:DSD_EARNINGS@AV_AN_WAGE(1.0),Average annual wages,I,AUT,Austria,WG,Wages,USD_PPP,"US dollars, PPP converted",A,Annual,Q,Constant prices,MEAN,Mean,_Z,Not applicable,2013,,73431.455,,2025,,A,Normal value,0,Units,0,Zero
DATAFLOW,OECD.ELS.SAE:DSD_EARNINGS@AV_AN_WAGE(1.0),Average annual wages,I,AUT,Austria,WG,Wages,USD_PPP,"US dollars, PPP converted",A,Annual,Q,Constant prices,MEAN,Mean,_Z,Not applicable,2014,,73657.774,,2025,,A,Normal value,0,Units,0,Zero
DATAFLOW,OECD.ELS.SAE:DSD_EARNINGS@AV_AN_WAGE(1.0),Average annual wages,I,AUT,Austria,WG,Wages,USD_PPP,"US dollars, PPP converted",A,Annual,Q,Constant prices,MEAN,Mean,_Z,Not applicable,2015,,74198.087,,2025,,A,Normal value,0,Units,0,Zero
DATAFLOW,OECD.ELS.SAE:DSD_EARNINGS@AV_AN_WAGE(1.0),Average annual wages,I,AUT,Austria,WG,Wages,USD_PPP,"US dollars, PPP converted",A,Annual,Q,Constant prices,MEAN,Mean,_Z,Not applicable,2016,,75002.221,,2025,,A,Normal value,0,Units,0,Zero
DATAFLOW,OECD.ELS.SAE:DSD_EARNINGS@AV_AN_WAGE(1.0),Average annual wages,I,AUT,Austria,WG,Wages,USD_PPP,"US dollars, PPP converted",A,Annual,Q,Constant prices,MEAN,Mean,_Z,Not applicable,2017,,74838.571,,2025,,A,Normal value,0,Units,0,Zero
DATAFLOW,OECD.ELS.SAE:DSD_EARNINGS@AV_AN_WAGE(1.0),Average annual wages,I,AUT,Austria,WG,Wages,USD_PPP,"US dollars, PPP converted",A,Annual,Q,Constant prices,MEAN,Mean,_Z,Not applicable,2018,,74900.344,,2025,,A,Normal value,0,Units,0,Zero
DATAFLOW,OECD.ELS.SAE:DSD_EARNINGS@AV_AN_WAGE(1.0),Average annual wages,I,AUT,Austria,WG,Wages,USD_PPP,"US dollars, PPP converted",A,Annual,Q,Constant prices,MEAN,Mean,_Z,Not applicable,2019,,75546.897,,2025,,A,Normal value,0,Units,0,Zero
DATAFLOW,OECD.ELS.SAE:DSD_EARNINGS@AV_AN_WAGE(1.0),Average annual wages,I,AUT,Austria,WG,Wages,USD_PPP,"US dollars, PPP converted",A,Annual,Q,Constant prices,MEAN,Mean,_Z,Not applicable,2020,,75824.317,,2025,,A,Normal value,0,Units,0,Zero
DATAFLOW,OECD.ELS.SAE:DSD_EARNINGS@AV_AN_WAGE(1.0),Average annual wages,I,AUT,Austria,WG,Wages,USD_PPP,"US dollars, PPP converted",A,Annual,Q,Constant prices,MEAN,Mean,_Z,Not applicable,2021,,77269.98,,2025,,A,Normal value,0,Units,0,Zero
DATAFLOW,OECD.ELS.SAE:DSD_EARNINGS@AV_AN_WAGE(1.0),Average annual wages,I,AUT,Austria,WG,Wages,USD_PPP,"US dollars, PPP converted",A,Annual,Q,Constant prices,MEAN,Mean,_Z,Not applicable,2022,,75302.977,,2025,,A,Normal value,0,Units,0,Zero
DATAFLOW,OECD.ELS.SAE:DSD_EARNINGS@AV_AN_WAGE(1.0),Average annual wages,I,AUT,Austria,WG,Wages,USD_PPP,"US dollars, PPP converted",A,Annual,Q,Constant prices,MEAN,Mean,_Z,Not applicable,2023,,74673.162,,2025,,A,Normal value,0,Units,0,Zero
DATAFLOW,OECD.ELS.SAE:DSD_EARNINGS@AV_AN_WAGE(1.0),Average annual wages,I,AUT,Austria,WG,Wages,USD_PPP,"US dollars, PPP converted",A,Annual,Q,Constant prices,MEAN,Mean,_Z,Not applicable,2024,,77703.016,,2025,,A,Normal value,0,Units,0,Zero
DATAFLOW,OECD.ELS.SAE:DSD_EARNINGS@AV_AN_WAGE(1.0),Average annual wages,I,AUT,Austria,WG,Wages,USD_PPP,"US dollars, PPP converted",A,Annual,Q,Constant prices,MEAN,Mean,_Z,Not applicable,2025,,78301.337,,2025,,A,Normal value,0,Units,0,Zero
DATAFLOW,OECD.ELS.SAE:DSD_EARNINGS@AV_AN_WAGE(1.0),Average annual wages,I,BEL,Belgium,WG,Wages,USD_PPP,"US dollars, PPP converted",A,Annual,Q,Constant prices,MEAN,Mean,_Z,Not applicable,1990,,59719.089,,2025,,A,Normal value,0,Units,0,Zero
DATAFLOW,OECD.ELS.SAE:DSD_EARNINGS@AV_AN_WAGE(1.0),Average annual wages,I,BEL,Belgium,WG,Wages,USD_PPP,"US dollars, PPP converted",A,Annual,Q,Constant prices,MEAN,Mean,_Z,Not applicable,1991,,62342.469,,2025,,A,Normal value,0,Units,0,Zero
DATAFLOW,OECD.ELS.SAE:DSD_EARNINGS@AV_AN_WAGE(1.0),Average annual wages,I,BEL,Belgium,WG,Wages,USD_PPP,"US dollars, PPP converted",A,Annual,Q,Constant prices,MEAN,Mean,_Z,Not applicable,1992,,64341.535,,2025,,A,Normal value,0,Units,0,Zero
DATAFLOW,OECD.ELS.SAE:DSD_EARNINGS@AV_AN_WAGE(1.0),Average annual wages,I,BEL,Belgium,WG,Wages,USD_PPP,"US dollars, PPP converted",A,Annual,Q,Constant prices,MEAN,Mean,_Z,Not applicable,1993,,65693.895,,2025,,A,Normal value,0,Units,0,Zero
DATAFLOW,OECD.ELS.SAE:DSD_EARNINGS@AV_AN_WAGE(1.0),Average annual wages,I,BEL,Belgium,WG,Wages,USD_PPP,"US dollars, PPP converted",A,Annual,Q,Constant prices,MEAN,Mean,_Z,Not applicable,1994,,66968.462,,2025,,A,Normal value,0,Units,0,Zero
DATAFLOW,OECD.ELS.SAE:DSD_EARNINGS@AV_AN_WAGE(1.0),Average annual wages,I,BEL,Belgium,WG,Wages,USD_PPP,"US dollars, PPP converted",A,Annual,Q,Constant prices,MEAN,Mean,_Z,Not applicable,1995,,66740.605,,2025,,A,Normal value,0,Units,0,Zero
DATAFLOW,OECD.ELS.SAE:DSD_EARNINGS@AV_AN_WAGE(1.0),Average annual wages,I,BEL,Belgium,WG,Wages,USD_PPP,"US dollars, PPP converted",A,Annual,Q,Constant prices,MEAN,Mean,_Z,Not applicable,1996,,67596.828,,2025,,A,Normal value,0,Units,0,Zero
DATAFLOW,OECD.ELS.SAE:DSD_EARNINGS@AV_AN_WAGE(1.0),Average annual wages,I,BEL,Belgium,WG,Wages,USD_PPP,"US dollars, PPP converted",A,Annual,Q,Constant prices,MEAN,Mean,_Z,Not applicable,1997,,68434.418,,2025,,A,Normal value,0,Units,0,Zero
DATAFLOW,OECD.ELS.SAE:DSD_EARNINGS@AV_AN_WAGE(1.0),Average annual wages,I,BEL,Belgium,WG,Wages,USD_PPP,"US dollars, PPP converted",A,Annual,Q,Constant prices,MEAN,Mean,_Z,Not applicable,1998,,68514.908,,2025,,A,Normal value,0,Units,0,Zero
DATAFLOW,OECD.ELS.SAE:DSD_EARNINGS@AV_AN_WAGE(1.0),Average annual wages,I,BEL,Belgium,WG,Wages,USD_PPP,"US dollars, PPP converted",A,Annual,Q,Constant prices,MEAN,Mean,_Z,Not applicable,1999,,72302.384,,2025,,A,Normal value,0,Units,0,Zero
DATAFLOW,OECD.ELS.SAE:DSD_EARNINGS@AV_AN_WAGE(1.0),Average annual wages,I,BEL,Belgium,WG,Wages,USD_PPP,"US dollars, PPP converted",A,Annual,Q,Constant prices,MEAN,Mean,_Z,Not applicable,2000,,71615.497,,2025,,A,Normal value,0,Units,0,Zero
DATAFLOW,OECD.ELS.SAE:DSD_EARNINGS@AV_AN_WAGE(1.0),Average annual wages,I,BEL,Belgium,WG,Wages,USD_PPP,"US dollars, PPP converted",A,Annual,Q,Constant prices,MEAN,Mean,_Z,Not applicable,2001,,71873.122,,2025,,A,Normal value,0,Units,0,Zero
DATAFLOW,OECD.ELS.SAE:DSD_EARNINGS@AV_AN_WAGE(1.0),Average annual wages,I,BEL,Belgium,WG,Wages,USD_PPP,"US dollars, PPP converted",A,Annual,Q,Constant prices,MEAN,Mean,_Z,Not applicable,2002,,73730.817,,2025,,A,Normal value,0,Units,0,Zero
DATAFLOW,OECD.ELS.SAE:DSD_EARNINGS@AV_AN_WAGE(1.0),Average annual wages,I,BEL,Belgium,WG,Wages,USD_PPP,"US dollars, PPP converted",A,Annual,Q,Constant prices,MEAN,Mean,_Z,Not applicable,2003,,74153.39,,2025,,A,Normal value,0,Units,0,Zero
DATAFLOW,OECD.ELS.SAE:DSD_EARNINGS@AV_AN_WAGE(1.0),Average annual wages,I,BEL,Belgium,WG,Wages,USD_PPP,"US dollars, PPP converted",A,Annual,Q,Constant prices,MEAN,Mean,_Z,Not applicable,2004,,73794.634,,2025,,A,Normal value,0,Units,0,Zero
DATAFLOW,OECD.ELS.SAE:DSD_EARNINGS@AV_AN_WAGE(1.0),Average annual wages,I,BEL,Belgium,WG,Wages,USD_PPP,"US dollars, PPP converted",A,Annual,Q,Constant prices,MEAN,Mean,_Z,Not applicable,2005,,73041.818,,2025,,A,Normal value,0,Units,0,Zero
DATAFLOW,OECD.ELS.SAE:DSD_EARNINGS@AV_AN_WAGE(1.0),Average annual wages,I,BEL,Belgium,WG,Wages,USD_PPP,"US dollars, PPP converted",A,Annual,Q,Constant prices,MEAN,Mean,_Z,Not applicable,2006,,73563.12,,2025,,A,Normal value,0,Units,0,Zero
DATAFLOW,OECD.ELS.SAE:DSD_EARNINGS@AV_AN_WAGE(1.0),Average annual wages,I,BEL,Belgium,WG,Wages,USD_PPP,"US dollars, PPP converted",A,Annual,Q,Constant prices,MEAN,Mean,_Z,Not applicable,2007,,73436.988,,2025,,A,Normal value,0,Units,0,Zero
DATAFLOW,OECD.ELS.SAE:DSD_EARNINGS@AV_AN_WAGE(1.0),Average annual wages,I,BEL,Belgium,WG,Wages,USD_PPP,"US dollars, PPP converted",A,Annual,Q,Constant prices,MEAN,Mean,_Z,Not applicable,2008,,73748.453,,2025,,A,Normal value,0,Units,0,Zero
DATAFLOW,OECD.ELS.SAE:DSD_EARNINGS@AV_AN_WAGE(1.0),Average annual wages,I,BEL,Belgium,WG,Wages,USD_PPP,"US dollars, PPP converted",A,Annual,Q,Constant prices,MEAN,Mean,_Z,Not applicable,2009,,74647.316,,2025,,A,Normal value,0,Units,0,Zero
DATAFLOW,OECD.ELS.SAE:DSD_EARNINGS@AV_AN_WAGE(1.0),Average annual wages,I,BEL,Belgium,WG,Wages,USD_PPP,"US dollars, PPP converted",A,Annual,Q,Constant prices,MEAN,Mean,_Z,Not applicable,2010,,74388.617,,2025,,A,Normal value,0,Units,0,Zero
DATAFLOW,OECD.ELS.SAE:DSD_EARNINGS@AV_AN_WAGE(1.0),Average annual wages,I,BEL,Belgium,WG,Wages,USD_PPP,"US dollars, PPP converted",A,Annual,Q,Constant prices,MEAN,Mean,_Z,Not applicable,2011,,75346.992,,2025,,A,Normal value,0,Units,0,Zero
DATAFLOW,OECD.ELS.SAE:DSD_EARNINGS@AV_AN_WAGE(1.0),Average annual wages,I,BEL,Belgium,WG,Wages,USD_PPP,"US dollars, PPP converted",A,Annual,Q,Constant prices,MEAN,Mean,_Z,Not applicable,2012,,75911.132,,2025,,A,Normal value,0,Units,0,Zero
DATAFLOW,OECD.ELS.SAE:DSD_EARNINGS@AV_AN_WAGE(1.0),Average annual wages,I,BEL,Belgium,WG,Wages,USD_PPP,"US dollars, PPP converted",A,Annual,Q,Constant prices,MEAN,Mean,_Z,Not applicable,2013,,76727.772,,2025,,A,Normal value,0,Units,0,Zero
DATAFLOW,OECD.ELS.SAE:DSD_EARNINGS@AV_AN_WAGE(1.0),Average annual wages,I,BEL,Belgium,WG,Wages,USD_PPP,"US dollars, PPP converted",A,Annual,Q,Constant prices,MEAN,Mean,_Z,Not applicable,2014,,77097.112,,2025,,A,Normal value,0,Units,0,Zero
DATAFLOW,OECD.ELS.SAE:DSD_EARNINGS@AV_AN_WAGE(1.0),Average annual wages,I,BEL,Belgium,WG,Wages,USD_PPP,"US dollars, PPP converted",A,Annual,Q,Constant prices,MEAN,Mean,_Z,Not applicable,2015,,76730.684,,2025,,A,Normal value,0,Units,0,Zero
DATAFLOW,OECD.ELS.SAE:DSD_EARNINGS@AV_AN_WAGE(1.0),Average annual wages,I,BEL,Belgium,WG,Wages,USD_PPP,"US dollars, PPP converted",A,Annual,Q,Constant prices,MEAN,Mean,_Z,Not applicable,2016,,77106.372,,2025,,A,Normal value,0,Units,0,Zero
DATAFLOW,OECD.ELS.SAE:DSD_EARNINGS@AV_AN_WAGE(1.0),Average annual wages,I,BEL,Belgium,WG,Wages,USD_PPP,"US dollars, PPP converted",A,Annual,Q,Constant prices,MEAN,Mean,_Z,Not applicable,2017,,76482.335,,2025,,A,Normal value,0,Units,0,Zero
DATAFLOW,OECD.ELS.SAE:DSD_EARNINGS@AV_AN_WAGE(1.0),Average annual wages,I,BEL,Belgium,WG,Wages,USD_PPP,"US dollars, PPP converted",A,Annual,Q,Constant prices,MEAN,Mean,_Z,Not applicable,2018,,76861.765,,2025,,A,Normal value,0,Units,0,Zero
DATAFLOW,OECD.ELS.SAE:DSD_EARNINGS@AV_AN_WAGE(1.0),Average annual wages,I,BEL,Belgium,WG,Wages,USD_PPP,"US dollars, PPP converted",A,Annual,Q,Constant prices,MEAN,Mean,_Z,Not applicable,2019,,77530.415,,2025,,A,Normal value,0,Units,0,Zero
DATAFLOW,OECD.ELS.SAE:DSD_EARNINGS@AV_AN_WAGE(1.0),Average annual wages,I,BEL,Belgium,WG,Wages,USD_PPP,"US dollars, PPP converted",A,Annual,Q,Constant prices,MEAN,Mean,_Z,Not applicable,2020,,75470.615,,2025,,A,Normal value,0,Units,0,Zero
DATAFLOW,OECD.ELS.SAE:DSD_EARNINGS@AV_AN_WAGE(1.0),Average annual wages,I,BEL,Belgium,WG,Wages,USD_PPP,"US dollars, PPP converted",A,Annual,Q,Constant prices,MEAN,Mean,_Z,Not applicable,2021,,78225.571,,2025,,A,Normal value,0,Units,0,Zero
DATAFLOW,OECD.ELS.SAE:DSD_EARNINGS@AV_AN_WAGE(1.0),Average annual wages,I,BEL,Belgium,WG,Wages,USD_PPP,"US dollars, PPP converted",A,Annual,Q,Constant prices,MEAN,Mean,_Z,Not applicable,2022,,76345.885,,2025,,A,Normal value,0,Units,0,Zero
DATAFLOW,OECD.ELS.SAE:DSD_EARNINGS@AV_AN_WAGE(1.0),Average annual wages,I,BEL,Belgium,WG,Wages,USD_PPP,"US dollars, PPP converted",A,Annual,Q,Constant prices,MEAN,Mean,_Z,Not applicable,2023,,77456.239,,2025,,A,Normal value,0,Units,0,Zero
DATAFLOW,OECD.ELS.SAE:DSD_EARNINGS@AV_AN_WAGE(1.0),Average annual wages,I,BEL,Belgium,WG,Wages,USD_PPP,"US dollars, PPP converted",A,Annual,Q,Constant prices,MEAN,Mean,_Z,Not applicable,2024,,78614.158,,2025,,A,Normal value,0,Units,0,Zero
DATAFLOW,OECD.ELS.SAE:DSD_EARNINGS@AV_AN_WAGE(1.0),Average annual wages,I,BEL,Belgium,WG,Wages,USD_PPP,"US dollars, PPP converted",A,Annual,Q,Constant prices,MEAN,Mean,_Z,Not applicable,2025,,80008.652,,2025,,A,Normal value,0,Units,0,Zero
DATAFLOW,OECD.ELS.SAE:DSD_EARNINGS@AV_AN_WAGE(1.0),Average annual wages,I,CAN,Canada,WG,Wages,USD_PPP,"US dollars, PPP converted",A,Annual,Q,Constant prices,MEAN,Mean,_Z,Not applicable,1990,,49252.332,,2025,,A,Normal value,0,Units,0,Zero
DATAFLOW,OECD.ELS.SAE:DSD_EARNINGS@AV_AN_WAGE(1.0),Average annual wages,I,CAN,Canada,WG,Wages,USD_PPP,"US dollars, PPP converted",A,Annual,Q,Constant prices,MEAN,Mean,_Z,Not applicable,1991,,49438.258,,2025,,A,Normal value,0,Units,0,Zero
DATAFLOW,OECD.ELS.SAE:DSD_EARNINGS@AV_AN_WAGE(1.0),Average annual wages,I,CAN,Canada,WG,Wages,USD_PPP,"US dollars, PPP converted",A,Annual,Q,Constant prices,MEAN,Mean,_Z,Not applicable,1992,,50159.97,,2025,,A,Normal value,0,Units,0,Zero
DATAFLOW,OECD.ELS.SAE:DSD_EARNINGS@AV_AN_WAGE(1.0),Average annual wages,I,CAN,Canada,WG,Wages,USD_PPP,"US dollars, PPP converted",A,Annual,Q,Constant prices,MEAN,Mean,_Z,Not applicable,1993,,50051.322,,2025,,A,Normal value,0,Units,0,Zero
DATAFLOW,OECD.ELS.SAE:DSD_EARNINGS@AV_AN_WAGE(1.0),Average annual wages,I,CAN,Canada,WG,Wages,USD_PPP,"US dollars, PPP converted",A,Annual,Q,Constant prices,MEAN,Mean,_Z,Not applicable,1994,,49482.486,,2025,,A,Normal value,0,Units,0,Zero
DATAFLOW,OECD.ELS.SAE:DSD_EARNINGS@AV_AN_WAGE(1.0),Average annual wages,I,CAN,Canada,WG,Wages,USD_PPP,"US dollars, PPP converted",A,Annual,Q,Constant prices,MEAN,Mean,_Z,Not applicable,1995,,49371.74,,2025,,A,Normal value,0,Units,0,Zero
DATAFLOW,OECD.ELS.SAE:DSD_EARNINGS@AV_AN_WAGE(1.0),Average annual wages,I,CAN,Canada,WG,Wages,USD_PPP,"US dollars, PPP converted",A,Annual,Q,Constant prices,MEAN,Mean,_Z,Not applicable,1996,,49809.689,,2025,,A,Normal value,0,Units,0,Zero
DATAFLOW,OECD.ELS.SAE:DSD_EARNINGS@AV_AN_WAGE(1.0),Average annual wages,I,CAN,Canada,WG,Wages,USD_PPP,"US dollars, PPP converted",A,Annual,Q,Constant prices,MEAN,Mean,_Z,Not applicable,1997,,51334.611,,2025,,A,Normal value,0,Units,0,Zero
DATAFLOW,OECD.ELS.SAE:DSD_EARNINGS@AV_AN_WAGE(1.0),Average annual wages,I,CAN,Canada,WG,Wages,USD_PPP,"US dollars, PPP converted",A,Annual,Q,Constant prices,MEAN,Mean,_Z,Not applicable,1998,,52196.378,,2025,,A,Normal value,0,Units,0,Zero
DATAFLOW,OECD.ELS.SAE:DSD_EARNINGS@AV_AN_WAGE(1.0),Average annual wages,I,CAN,Canada,WG,Wages,USD_PPP,"US dollars, PPP converted",A,Annual,Q,Constant prices,MEAN,Mean,_Z,Not applicable,1999,,52620.625,,2025,,A,Normal value,0,Units,0,Zero
DATAFLOW,OECD.ELS.SAE:DSD_EARNINGS@AV_AN_WAGE(1.0),Average annual wages,I,CAN,Canada,WG,Wages,USD_PPP,"US dollars, PPP converted",A,Annual,Q,Constant prices,MEAN,Mean,_Z,Not applicable,2000,,54216.151,,2025,,A,Normal value,0,Units,0,Zero
DATAFLOW,OECD.ELS.SAE:DSD_EARNINGS@AV_AN_WAGE(1.0),Average annual wages,I,CAN,Canada,WG,Wages,USD_PPP,"US dollars, PPP converted",A,Annual,Q,Constant prices,MEAN,Mean,_Z,Not applicable,2001,,53993.002,,2025,,A,Normal value,0,Units,0,Zero
DATAFLOW,OECD.ELS.SAE:DSD_EARNINGS@AV_AN_WAGE(1.0),Average annual wages,I,CAN,Canada,WG,Wages,USD_PPP,"US dollars, PPP converted",A,Annual,Q,Constant prices,MEAN,Mean,_Z,Not applicable,2002,,53557.822,,2025,,A,Normal value,0,Units,0,Zero
DATAFLOW,OECD.ELS.SAE:DSD_EARNINGS@AV_AN_WAGE(1.0),Average annual wages,I,CAN,Canada,WG,Wages,USD_PPP,"US dollars, PPP converted",A,Annual,Q,Constant prices,MEAN,Mean,_Z,Not applicable,2003,,53574.389,,2025,,A,Normal value,0,Units,0,Zero
DATAFLOW,OECD.ELS.SAE:DSD_EARNINGS@AV_AN_WAGE(1.0),Average annual wages,I,CAN,Canada,WG,Wages,USD_PPP,"US dollars, PPP converted",A,Annual,Q,Constant prices,MEAN,Mean,_Z,Not applicable,2004,,54731.911,,2025,,A,Normal value,0,Units,0,Zero
DATAFLOW,OECD.ELS.SAE:DSD_EARNINGS@AV_AN_WAGE(1.0),Average annual wages,I,CAN,Canada,WG,Wages,USD_PPP,"US dollars, PPP converted",A,Annual,Q,Constant prices,MEAN,Mean,_Z,Not applicable,2005,,56312.842,,2025,,A,Normal value,0,Units,0,Zero
DATAFLOW,OECD.ELS.SAE:DSD_EARNINGS@AV_AN_WAGE(1.0),Average annual wages,I,CAN,Canada,WG,Wages,USD_PPP,"US dollars, PPP converted",A,Annual,Q,Constant prices,MEAN,Mean,_Z,Not applicable,2006,,58027.665,,2025,,A,Normal value,0,Units,0,Zero
DATAFLOW,OECD.ELS.SAE:DSD_EARNINGS@AV_AN_WAGE(1.0),Average annual wages,I,CAN,Canada,WG,Wages,USD_PPP,"US dollars, PPP converted",A,Annual,Q,Constant prices,MEAN,Mean,_Z,Not applicable,2007,,59577.297,,2025,,A,Normal value,0,Units,0,Zero
DATAFLOW,OECD.ELS.SAE:DSD_EARNINGS@AV_AN_WAGE(1.0),Average annual wages,I,CAN,Canada,WG,Wages,USD_PPP,"US dollars, PPP converted",A,Annual,Q,Constant prices,MEAN,Mean,_Z,Not applicable,2008,,60621.31,,2025,,A,Normal value,0,Units,0,Zero
DATAFLOW,OECD.ELS.SAE:DSD_EARNINGS@AV_AN_WAGE(1.0),Average annual wages,I,CAN,Canada,WG,Wages,USD_PPP,"US dollars, PPP converted",A,Annual,Q,Constant prices,MEAN,Mean,_Z,Not applicable,2009,,61019.493,,2025,,A,Normal value,0,Units,0,Zero
DATAFLOW,OECD.ELS.SAE:DSD_EARNINGS@AV_AN_WAGE(1.0),Average annual wages,I,CAN,Canada,WG,Wages,USD_PPP,"US dollars, PPP converted",A,Annual,Q,Constant prices,MEAN,Mean,_Z,Not applicable,2010,,61126.935,,2025,,A,Normal value,0,Units,0,Zero
DATAFLOW,OECD.ELS.SAE:DSD_EARNINGS@AV_AN_WAGE(1.0),Average annual wages,I,CAN,Canada,WG,Wages,USD_PPP,"US dollars, PPP converted",A,Annual,Q,Constant prices,MEAN,Mean,_Z,Not applicable,2011,,61947.466,,2025,,A,Normal value,0,Units,0,Zero
DATAFLOW,OECD.ELS.SAE:DSD_EARNINGS@AV_AN_WAGE(1.0),Average annual wages,I,CAN,Canada,WG,Wages,USD_PPP,"US dollars, PPP converted",A,Annual,Q,Constant prices,MEAN,Mean,_Z,Not applicable,2012,,62788.238,,2025,,A,Normal value,0,Units,0,Zero
DATAFLOW,OECD.ELS.SAE:DSD_EARNINGS@AV_AN_WAGE(1.0),Average annual wages,I,CAN,Canada,WG,Wages,USD_PPP,"US dollars, PPP converted",A,Annual,Q,Constant prices,MEAN,Mean,_Z,Not applicable,2013,,63427.514,,2025,,A,Normal value,0,Units,0,Zero
DATAFLOW,OECD.ELS.SAE:DSD_EARNINGS@AV_AN_WAGE(1.0),Average annual wages,I,CAN,Canada,WG,Wages,USD_PPP,"US dollars, PPP converted",A,Annual,Q,Constant prices,MEAN,Mean,_Z,Not applicable,2014,,64161.792,,2025,,A,Normal value,0,Units,0,Zero
DATAFLOW,OECD.ELS.SAE:DSD_EARNINGS@AV_AN_WAGE(1.0),Average annual wages,I,CAN,Canada,WG,Wages,USD_PPP,"US dollars, PPP converted",A,Annual,Q,Constant prices,MEAN,Mean,_Z,Not applicable,2015,,64666.732,,2025,,A,Normal value,0,Units,0,Zero
DATAFLOW,OECD.ELS.SAE:DSD_EARNINGS@AV_AN_WAGE(1.0),Average annual wages,I,CAN,Canada,WG,Wages,USD_PPP,"US dollars, PPP converted",A,Annual,Q,Constant prices,MEAN,Mean,_Z,Not applicable,2016,,63420.973,,2025,,A,Normal value,0,Units,0,Zero
DATAFLOW,OECD.ELS.SAE:DSD_EARNINGS@AV_AN_WAGE(1.0),Average annual wages,I,CAN,Canada,WG,Wages,USD_PPP,"US dollars, PPP converted",A,Annual,Q,Constant prices,MEAN,Mean,_Z,Not applicable,2017,,64442.524,,2025,,A,Normal value,0,Units,0,Zero
DATAFLOW,OECD.ELS.SAE:DSD_EARNINGS@AV_AN_WAGE(1.0),Average annual wages,I,CAN,Canada,WG,Wages,USD_PPP,"US dollars, PPP converted",A,Annual,Q,Constant prices,MEAN,Mean,_Z,Not applicable,2018,,65596.031,,2025,,A,Normal value,0,Units,0,Zero
DATAFLOW,OECD.ELS.SAE:DSD_EARNINGS@AV_AN_WAGE(1.0),Average annual wages,I,CAN,Canada,WG,Wages,USD_PPP,"US dollars, PPP converted",A,Annual,Q,Constant prices,MEAN,Mean,_Z,Not applicable,2019,,65969.788,,2025,,A,Normal value,0,Units,0,Zero
DATAFLOW,OECD.ELS.SAE:DSD_EARNINGS@AV_AN_WAGE(1.0),Average annual wages,I,CAN,Canada,WG,Wages,USD_PPP,"US dollars, PPP converted",A,Annual,Q,Constant prices,MEAN,Mean,_Z,Not applicable,2020,,68085.984,,2025,,A,Normal value,0,Units,0,Zero
DATAFLOW,OECD.ELS.SAE:DSD_EARNINGS@AV_AN_WAGE(1.0),Average annual wages,I,CAN,Canada,WG,Wages,USD_PPP,"US dollars, PPP converted",A,Annual,Q,Constant prices,MEAN,Mean,_Z,Not applicable,2021,,68433.651,,2025,,A,Normal value,0,Units,0,Zero
DATAFLOW,OECD.ELS.SAE:DSD_EARNINGS@AV_AN_WAGE(1.0),Average annual wages,I,CAN,Canada,WG,Wages,USD_PPP,"US dollars, PPP converted",A,Annual,Q,Constant prices,MEAN,Mean,_Z,Not applicable,2022,,67333.781,,2025,,A,Normal value,0,Units,0,Zero
DATAFLOW,OECD.ELS.SAE:DSD_EARNINGS@AV_AN_WAGE(1.0),Average annual wages,I,CAN,Canada,WG,Wages,USD_PPP,"US dollars, PPP converted",A,Annual,Q,Constant prices,MEAN,Mean,_Z,Not applicable,2023,,67036.17,,2025,,A,Normal value,0,Units,0,Zero
DATAFLOW,OECD.ELS.SAE:DSD_EARNINGS@AV_AN_WAGE(1.0),Average annual wages,I,CAN,Canada,WG,Wages,USD_PPP,"US dollars, PPP converted",A,Annual,Q,Constant prices,MEAN,Mean,_Z,Not applicable,2024,,67767.556,,2025,,A,Normal value,0,Units,0,Zero
DATAFLOW,OECD.ELS.SAE:DSD_EARNINGS@AV_AN_WAGE(1.0),Average annual wages,I,CAN,Canada,WG,Wages,USD_PPP,"US dollars, PPP converted",A,Annual,Q,Constant prices,MEAN,Mean,_Z,Not applicable,2025,,67900.601,,2025,,A,Normal value,0,Units,0,Zero
DATAFLOW,OECD.ELS.SAE:DSD_EARNINGS@AV_AN_WAGE(1.0),Average annual wages,I,CHL,Chile,WG,Wages,USD_PPP,"US dollars, PPP converted",A,Annual,Q,Constant prices,MEAN,Mean,_Z,Not applicable,1995,,17383,,2025,,A,Normal value,0,Units,0,Zero
DATAFLOW,OECD.ELS.SAE:DSD_EARNINGS@AV_AN_WAGE(1.0),Average annual wages,I,CHL,Chile,WG,Wages,USD_PPP,"US dollars, PPP converted",A,Annual,Q,Constant prices,MEAN,Mean,_Z,Not applicable,1996,,21682.931,,2025,,A,Normal value,0,Units,0,Zero
DATAFLOW,OECD.ELS.SAE:DSD_EARNINGS@AV_AN_WAGE(1.0),Average annual wages,I,CHL,Chile,WG,Wages,USD_PPP,"US dollars, PPP converted",A,Annual,Q,Constant prices,MEAN,Mean,_Z,Not applicable,1997,,23141.081,,2025,,A,Normal value,0,Units,0,Zero
DATAFLOW,OECD.ELS.SAE:DSD_EARNINGS@AV_AN_WAGE(1.0),Average annual wages,I,CHL,Chile,WG,Wages,USD_PPP,"US dollars, PPP converted",A,Annual,Q,Constant prices,MEAN,Mean,_Z,Not applicable,1998,,24115.258,,2025,,A,Normal value,0,Units,0,Zero
DATAFLOW,OECD.ELS.SAE:DSD_EARNINGS@AV_AN_WAGE(1.0),Average annual wages,I,CHL,Chile,WG,Wages,USD_PPP,"US dollars, PPP converted",A,Annual,Q,Constant prices,MEAN,Mean,_Z,Not applicable,1999,,25465.737,,2025,,A,Normal value,0,Units,0,Zero
DATAFLOW,OECD.ELS.SAE:DSD_EARNINGS@AV_AN_WAGE(1.0),Average annual wages,I,CHL,Chile,WG,Wages,USD_PPP,"US dollars, PPP converted",A,Annual,Q,Constant prices,MEAN,Mean,_Z,Not applicable,2000,,25513.775,,2025,,A,Normal value,0,Units,0,Zero
DATAFLOW,OECD.ELS.SAE:DSD_EARNINGS@AV_AN_WAGE(1.0),Average annual wages,I,CHL,Chile,WG,Wages,USD_PPP,"US dollars, PPP converted",A,Annual,Q,Constant prices,MEAN,Mean,_Z,Not applicable,2001,,26507.365,,2025,,A,Normal value,0,Units,0,Zero
DATAFLOW,OECD.ELS.SAE:DSD_EARNINGS@AV_AN_WAGE(1.0),Average annual wages,I,CHL,Chile,WG,Wages,USD_PPP,"US dollars, PPP converted",A,Annual,Q,Constant prices,MEAN,Mean,_Z,Not applicable,2002,,26856.253,,2025,,A,Normal value,0,Units,0,Zero
DATAFLOW,OECD.ELS.SAE:DSD_EARNINGS@AV_AN_WAGE(1.0),Average annual wages,I,CHL,Chile,WG,Wages,USD_PPP,"US dollars, PPP converted",A,Annual,Q,Constant prices,MEAN,Mean,_Z,Not applicable,2003,,27287.479,,2025,,A,Normal value,0,Units,0,Zero
DATAFLOW,OECD.ELS.SAE:DSD_EARNINGS@AV_AN_WAGE(1.0),Average annual wages,I,CHL,Chile,WG,Wages,USD_PPP,"US dollars, PPP converted",A,Annual,Q,Constant prices,MEAN,Mean,_Z,Not applicable,2004,,26905.088,,2025,,A,Normal value,0,Units,0,Zero
DATAFLOW,OECD.ELS.SAE:DSD_EARNINGS@AV_AN_WAGE(1.0),Average annual wages,I,CHL,Chile,WG,Wages,USD_PPP,"US dollars, PPP converted",A,Annual,Q,Constant prices,MEAN,Mean,_Z,Not applicable,2005,,26746.329,,2025,,A,Normal value,0,Units,0,Zero
DATAFLOW,OECD.ELS.SAE:DSD_EARNINGS@AV_AN_WAGE(1.0),Average annual wages,I,CHL,Chile,WG,Wages,USD_PPP,"US dollars, PPP converted",A,Annual,Q,Constant prices,MEAN,Mean,_Z,Not applicable,2006,,27747.499,,2025,,A,Normal value,0,Units,0,Zero
DATAFLOW,OECD.ELS.SAE:DSD_EARNINGS@AV_AN_WAGE(1.0),Average annual wages,I,CHL,Chile,WG,Wages,USD_PPP,"US dollars, PPP converted",A,Annual,Q,Constant prices,MEAN,Mean,_Z,Not applicable,2007,,28584.885,,2025,,A,Normal value,0,Units,0,Zero
DATAFLOW,OECD.ELS.SAE:DSD_EARNINGS@AV_AN_WAGE(1.0),Average annual wages,I,CHL,Chile,WG,Wages,USD_PPP,"US dollars, PPP converted",A,Annual,Q,Constant prices,MEAN,Mean,_Z,Not applicable,2008,,29403.347,,2025,,A,Normal value,0,Units,0,Zero
DATAFLOW,OECD.ELS.SAE:DSD_EARNINGS@AV_AN_WAGE(1.0),Average annual wages,I,CHL,Chile,WG,Wages,USD_PPP,"US dollars, PPP converted",A,Annual,Q,Constant prices,MEAN,Mean,_Z,Not applicable,2009,,32561.59,,2025,,A,Normal value,0,Units,0,Zero
DATAFLOW,OECD.ELS.SAE:DSD_EARNINGS@AV_AN_WAGE(1.0),Average annual wages,I,CHL,Chile,WG,Wages,USD_PPP,"US dollars, PPP converted",A,Annual,Q,Constant prices,MEAN,Mean,_Z,Not applicable,2010,,40295.768,,2025,,A,Normal value,0,Units,0,Zero
DATAFLOW,OECD.ELS.SAE:DSD_EARNINGS@AV_AN_WAGE(1.0),Average annual wages,I,CHL,Chile,WG,Wages,USD_PPP,"US dollars, PPP converted",A,Annual,Q,Constant prices,MEAN,Mean,_Z,Not applicable,2011,,41120.414,,2025,,A,Normal value,0,Units,0,Zero
DATAFLOW,OECD.ELS.SAE:DSD_EARNINGS@AV_AN_WAGE(1.0),Average annual wages,I,CHL,Chile,WG,Wages,USD_PPP,"US dollars, PPP converted",A,Annual,Q,Constant prices,MEAN,Mean,_Z,Not applicable,2012,,42212.383,,2025,,A,Normal value,0,Units,0,Zero
DATAFLOW,OECD.ELS.SAE:DSD_EARNINGS@AV_AN_WAGE(1.0),Average annual wages,I,CHL,Chile,WG,Wages,USD_PPP,"US dollars, PPP converted",A,Annual,Q,Constant prices,MEAN,Mean,_Z,Not applicable,2013,,43266.967,,2025,,A,Normal value,0,Units,0,Zero
DATAFLOW,OECD.ELS.SAE:DSD_EARNINGS@AV_AN_WAGE(1.0),Average annual wages,I,CHL,Chile,WG,Wages,USD_PPP,"US dollars, PPP converted",A,Annual,Q,Constant prices,MEAN,Mean,_Z,Not applicable,2014,,43735.217,,2025,,A,Normal value,0,Units,0,Zero
DATAFLOW,OECD.ELS.SAE:DSD_EARNINGS@AV_AN_WAGE(1.0),Average annual wages,I,CHL,Chile,WG,Wages,USD_PPP,"US dollars, PPP converted",A,Annual,Q,Constant prices,MEAN,Mean,_Z,Not applicable,2015,,43601.535,,2025,,A,Normal value,0,Units,0,Zero
DATAFLOW,OECD.ELS.SAE:DSD_EARNINGS@AV_AN_WAGE(1.0),Average annual wages,I,CHL,Chile,WG,Wages,USD_PPP,"US dollars, PPP converted",A,Annual,Q,Constant prices,MEAN,Mean,_Z,Not applicable,2016,,45670.488,,2025,,A,Normal value,0,Units,0,Zero
DATAFLOW,OECD.ELS.SAE:DSD_EARNINGS@AV_AN_WAGE(1.0),Average annual wages,I,CHL,Chile,WG,Wages,USD_PPP,"US dollars, PPP converted",A,Annual,Q,Constant prices,MEAN,Mean,_Z,Not applicable,2017,,44250.302,,2025,,A,Normal value,0,Units,0,Zero
DATAFLOW,OECD.ELS.SAE:DSD_EARNINGS@AV_AN_WAGE(1.0),Average annual wages,I,CHL,Chile,WG,Wages,USD_PPP,"US dollars, PPP converted",A,Annual,Q,Constant prices,MEAN,Mean,_Z,Not applicable,2018,,38284.197,,2025,,A,Normal value,0,Units,0,Zero
DATAFLOW,OECD.ELS.SAE:DSD_EARNINGS@AV_AN_WAGE(1.0),Average annual wages,I,CHL,Chile,WG,Wages,USD_PPP,"US dollars, PPP converted",A,Annual,Q,Constant prices,MEAN,Mean,_Z,Not applicable,2019,,38886.903,,2025,,A,Normal value,0,Units,0,Zero
DATAFLOW,OECD.ELS.SAE:DSD_EARNINGS@AV_AN_WAGE(1.0),Average annual wages,I,CHL,Chile,WG,Wages,USD_PPP,"US dollars, PPP converted",A,Annual,Q,Constant prices,MEAN,Mean,_Z,Not applicable,2020,,39080.768,,2025,,A,Normal value,0,Units,0,Zero
DATAFLOW,OECD.ELS.SAE:DSD_EARNINGS@AV_AN_WAGE(1.0),Average annual wages,I,CHL,Chile,WG,Wages,USD_PPP,"US dollars, PPP converted",A,Annual,Q,Constant prices,MEAN,Mean,_Z,Not applicable,2021,,41187.227,,2025,,A,Normal value,0,Units,0,Zero
DATAFLOW,OECD.ELS.SAE:DSD_EARNINGS@AV_AN_WAGE(1.0),Average annual wages,I,CHL,Chile,WG,Wages,USD_PPP,"US dollars, PPP converted",A,Annual,Q,Constant prices,MEAN,Mean,_Z,Not applicable,2022,,40103.221,,2025,,A,Normal value,0,Units,0,Zero
DATAFLOW,OECD.ELS.SAE:DSD_EARNINGS@AV_AN_WAGE(1.0),Average annual wages,I,CHL,Chile,WG,Wages,USD_PPP,"US dollars, PPP converted",A,Annual,Q,Constant prices,MEAN,Mean,_Z,Not applicable,2023,,40626.111,,2025,,A,Normal value,0,Units,0,Zero
DATAFLOW,OECD.ELS.SAE:DSD_EARNINGS@AV_AN_WAGE(1.0),Average annual wages,I,COL,Colombia,WG,Wages,USD_PPP,"US dollars, PPP converted",A,Annual,Q,Constant prices,MEAN,Mean,_Z,Not applicable,1995,,16614,,2025,,A,Normal value,0,Units,0,Zero
DATAFLOW,OECD.ELS.SAE:DSD_EARNINGS@AV_AN_WAGE(1.0),Average annual wages,I,COL,Colombia,WG,Wages,USD_PPP,"US dollars, PPP converted",A,Annual,Q,Constant prices,MEAN,Mean,_Z,Not applicable,2005,,21713.387,,2025,,A,Normal value,0,Units,0,Zero
DATAFLOW,OECD.ELS.SAE:DSD_EARNINGS@AV_AN_WAGE(1.0),Average annual wages,I,COL,Colombia,WG,Wages,USD_PPP,"US dollars, PPP converted",A,Annual,Q,Constant prices,MEAN,Mean,_Z,Not applicable,2006,,22510.015,,2025,,A,Normal value,0,Units,0,Zero
DATAFLOW,OECD.ELS.SAE:DSD_EARNINGS@AV_AN_WAGE(1.0),Average annual wages,I,COL,Colombia,WG,Wages,USD_PPP,"US dollars, PPP converted",A,Annual,Q,Constant prices,MEAN,Mean,_Z,Not applicable,2007,,23516.927,,2025,,A,Normal value,0,Units,0,Zero
DATAFLOW,OECD.ELS.SAE:DSD_EARNINGS@AV_AN_WAGE(1.0),Average annual wages,I,COL,Colombia,WG,Wages,USD_PPP,"US dollars, PPP converted",A,Annual,Q,Constant prices,MEAN,Mean,_Z,Not applicable,2008,,26070.634,,2025,,A,Normal value,0,Units,0,Zero
DATAFLOW,OECD.ELS.SAE:DSD_EARNINGS@AV_AN_WAGE(1.0),Average annual wages,I,COL,Colombia,WG,Wages,USD_PPP,"US dollars, PPP converted",A,Annual,Q,Constant prices,MEAN,Mean,_Z,Not applicable,2009,,27139.942,,2025,,A,Normal value,0,Units,0,Zero
DATAFLOW,OECD.ELS.SAE:DSD_EARNINGS@AV_AN_WAGE(1.0),Average annual wages,I,COL,Colombia,WG,Wages,USD_PPP,"US dollars, PPP converted",A,Annual,Q,Constant prices,MEAN,Mean,_Z,Not applicable,2010,,28087.48,,2025,,A,Normal value,0,Units,0,Zero
DATAFLOW,OECD.ELS.SAE:DSD_EARNINGS@AV_AN_WAGE(1.0),Average annual wages,I,COL,Colombia,WG,Wages,USD_PPP,"US dollars, PPP converted",A,Annual,Q,Constant prices,MEAN,Mean,_Z,Not applicable,2011,,28004.541,,2025,,A,Normal value,0,Units,0,Zero
DATAFLOW,OECD.ELS.SAE:DSD_EARNINGS@AV_AN_WAGE(1.0),Average annual wages,I,COL,Colombia,WG,Wages,USD_PPP,"US dollars, PPP converted",A,Annual,Q,Constant prices,MEAN,Mean,_Z,Not applicable,2012,,28722.04,,2025,,A,Normal value,0,Units,0,Zero
DATAFLOW,OECD.ELS.SAE:DSD_EARNINGS@AV_AN_WAGE(1.0),Average annual wages,I,COL,Colombia,WG,Wages,USD_PPP,"US dollars, PPP converted",A,Annual,Q,Constant prices,MEAN,Mean,_Z,Not applicable,2013,,29458.637,,2025,,A,Normal value,0,Units,0,Zero
DATAFLOW,OECD.ELS.SAE:DSD_EARNINGS@AV_AN_WAGE(1.0),Average annual wages,I,COL,Colombia,WG,Wages,USD_PPP,"US dollars, PPP converted",A,Annual,Q,Constant prices,MEAN,Mean,_Z,Not applicable,2014,,29442.631,,2025,,A,Normal value,0,Units,0,Zero
DATAFLOW,OECD.ELS.SAE:DSD_EARNINGS@AV_AN_WAGE(1.0),Average annual wages,I,COL,Colombia,WG,Wages,USD_PPP,"US dollars, PPP converted",A,Annual,Q,Constant prices,MEAN,Mean,_Z,Not applicable,2015,,29539.424,,2025,,A,Normal value,0,Units,0,Zero
DATAFLOW,OECD.ELS.SAE:DSD_EARNINGS@AV_AN_WAGE(1.0),Average annual wages,I,COL,Colombia,WG,Wages,USD_PPP,"US dollars, PPP converted",A,Annual,Q,Constant prices,MEAN,Mean,_Z,Not applicable,2016,,29209.657,,2025,,A,Normal value,0,Units,0,Zero
DATAFLOW,OECD.ELS.SAE:DSD_EARNINGS@AV_AN_WAGE(1.0),Average annual wages,I,COL,Colombia,WG,Wages,USD_PPP,"US dollars, PPP converted",A,Annual,Q,Constant prices,MEAN,Mean,_Z,Not applicable,2017,,30018.519,,2025,,A,Normal value,0,Units,0,Zero
DATAFLOW,OECD.ELS.SAE:DSD_EARNINGS@AV_AN_WAGE(1.0),Average annual wages,I,COL,Colombia,WG,Wages,USD_PPP,"US dollars, PPP converted",A,Annual,Q,Constant prices,MEAN,Mean,_Z,Not applicable,2018,,31170.005,,2025,,A,Normal value,0,Units,0,Zero
DATAFLOW,OECD.ELS.SAE:DSD_EARNINGS@AV_AN_WAGE(1.0),Average annual wages,I,COL,Colombia,WG,Wages,USD_PPP,"US dollars, PPP converted",A,Annual,Q,Constant prices,MEAN,Mean,_Z,Not applicable,2019,,31341.484,,2025,,A,Normal value,0,Units,0,Zero
DATAFLOW,OECD.ELS.SAE:DSD_EARNINGS@AV_AN_WAGE(1.0),Average annual wages,I,COL,Colombia,WG,Wages,USD_PPP,"US dollars, PPP converted",A,Annual,Q,Constant prices,MEAN,Mean,_Z,Not applicable,2020,,35658.775,,2025,,A,Normal value,0,Units,0,Zero
DATAFLOW,OECD.ELS.SAE:DSD_EARNINGS@AV_AN_WAGE(1.0),Average annual wages,I,COL,Colombia,WG,Wages,USD_PPP,"US dollars, PPP converted",A,Annual,Q,Constant prices,MEAN,Mean,_Z,Not applicable,2021,,32266.498,,2025,,A,Normal value,0,Units,0,Zero
DATAFLOW,OECD.ELS.SAE:DSD_EARNINGS@AV_AN_WAGE(1.0),Average annual wages,I,COL,Colombia,WG,Wages,USD_PPP,"US dollars, PPP converted",A,Annual,Q,Constant prices,MEAN,Mean,_Z,Not applicable,2022,,28981.458,,2025,,A,Normal value,0,Units,0,Zero
DATAFLOW,OECD.ELS.SAE:DSD_EARNINGS@AV_AN_WAGE(1.0),Average annual wages,I,COL,Colombia,WG,Wages,USD_PPP,"US dollars, PPP converted",A,Annual,Q,Constant prices,MEAN,Mean,_Z,Not applicable,2023,,29576.039,,2025,,A,Normal value,0,Units,0,Zero
DATAFLOW,OECD.ELS.SAE:DSD_EARNINGS@AV_AN_WAGE(1.0),Average annual wages,I,COL,Colombia,WG,Wages,USD_PPP,"US dollars, PPP converted",A,Annual,Q,Constant prices,MEAN,Mean,_Z,Not applicable,2024,,30133.361,,2025,,A,Normal value,0,Units,0,Zero
DATAFLOW,OECD.ELS.SAE:DSD_EARNINGS@AV_AN_WAGE(1.0),Average annual wages,I,CRI,Costa Rica,WG,Wages,USD_PPP,"US dollars, PPP converted",A,Annual,Q,Constant prices,MEAN,Mean,_Z,Not applicable,1991,,22489.713,,2025,,A,Normal value,0,Units,0,Zero
DATAFLOW,OECD.ELS.SAE:DSD_EARNINGS@AV_AN_WAGE(1.0),Average annual wages,I,CRI,Costa Rica,WG,Wages,USD_PPP,"US dollars, PPP converted",A,Annual,Q,Constant prices,MEAN,Mean,_Z,Not applicable,1992,,23206.559,,2025,,A,Normal value,0,Units,0,Zero
DATAFLOW,OECD.ELS.SAE:DSD_EARNINGS@AV_AN_WAGE(1.0),Average annual wages,I,CRI,Costa Rica,WG,Wages,USD_PPP,"US dollars, PPP converted",A,Annual,Q,Constant prices,MEAN,Mean,_Z,Not applicable,1993,,24880.331,,2025,,A,Normal value,0,Units,0,Zero
DATAFLOW,OECD.ELS.SAE:DSD_EARNINGS@AV_AN_WAGE(1.0),Average annual wages,I,CRI,Costa Rica,WG,Wages,USD_PPP,"US dollars, PPP converted",A,Annual,Q,Constant prices,MEAN,Mean,_Z,Not applicable,1994,,25883.631,,2025,,A,Normal value,0,Units,0,Zero
DATAFLOW,OECD.ELS.SAE:DSD_EARNINGS@AV_AN_WAGE(1.0),Average annual wages,I,CRI,Costa Rica,WG,Wages,USD_PPP,"US dollars, PPP converted",A,Annual,Q,Constant prices,MEAN,Mean,_Z,Not applicable,1995,,25536.509,,2025,,A,Normal value,0,Units,0,Zero
DATAFLOW,OECD.ELS.SAE:DSD_EARNINGS@AV_AN_WAGE(1.0),Average annual wages,I,CRI,Costa Rica,WG,Wages,USD_PPP,"US dollars, PPP converted",A,Annual,Q,Constant prices,MEAN,Mean,_Z,Not applicable,1996,,25475.48,,2025,,A,Normal value,0,Units,0,Zero
DATAFLOW,OECD.ELS.SAE:DSD_EARNINGS@AV_AN_WAGE(1.0),Average annual wages,I,CRI,Costa Rica,WG,Wages,USD_PPP,"US dollars, PPP converted",A,Annual,Q,Constant prices,MEAN,Mean,_Z,Not applicable,1997,,25213.119,,2025,,A,Normal value,0,Units,0,Zero
DATAFLOW,OECD.ELS.SAE:DSD_EARNINGS@AV_AN_WAGE(1.0),Average annual wages,I,CRI,Costa Rica,WG,Wages,USD_PPP,"US dollars, PPP converted",A,Annual,Q,Constant prices,MEAN,Mean,_Z,Not applicable,1998,,25507.294,,2025,,A,Normal value,0,Units,0,Zero
DATAFLOW,OECD.ELS.SAE:DSD_EARNINGS@AV_AN_WAGE(1.0),Average annual wages,I,CRI,Costa Rica,WG,Wages,USD_PPP,"US dollars, PPP converted",A,Annual,Q,Constant prices,MEAN,Mean,_Z,Not applicable,1999,,26520.174,,2025,,A,Normal value,0,Units,0,Zero
DATAFLOW,OECD.ELS.SAE:DSD_EARNINGS@AV_AN_WAGE(1.0),Average annual wages,I,CRI,Costa Rica,WG,Wages,USD_PPP,"US dollars, PPP converted",A,Annual,Q,Constant prices,MEAN,Mean,_Z,Not applicable,2000,,26949.213,,2025,,A,Normal value,0,Units,0,Zero
DATAFLOW,OECD.ELS.SAE:DSD_EARNINGS@AV_AN_WAGE(1.0),Average annual wages,I,CRI,Costa Rica,WG,Wages,USD_PPP,"US dollars, PPP converted",A,Annual,Q,Constant prices,MEAN,Mean,_Z,Not applicable,2001,,27851.546,,2025,,A,Normal value,0,Units,0,Zero
DATAFLOW,OECD.ELS.SAE:DSD_EARNINGS@AV_AN_WAGE(1.0),Average annual wages,I,CRI,Costa Rica,WG,Wages,USD_PPP,"US dollars, PPP converted",A,Annual,Q,Constant prices,MEAN,Mean,_Z,Not applicable,2002,,28163.659,,2025,,A,Normal value,0,Units,0,Zero
DATAFLOW,OECD.ELS.SAE:DSD_EARNINGS@AV_AN_WAGE(1.0),Average annual wages,I,CRI,Costa Rica,WG,Wages,USD_PPP,"US dollars, PPP converted",A,Annual,Q,Constant prices,MEAN,Mean,_Z,Not applicable,2003,,27285.464,,2025,,A,Normal value,0,Units,0,Zero
DATAFLOW,OECD.ELS.SAE:DSD_EARNINGS@AV_AN_WAGE(1.0),Average annual wages,I,CRI,Costa Rica,WG,Wages,USD_PPP,"US dollars, PPP converted",A,Annual,Q,Constant prices,MEAN,Mean,_Z,Not applicable,2004,,27294.987,,2025,,A,Normal value,0,Units,0,Zero
DATAFLOW,OECD.ELS.SAE:DSD_EARNINGS@AV_AN_WAGE(1.0),Average annual wages,I,CRI,Costa Rica,WG,Wages,USD_PPP,"US dollars, PPP converted",A,Annual,Q,Constant prices,MEAN,Mean,_Z,Not applicable,2005,,24866.497,,2025,,A,Normal value,0,Units,0,Zero
DATAFLOW,OECD.ELS.SAE:DSD_EARNINGS@AV_AN_WAGE(1.0),Average annual wages,I,CRI,Costa Rica,WG,Wages,USD_PPP,"US dollars, PPP converted",A,Annual,Q,Constant prices,MEAN,Mean,_Z,Not applicable,2006,,25805.81,,2025,,A,Normal value,0,Units,0,Zero
DATAFLOW,OECD.ELS.SAE:DSD_EARNINGS@AV_AN_WAGE(1.0),Average annual wages,I,CRI,Costa Rica,WG,Wages,USD_PPP,"US dollars, PPP converted",A,Annual,Q,Constant prices,MEAN,Mean,_Z,Not applicable,2007,,25320.224,,2025,,A,Normal value,0,Units,0,Zero
DATAFLOW,OECD.ELS.SAE:DSD_EARNINGS@AV_AN_WAGE(1.0),Average annual wages,I,CRI,Costa Rica,WG,Wages,USD_PPP,"US dollars, PPP converted",A,Annual,Q,Constant prices,MEAN,Mean,_Z,Not applicable,2008,,26342.39,,2025,,A,Normal value,0,Units,0,Zero
DATAFLOW,OECD.ELS.SAE:DSD_EARNINGS@AV_AN_WAGE(1.0),Average annual wages,I,CRI,Costa Rica,WG,Wages,USD_PPP,"US dollars, PPP converted",A,Annual,Q,Constant prices,MEAN,Mean,_Z,Not applicable,2009,,29988.225,,2025,,A,Normal value,0,Units,0,Zero
DATAFLOW,OECD.ELS.SAE:DSD_EARNINGS@AV_AN_WAGE(1.0),Average annual wages,I,CRI,Costa Rica,WG,Wages,USD_PPP,"US dollars, PPP converted",A,Annual,Q,Constant prices,MEAN,Mean,_Z,Not applicable,2010,,31315.399,,2025,,A,Normal value,0,Units,0,Zero
DATAFLOW,OECD.ELS.SAE:DSD_EARNINGS@AV_AN_WAGE(1.0),Average annual wages,I,CRI,Costa Rica,WG,Wages,USD_PPP,"US dollars, PPP converted",A,Annual,Q,Constant prices,MEAN,Mean,_Z,Not applicable,2011,,32816.962,,2025,,A,Normal value,0,Units,0,Zero
DATAFLOW,OECD.ELS.SAE:DSD_EARNINGS@AV_AN_WAGE(1.0),Average annual wages,I,CRI,Costa Rica,WG,Wages,USD_PPP,"US dollars, PPP converted",A,Annual,Q,Constant prices,MEAN,Mean,_Z,Not applicable,2012,,33531.97,,2025,,A,Normal value,0,Units,0,Zero
DATAFLOW,OECD.ELS.SAE:DSD_EARNINGS@AV_AN_WAGE(1.0),Average annual wages,I,CRI,Costa Rica,WG,Wages,USD_PPP,"US dollars, PPP converted",A,Annual,Q,Constant prices,MEAN,Mean,_Z,Not applicable,2013,,36261.785,,2025,,A,Normal value,0,Units,0,Zero
DATAFLOW,OECD.ELS.SAE:DSD_EARNINGS@AV_AN_WAGE(1.0),Average annual wages,I,CRI,Costa Rica,WG,Wages,USD_PPP,"US dollars, PPP converted",A,Annual,Q,Constant prices,MEAN,Mean,_Z,Not applicable,2014,,36458.913,,2025,,A,Normal value,0,Units,0,Zero
DATAFLOW,OECD.ELS.SAE:DSD_EARNINGS@AV_AN_WAGE(1.0),Average annual wages,I,CRI,Costa Rica,WG,Wages,USD_PPP,"US dollars, PPP converted",A,Annual,Q,Constant prices,MEAN,Mean,_Z,Not applicable,2015,,38909.66,,2025,,A,Normal value,0,Units,0,Zero
DATAFLOW,OECD.ELS.SAE:DSD_EARNINGS@AV_AN_WAGE(1.0),Average annual wages,I,CRI,Costa Rica,WG,Wages,USD_PPP,"US dollars, PPP converted",A,Annual,Q,Constant prices,MEAN,Mean,_Z,Not applicable,2016,,40508.218,,2025,,A,Normal value,0,Units,0,Zero
DATAFLOW,OECD.ELS.SAE:DSD_EARNINGS@AV_AN_WAGE(1.0),Average annual wages,I,CRI,Costa Rica,WG,Wages,USD_PPP,"US dollars, PPP converted",A,Annual,Q,Constant prices,MEAN,Mean,_Z,Not applicable,2017,,40360.358,,2025,,A,Normal value,0,Units,0,Zero
DATAFLOW,OECD.ELS.SAE:DSD_EARNINGS@AV_AN_WAGE(1.0),Average annual wages,I,CRI,Costa Rica,WG,Wages,USD_PPP,"US dollars, PPP converted",A,Annual,Q,Constant prices,MEAN,Mean,_Z,Not applicable,2018,,41191.558,,2025,,A,Normal value,0,Units,0,Zero
DATAFLOW,OECD.ELS.SAE:DSD_EARNINGS@AV_AN_WAGE(1.0),Average annual wages,I,CRI,Costa Rica,WG,Wages,USD_PPP,"US dollars, PPP converted",A,Annual,Q,Constant prices,MEAN,Mean,_Z,Not applicable,2019,,42346.109,,2025,,A,Normal value,0,Units,0,Zero
DATAFLOW,OECD.ELS.SAE:DSD_EARNINGS@AV_AN_WAGE(1.0),Average annual wages,I,CRI,Costa Rica,WG,Wages,USD_PPP,"US dollars, PPP converted",A,Annual,Q,Constant prices,MEAN,Mean,_Z,Not applicable,2020,,46398.019,,2025,,A,Normal value,0,Units,0,Zero
DATAFLOW,OECD.ELS.SAE:DSD_EARNINGS@AV_AN_WAGE(1.0),Average annual wages,I,CRI,Costa Rica,WG,Wages,USD_PPP,"US dollars, PPP converted",A,Annual,Q,Constant prices,MEAN,Mean,_Z,Not applicable,2021,,45323.591,,2025,,A,Normal value,0,Units,0,Zero
DATAFLOW,OECD.ELS.SAE:DSD_EARNINGS@AV_AN_WAGE(1.0),Average annual wages,I,CRI,Costa Rica,WG,Wages,USD_PPP,"US dollars, PPP converted",A,Annual,Q,Constant prices,MEAN,Mean,_Z,Not applicable,2022,,41761.041,,2025,,A,Normal value,0,Units,0,Zero
DATAFLOW,OECD.ELS.SAE:DSD_EARNINGS@AV_AN_WAGE(1.0),Average annual wages,I,CRI,Costa Rica,WG,Wages,USD_PPP,"US dollars, PPP converted",A,Annual,Q,Constant prices,MEAN,Mean,_Z,Not applicable,2023,,44430.678,,2025,,A,Normal value,0,Units,0,Zero
DATAFLOW,OECD.ELS.SAE:DSD_EARNINGS@AV_AN_WAGE(1.0),Average annual wages,I,CRI,Costa Rica,WG,Wages,USD_PPP,"US dollars, PPP converted",A,Annual,Q,Constant prices,MEAN,Mean,_Z,Not applicable,2024,,44430.678,,2025,,A,Normal value,0,Units,0,Zero
DATAFLOW,OECD.ELS.SAE:DSD_EARNINGS@AV_AN_WAGE(1.0),Average annual wages,I,CZE,Czechia,WG,Wages,USD_PPP,"US dollars, PPP converted",A,Annual,Q,Constant prices,MEAN,Mean,_Z,Not applicable,1995,,20331.9,,2025,,A,Normal value,0,Units,0,Zero
DATAFLOW,OECD.ELS.SAE:DSD_EARNINGS@AV_AN_WAGE(1.0),Average annual wages,I,CZE,Czechia,WG,Wages,USD_PPP,"US dollars, PPP converted",A,Annual,Q,Constant prices,MEAN,Mean,_Z,Not applicable,1996,,22125.885,,2025,,A,Normal value,0,Units,0,Zero
DATAFLOW,OECD.ELS.SAE:DSD_EARNINGS@AV_AN_WAGE(1.0),Average annual wages,I,CZE,Czechia,WG,Wages,USD_PPP,"US dollars, PPP converted",A,Annual,Q,Constant prices,MEAN,Mean,_Z,Not applicable,1997,,22450.345,,2025,,A,Normal value,0,Units,0,Zero
DATAFLOW,OECD.ELS.SAE:DSD_EARNINGS@AV_AN_WAGE(1.0),Average annual wages,I,CZE,Czechia,WG,Wages,USD_PPP,"US dollars, PPP converted",A,Annual,Q,Constant prices,MEAN,Mean,_Z,Not applicable,1998,,22429.352,,2025,,A,Normal value,0,Units,0,Zero
DATAFLOW,OECD.ELS.SAE:DSD_EARNINGS@AV_AN_WAGE(1.0),Average annual wages,I,CZE,Czechia,WG,Wages,USD_PPP,"US dollars, PPP converted",A,Annual,Q,Constant prices,MEAN,Mean,_Z,Not applicable,1999,,23295.064,,2025,,A,Normal value,0,Units,0,Zero
DATAFLOW,OECD.ELS.SAE:DSD_EARNINGS@AV_AN_WAGE(1.0),Average annual wages,I,CZE,Czechia,WG,Wages,USD_PPP,"US dollars, PPP converted",A,Annual,Q,Constant prices,MEAN,Mean,_Z,Not applicable,2000,,24204.039,,2025,,A,Normal value,0,Units,0,Zero
DATAFLOW,OECD.ELS.SAE:DSD_EARNINGS@AV_AN_WAGE(1.0),Average annual wages,I,CZE,Czechia,WG,Wages,USD_PPP,"US dollars, PPP converted",A,Annual,Q,Constant prices,MEAN,Mean,_Z,Not applicable,2001,,25454.122,,2025,,A,Normal value,0,Units,0,Zero
DATAFLOW,OECD.ELS.SAE:DSD_EARNINGS@AV_AN_WAGE(1.0),Average annual wages,I,CZE,Czechia,WG,Wages,USD_PPP,"US dollars, PPP converted",A,Annual,Q,Constant prices,MEAN,Mean,_Z,Not applicable,2002,,27013.548,,2025,,A,Normal value,0,Units,0,Zero
DATAFLOW,OECD.ELS.SAE:DSD_EARNINGS@AV_AN_WAGE(1.0),Average annual wages,I,CZE,Czechia,WG,Wages,USD_PPP,"US dollars, PPP converted",A,Annual,Q,Constant prices,MEAN,Mean,_Z,Not applicable,2003,,29056.44,,2025,,A,Normal value,0,Units,0,Zero
DATAFLOW,OECD.ELS.SAE:DSD_EARNINGS@AV_AN_WAGE(1.0),Average annual wages,I,CZE,Czechia,WG,Wages,USD_PPP,"US dollars, PPP converted",A,Annual,Q,Constant prices,MEAN,Mean,_Z,Not applicable,2004,,30388.473,,2025,,A,Normal value,0,Units,0,Zero
DATAFLOW,OECD.ELS.SAE:DSD_EARNINGS@AV_AN_WAGE(1.0),Average annual wages,I,CZE,Czechia,WG,Wages,USD_PPP,"US dollars, PPP converted",A,Annual,Q,Constant prices,MEAN,Mean,_Z,Not applicable,2005,,31277.029,,2025,,A,Normal value,0,Units,0,Zero
DATAFLOW,OECD.ELS.SAE:DSD_EARNINGS@AV_AN_WAGE(1.0),Average annual wages,I,CZE,Czechia,WG,Wages,USD_PPP,"US dollars, PPP converted",A,Annual,Q,Constant prices,MEAN,Mean,_Z,Not applicable,2006,,32528.092,,2025,,A,Normal value,0,Units,0,Zero
DATAFLOW,OECD.ELS.SAE:DSD_EARNINGS@AV_AN_WAGE(1.0),Average annual wages,I,CZE,Czechia,WG,Wages,USD_PPP,"US dollars, PPP converted",A,Annual,Q,Constant prices,MEAN,Mean,_Z,Not applicable,2007,,33535.775,,2025,,A,Normal value,0,Units,0,Zero
DATAFLOW,OECD.ELS.SAE:DSD_EARNINGS@AV_AN_WAGE(1.0),Average annual wages,I,CZE,Czechia,WG,Wages,USD_PPP,"US dollars, PPP converted",A,Annual,Q,Constant prices,MEAN,Mean,_Z,Not applicable,2008,,33734.956,,2025,,A,Normal value,0,Units,0,Zero
DATAFLOW,OECD.ELS.SAE:DSD_EARNINGS@AV_AN_WAGE(1.0),Average annual wages,I,CZE,Czechia,WG,Wages,USD_PPP,"US dollars, PPP converted",A,Annual,Q,Constant prices,MEAN,Mean,_Z,Not applicable,2009,,33539.589,,2025,,A,Normal value,0,Units,0,Zero
DATAFLOW,OECD.ELS.SAE:DSD_EARNINGS@AV_AN_WAGE(1.0),Average annual wages,I,CZE,Czechia,WG,Wages,USD_PPP,"US dollars, PPP converted",A,Annual,Q,Constant prices,MEAN,Mean,_Z,Not applicable,2010,,33932.368,,2025,,A,Normal value,0,Units,0,Zero
DATAFLOW,OECD.ELS.SAE:DSD_EARNINGS@AV_AN_WAGE(1.0),Average annual wages,I,CZE,Czechia,WG,Wages,USD_PPP,"US dollars, PPP converted",A,Annual,Q,Constant prices,MEAN,Mean,_Z,Not applicable,2011,,34370.843,,2025,,A,Normal value,0,Units,0,Zero
DATAFLOW,OECD.ELS.SAE:DSD_EARNINGS@AV_AN_WAGE(1.0),Average annual wages,I,CZE,Czechia,WG,Wages,USD_PPP,"US dollars, PPP converted",A,Annual,Q,Constant prices,MEAN,Mean,_Z,Not applicable,2012,,34427.848,,2025,,A,Normal value,0,Units,0,Zero
DATAFLOW,OECD.ELS.SAE:DSD_EARNINGS@AV_AN_WAGE(1.0),Average annual wages,I,CZE,Czechia,WG,Wages,USD_PPP,"US dollars, PPP converted",A,Annual,Q,Constant prices,MEAN,Mean,_Z,Not applicable,2013,,34203.911,,2025,,A,Normal value,0,Units,0,Zero
DATAFLOW,OECD.ELS.SAE:DSD_EARNINGS@AV_AN_WAGE(1.0),Average annual wages,I,CZE,Czechia,WG,Wages,USD_PPP,"US dollars, PPP converted",A,Annual,Q,Constant prices,MEAN,Mean,_Z,Not applicable,2014,,34829.81,,2025,,A,Normal value,0,Units,0,Zero
DATAFLOW,OECD.ELS.SAE:DSD_EARNINGS@AV_AN_WAGE(1.0),Average annual wages,I,CZE,Czechia,WG,Wages,USD_PPP,"US dollars, PPP converted",A,Annual,Q,Constant prices,MEAN,Mean,_Z,Not applicable,2015,,35685.643,,2025,,A,Normal value,0,Units,0,Zero
DATAFLOW,OECD.ELS.SAE:DSD_EARNINGS@AV_AN_WAGE(1.0),Average annual wages,I,CZE,Czechia,WG,Wages,USD_PPP,"US dollars, PPP converted",A,Annual,Q,Constant prices,MEAN,Mean,_Z,Not applicable,2016,,37050.542,,2025,,A,Normal value,0,Units,0,Zero
DATAFLOW,OECD.ELS.SAE:DSD_EARNINGS@AV_AN_WAGE(1.0),Average annual wages,I,CZE,Czechia,WG,Wages,USD_PPP,"US dollars, PPP converted",A,Annual,Q,Constant prices,MEAN,Mean,_Z,Not applicable,2017,,38770.51,,2025,,A,Normal value,0,Units,0,Zero
DATAFLOW,OECD.ELS.SAE:DSD_EARNINGS@AV_AN_WAGE(1.0),Average annual wages,I,CZE,Czechia,WG,Wages,USD_PPP,"US dollars, PPP converted",A,Annual,Q,Constant prices,MEAN,Mean,_Z,Not applicable,2018,,40736.846,,2025,,A,Normal value,0,Units,0,Zero
DATAFLOW,OECD.ELS.SAE:DSD_EARNINGS@AV_AN_WAGE(1.0),Average annual wages,I,CZE,Czechia,WG,Wages,USD_PPP,"US dollars, PPP converted",A,Annual,Q,Constant prices,MEAN,Mean,_Z,Not applicable,2019,,42594.854,,2025,,A,Normal value,0,Units,0,Zero
DATAFLOW,OECD.ELS.SAE:DSD_EARNINGS@AV_AN_WAGE(1.0),Average annual wages,I,CZE,Czechia,WG,Wages,USD_PPP,"US dollars, PPP converted",A,Annual,Q,Constant prices,MEAN,Mean,_Z,Not applicable,2020,,42330.369,,2025,,A,Normal value,0,Units,0,Zero
DATAFLOW,OECD.ELS.SAE:DSD_EARNINGS@AV_AN_WAGE(1.0),Average annual wages,I,CZE,Czechia,WG,Wages,USD_PPP,"US dollars, PPP converted",A,Annual,Q,Constant prices,MEAN,Mean,_Z,Not applicable,2021,,43202.076,,2025,,A,Normal value,0,Units,0,Zero
DATAFLOW,OECD.ELS.SAE:DSD_EARNINGS@AV_AN_WAGE(1.0),Average annual wages,I,CZE,Czechia,WG,Wages,USD_PPP,"US dollars, PPP converted",A,Annual,Q,Constant prices,MEAN,Mean,_Z,Not applicable,2022,,41059.62,,2025,,A,Normal value,0,Units,0,Zero
DATAFLOW,OECD.ELS.SAE:DSD_EARNINGS@AV_AN_WAGE(1.0),Average annual wages,I,CZE,Czechia,WG,Wages,USD_PPP,"US dollars, PPP converted",A,Annual,Q,Constant prices,MEAN,Mean,_Z,Not applicable,2023,,40594.508,,2025,,A,Normal value,0,Units,0,Zero
DATAFLOW,OECD.ELS.SAE:DSD_EARNINGS@AV_AN_WAGE(1.0),Average annual wages,I,CZE,Czechia,WG,Wages,USD_PPP,"US dollars, PPP converted",A,Annual,Q,Constant prices,MEAN,Mean,_Z,Not applicable,2024,,41953.664,,2025,,A,Normal value,0,Units,0,Zero
DATAFLOW,OECD.ELS.SAE:DSD_EARNINGS@AV_AN_WAGE(1.0),Average annual wages,I,CZE,Czechia,WG,Wages,USD_PPP,"US dollars, PPP converted",A,Annual,Q,Constant prices,MEAN,Mean,_Z,Not applicable,2025,,43607.144,,2025,,A,Normal value,0,Units,0,Zero
DATAFLOW,OECD.ELS.SAE:DSD_EARNINGS@AV_AN_WAGE(1.0),Average annual wages,I,DNK,Denmark,WG,Wages,USD_PPP,"US dollars, PPP converted",A,Annual,Q,Constant prices,MEAN,Mean,_Z,Not applicable,1990,,54442.147,,2025,,A,Normal value,0,Units,0,Zero
DATAFLOW,OECD.ELS.SAE:DSD_EARNINGS@AV_AN_WAGE(1.0),Average annual wages,I,DNK,Denmark,WG,Wages,USD_PPP,"US dollars, PPP converted",A,Annual,Q,Constant prices,MEAN,Mean,_Z,Not applicable,1991,,54734.457,,2025,,A,Normal value,0,Units,0,Zero
DATAFLOW,OECD.ELS.SAE:DSD_EARNINGS@AV_AN_WAGE(1.0),Average annual wages,I,DNK,Denmark,WG,Wages,USD_PPP,"US dollars, PPP converted",A,Annual,Q,Constant prices,MEAN,Mean,_Z,Not applicable,1992,,56677.137,,2025,,A,Normal value,0,Units,0,Zero
DATAFLOW,OECD.ELS.SAE:DSD_EARNINGS@AV_AN_WAGE(1.0),Average annual wages,I,DNK,Denmark,WG,Wages,USD_PPP,"US dollars, PPP converted",A,Annual,Q,Constant prices,MEAN,Mean,_Z,Not applicable,1993,,57307.511,,2025,,A,Normal value,0,Units,0,Zero
DATAFLOW,OECD.ELS.SAE:DSD_EARNINGS@AV_AN_WAGE(1.0),Average annual wages,I,DNK,Denmark,WG,Wages,USD_PPP,"US dollars, PPP converted",A,Annual,Q,Constant prices,MEAN,Mean,_Z,Not applicable,1994,,55309.39,,2025,,A,Normal value,0,Units,0,Zero
DATAFLOW,OECD.ELS.SAE:DSD_EARNINGS@AV_AN_WAGE(1.0),Average annual wages,I,DNK,Denmark,WG,Wages,USD_PPP,"US dollars, PPP converted",A,Annual,Q,Constant prices,MEAN,Mean,_Z,Not applicable,1995,,56493.197,,2025,,A,Normal value,0,Units,0,Zero
DATAFLOW,OECD.ELS.SAE:DSD_EARNINGS@AV_AN_WAGE(1.0),Average annual wages,I,DNK,Denmark,WG,Wages,USD_PPP,"US dollars, PPP converted",A,Annual,Q,Constant prices,MEAN,Mean,_Z,Not applicable,1996,,57505.066,,2025,,A,Normal value,0,Units,0,Zero
DATAFLOW,OECD.ELS.SAE:DSD_EARNINGS@AV_AN_WAGE(1.0),Average annual wages,I,DNK,Denmark,WG,Wages,USD_PPP,"US dollars, PPP converted",A,Annual,Q,Constant prices,MEAN,Mean,_Z,Not applicable,1997,,58426.782,,2025,,A,Normal value,0,Units,0,Zero
DATAFLOW,OECD.ELS.SAE:DSD_EARNINGS@AV_AN_WAGE(1.0),Average annual wages,I,DNK,Denmark,WG,Wages,USD_PPP,"US dollars, PPP converted",A,Annual,Q,Constant prices,MEAN,Mean,_Z,Not applicable,1998,,59449.893,,2025,,A,Normal value,0,Units,0,Zero
DATAFLOW,OECD.ELS.SAE:DSD_EARNINGS@AV_AN_WAGE(1.0),Average annual wages,I,DNK,Denmark,WG,Wages,USD_PPP,"US dollars, PPP converted",A,Annual,Q,Constant prices,MEAN,Mean,_Z,Not applicable,1999,,60138.085,,2025,,A,Normal value,0,Units,0,Zero
DATAFLOW,OECD.ELS.SAE:DSD_EARNINGS@AV_AN_WAGE(1.0),Average annual wages,I,DNK,Denmark,WG,Wages,USD_PPP,"US dollars, PPP converted",A,Annual,Q,Constant prices,MEAN,Mean,_Z,Not applicable,2000,,60085.422,,2025,,A,Normal value,0,Units,0,Zero
DATAFLOW,OECD.ELS.SAE:DSD_EARNINGS@AV_AN_WAGE(1.0),Average annual wages,I,DNK,Denmark,WG,Wages,USD_PPP,"US dollars, PPP converted",A,Annual,Q,Constant prices,MEAN,Mean,_Z,Not applicable,2001,,60459.631,,2025,,A,Normal value,0,Units,0,Zero
DATAFLOW,OECD.ELS.SAE:DSD_EARNINGS@AV_AN_WAGE(1.0),Average annual wages,I,DNK,Denmark,WG,Wages,USD_PPP,"US dollars, PPP converted",A,Annual,Q,Constant prices,MEAN,Mean,_Z,Not applicable,2002,,61804.022,,2025,,A,Normal value,0,Units,0,Zero
DATAFLOW,OECD.ELS.SAE:DSD_EARNINGS@AV_AN_WAGE(1.0),Average annual wages,I,DNK,Denmark,WG,Wages,USD_PPP,"US dollars, PPP converted",A,Annual,Q,Constant prices,MEAN,Mean,_Z,Not applicable,2003,,63315.932,,2025,,A,Normal value,0,Units,0,Zero
DATAFLOW,OECD.ELS.SAE:DSD_EARNINGS@AV_AN_WAGE(1.0),Average annual wages,I,DNK,Denmark,WG,Wages,USD_PPP,"US dollars, PPP converted",A,Annual,Q,Constant prices,MEAN,Mean,_Z,Not applicable,2004,,64731.272,,2025,,A,Normal value,0,Units,0,Zero
DATAFLOW,OECD.ELS.SAE:DSD_EARNINGS@AV_AN_WAGE(1.0),Average annual wages,I,DNK,Denmark,WG,Wages,USD_PPP,"US dollars, PPP converted",A,Annual,Q,Constant prices,MEAN,Mean,_Z,Not applicable,2005,,65741.04,,2025,,A,Normal value,0,Units,0,Zero
DATAFLOW,OECD.ELS.SAE:DSD_EARNINGS@AV_AN_WAGE(1.0),Average annual wages,I,DNK,Denmark,WG,Wages,USD_PPP,"US dollars, PPP converted",A,Annual,Q,Constant prices,MEAN,Mean,_Z,Not applicable,2006,,66818.929,,2025,,A,Normal value,0,Units,0,Zero
DATAFLOW,OECD.ELS.SAE:DSD_EARNINGS@AV_AN_WAGE(1.0),Average annual wages,I,DNK,Denmark,WG,Wages,USD_PPP,"US dollars, PPP converted",A,Annual,Q,Constant prices,MEAN,Mean,_Z,Not applicable,2007,,67596.062,,2025,,A,Normal value,0,Units,0,Zero
DATAFLOW,OECD.ELS.SAE:DSD_EARNINGS@AV_AN_WAGE(1.0),Average annual wages,I,DNK,Denmark,WG,Wages,USD_PPP,"US dollars, PPP converted",A,Annual,Q,Constant prices,MEAN,Mean,_Z,Not applicable,2008,,68395.359,,2025,,A,Normal value,0,Units,0,Zero
DATAFLOW,OECD.ELS.SAE:DSD_EARNINGS@AV_AN_WAGE(1.0),Average annual wages,I,DNK,Denmark,WG,Wages,USD_PPP,"US dollars, PPP converted",A,Annual,Q,Constant prices,MEAN,Mean,_Z,Not applicable,2009,,69529.843,,2025,,A,Normal value,0,Units,0,Zero
DATAFLOW,OECD.ELS.SAE:DSD_EARNINGS@AV_AN_WAGE(1.0),Average annual wages,I,DNK,Denmark,WG,Wages,USD_PPP,"US dollars, PPP converted",A,Annual,Q,Constant prices,MEAN,Mean,_Z,Not applicable,2010,,70243.601,,2025,,A,Normal value,0,Units,0,Zero
DATAFLOW,OECD.ELS.SAE:DSD_EARNINGS@AV_AN_WAGE(1.0),Average annual wages,I,DNK,Denmark,WG,Wages,USD_PPP,"US dollars, PPP converted",A,Annual,Q,Constant prices,MEAN,Mean,_Z,Not applicable,2011,,69951.875,,2025,,A,Normal value,0,Units,0,Zero
DATAFLOW,OECD.ELS.SAE:DSD_EARNINGS@AV_AN_WAGE(1.0),Average annual wages,I,DNK,Denmark,WG,Wages,USD_PPP,"US dollars, PPP converted",A,Annual,Q,Constant prices,MEAN,Mean,_Z,Not applicable,2012,,69916.034,,2025,,A,Normal value,0,Units,0,Zero
DATAFLOW,OECD.ELS.SAE:DSD_EARNINGS@AV_AN_WAGE(1.0),Average annual wages,I,DNK,Denmark,WG,Wages,USD_PPP,"US dollars, PPP converted",A,Annual,Q,Constant prices,MEAN,Mean,_Z,Not applicable,2013,,70416.455,,2025,,A,Normal value,0,Units,0,Zero
DATAFLOW,OECD.ELS.SAE:DSD_EARNINGS@AV_AN_WAGE(1.0),Average annual wages,I,DNK,Denmark,WG,Wages,USD_PPP,"US dollars, PPP converted",A,Annual,Q,Constant prices,MEAN,Mean,_Z,Not applicable,2014,,71845.531,,2025,,A,Normal value,0,Units,0,Zero
DATAFLOW,OECD.ELS.SAE:DSD_EARNINGS@AV_AN_WAGE(1.0),Average annual wages,I,DNK,Denmark,WG,Wages,USD_PPP,"US dollars, PPP converted",A,Annual,Q,Constant prices,MEAN,Mean,_Z,Not applicable,2015,,73025.931,,2025,,A,Normal value,0,Units,0,Zero
DATAFLOW,OECD.ELS.SAE:DSD_EARNINGS@AV_AN_WAGE(1.0),Average annual wages,I,DNK,Denmark,WG,Wages,USD_PPP,"US dollars, PPP converted",A,Annual,Q,Constant prices,MEAN,Mean,_Z,Not applicable,2016,,73865.261,,2025,,A,Normal value,0,Units,0,Zero
DATAFLOW,OECD.ELS.SAE:DSD_EARNINGS@AV_AN_WAGE(1.0),Average annual wages,I,DNK,Denmark,WG,Wages,USD_PPP,"US dollars, PPP converted",A,Annual,Q,Constant prices,MEAN,Mean,_Z,Not applicable,2017,,74359.772,,2025,,A,Normal value,0,Units,0,Zero
DATAFLOW,OECD.ELS.SAE:DSD_EARNINGS@AV_AN_WAGE(1.0),Average annual wages,I,DNK,Denmark,WG,Wages,USD_PPP,"US dollars, PPP converted",A,Annual,Q,Constant prices,MEAN,Mean,_Z,Not applicable,2018,,75153.895,,2025,,A,Normal value,0,Units,0,Zero
DATAFLOW,OECD.ELS.SAE:DSD_EARNINGS@AV_AN_WAGE(1.0),Average annual wages,I,DNK,Denmark,WG,Wages,USD_PPP,"US dollars, PPP converted",A,Annual,Q,Constant prices,MEAN,Mean,_Z,Not applicable,2019,,75609.648,,2025,,A,Normal value,0,Units,0,Zero
DATAFLOW,OECD.ELS.SAE:DSD_EARNINGS@AV_AN_WAGE(1.0),Average annual wages,I,DNK,Denmark,WG,Wages,USD_PPP,"US dollars, PPP converted",A,Annual,Q,Constant prices,MEAN,Mean,_Z,Not applicable,2020,,76857.069,,2025,,A,Normal value,0,Units,0,Zero
DATAFLOW,OECD.ELS.SAE:DSD_EARNINGS@AV_AN_WAGE(1.0),Average annual wages,I,DNK,Denmark,WG,Wages,USD_PPP,"US dollars, PPP converted",A,Annual,Q,Constant prices,MEAN,Mean,_Z,Not applicable,2021,,77358.834,,2025,,A,Normal value,0,Units,0,Zero
DATAFLOW,OECD.ELS.SAE:DSD_EARNINGS@AV_AN_WAGE(1.0),Average annual wages,I,DNK,Denmark,WG,Wages,USD_PPP,"US dollars, PPP converted",A,Annual,Q,Constant prices,MEAN,Mean,_Z,Not applicable,2022,,74177.717,,2025,,A,Normal value,0,Units,0,Zero
DATAFLOW,OECD.ELS.SAE:DSD_EARNINGS@AV_AN_WAGE(1.0),Average annual wages,I,DNK,Denmark,WG,Wages,USD_PPP,"US dollars, PPP converted",A,Annual,Q,Constant prices,MEAN,Mean,_Z,Not applicable,2023,,75174.717,,2025,,A,Normal value,0,Units,0,Zero
DATAFLOW,OECD.ELS.SAE:DSD_EARNINGS@AV_AN_WAGE(1.0),Average annual wages,I,DNK,Denmark,WG,Wages,USD_PPP,"US dollars, PPP converted",A,Annual,Q,Constant prices,MEAN,Mean,_Z,Not applicable,2024,,77882.527,,2025,,A,Normal value,0,Units,0,Zero
DATAFLOW,OECD.ELS.SAE:DSD_EARNINGS@AV_AN_WAGE(1.0),Average annual wages,I,DNK,Denmark,WG,Wages,USD_PPP,"US dollars, PPP converted",A,Annual,Q,Constant prices,MEAN,Mean,_Z,Not applicable,2025,,78090.445,,2025,,A,Normal value,0,Units,0,Zero
DATAFLOW,OECD.ELS.SAE:DSD_EARNINGS@AV_AN_WAGE(1.0),Average annual wages,I,EST,Estonia,WG,Wages,USD_PPP,"US dollars, PPP converted",A,Annual,Q,Constant prices,MEAN,Mean,_Z,Not applicable,1991,,10671.3012112055,,2025,,A,Normal value,0,Units,0,Zero
DATAFLOW,OECD.ELS.SAE:DSD_EARNINGS@AV_AN_WAGE(1.0),Average annual wages,I,EST,Estonia,WG,Wages,USD_PPP,"US dollars, PPP converted",A,Annual,Q,Constant prices,MEAN,Mean,_Z,Not applicable,1992,,10671.3012112055,,2025,,A,Normal value,0,Units,0,Zero
DATAFLOW,OECD.ELS.SAE:DSD_EARNINGS@AV_AN_WAGE(1.0),Average annual wages,I,EST,Estonia,WG,Wages,USD_PPP,"US dollars, PPP converted",A,Annual,Q,Constant prices,MEAN,Mean,_Z,Not applicable,1993,,10671.3012112055,,2025,,A,Normal value,0,Units,0,Zero
DATAFLOW,OECD.ELS.SAE:DSD_EARNINGS@AV_AN_WAGE(1.0),Average annual wages,I,EST,Estonia,WG,Wages,USD_PPP,"US dollars, PPP converted",A,Annual,Q,Constant prices,MEAN,Mean,_Z,Not applicable,1994,,10671.3012112055,,2025,,A,Normal value,0,Units,0,Zero
DATAFLOW,OECD.ELS.SAE:DSD_EARNINGS@AV_AN_WAGE(1.0),Average annual wages,I,EST,Estonia,WG,Wages,USD_PPP,"US dollars, PPP converted",A,Annual,Q,Constant prices,MEAN,Mean,_Z,Not applicable,1995,,12056.232,,2025,,A,Normal value,0,Units,0,Zero
DATAFLOW,OECD.ELS.SAE:DSD_EARNINGS@AV_AN_WAGE(1.0),Average annual wages,I,EST,Estonia,WG,Wages,USD_PPP,"US dollars, PPP converted",A,Annual,Q,Constant prices,MEAN,Mean,_Z,Not applicable,1996,,12816.078,,2025,,A,Normal value,0,Units,0,Zero
DATAFLOW,OECD.ELS.SAE:DSD_EARNINGS@AV_AN_WAGE(1.0),Average annual wages,I,EST,Estonia,WG,Wages,USD_PPP,"US dollars, PPP converted",A,Annual,Q,Constant prices,MEAN,Mean,_Z,Not applicable,1997,,13997.351,,2025,,A,Normal value,0,Units,0,Zero
DATAFLOW,OECD.ELS.SAE:DSD_EARNINGS@AV_AN_WAGE(1.0),Average annual wages,I,EST,Estonia,WG,Wages,USD_PPP,"US dollars, PPP converted",A,Annual,Q,Constant prices,MEAN,Mean,_Z,Not applicable,1998,,14944.95,,2025,,A,Normal value,0,Units,0,Zero
DATAFLOW,OECD.ELS.SAE:DSD_EARNINGS@AV_AN_WAGE(1.0),Average annual wages,I,EST,Estonia,WG,Wages,USD_PPP,"US dollars, PPP converted",A,Annual,Q,Constant prices,MEAN,Mean,_Z,Not applicable,1999,,15620.202,,2025,,A,Normal value,0,Units,0,Zero
DATAFLOW,OECD.ELS.SAE:DSD_EARNINGS@AV_AN_WAGE(1.0),Average annual wages,I,EST,Estonia,WG,Wages,USD_PPP,"US dollars, PPP converted",A,Annual,Q,Constant prices,MEAN,Mean,_Z,Not applicable,2000,,16869.782,,2025,,A,Normal value,0,Units,0,Zero
DATAFLOW,OECD.ELS.SAE:DSD_EARNINGS@AV_AN_WAGE(1.0),Average annual wages,I,EST,Estonia,WG,Wages,USD_PPP,"US dollars, PPP converted",A,Annual,Q,Constant prices,MEAN,Mean,_Z,Not applicable,2001,,17456.25,,2025,,A,Normal value,0,Units,0,Zero
DATAFLOW,OECD.ELS.SAE:DSD_EARNINGS@AV_AN_WAGE(1.0),Average annual wages,I,EST,Estonia,WG,Wages,USD_PPP,"US dollars, PPP converted",A,Annual,Q,Constant prices,MEAN,Mean,_Z,Not applicable,2002,,18486.807,,2025,,A,Normal value,0,Units,0,Zero
DATAFLOW,OECD.ELS.SAE:DSD_EARNINGS@AV_AN_WAGE(1.0),Average annual wages,I,EST,Estonia,WG,Wages,USD_PPP,"US dollars, PPP converted",A,Annual,Q,Constant prices,MEAN,Mean,_Z,Not applicable,2003,,20267.005,,2025,,A,Normal value,0,Units,0,Zero
DATAFLOW,OECD.ELS.SAE:DSD_EARNINGS@AV_AN_WAGE(1.0),Average annual wages,I,EST,Estonia,WG,Wages,USD_PPP,"US dollars, PPP converted",A,Annual,Q,Constant prices,MEAN,Mean,_Z,Not applicable,2004,,21871.62,,2025,,A,Normal value,0,Units,0,Zero
DATAFLOW,OECD.ELS.SAE:DSD_EARNINGS@AV_AN_WAGE(1.0),Average annual wages,I,EST,Estonia,WG,Wages,USD_PPP,"US dollars, PPP converted",A,Annual,Q,Constant prices,MEAN,Mean,_Z,Not applicable,2005,,23322.645,,2025,,A,Normal value,0,Units,0,Zero
DATAFLOW,OECD.ELS.SAE:DSD_EARNINGS@AV_AN_WAGE(1.0),Average annual wages,I,EST,Estonia,WG,Wages,USD_PPP,"US dollars, PPP converted",A,Annual,Q,Constant prices,MEAN,Mean,_Z,Not applicable,2006,,25457.92,,2025,,A,Normal value,0,Units,0,Zero
DATAFLOW,OECD.ELS.SAE:DSD_EARNINGS@AV_AN_WAGE(1.0),Average annual wages,I,EST,Estonia,WG,Wages,USD_PPP,"US dollars, PPP converted",A,Annual,Q,Constant prices,MEAN,Mean,_Z,Not applicable,2007,,29597.032,,2025,,A,Normal value,0,Units,0,Zero
DATAFLOW,OECD.ELS.SAE:DSD_EARNINGS@AV_AN_WAGE(1.0),Average annual wages,I,EST,Estonia,WG,Wages,USD_PPP,"US dollars, PPP converted",A,Annual,Q,Constant prices,MEAN,Mean,_Z,Not applicable,2008,,29989.188,,2025,,A,Normal value,0,Units,0,Zero
DATAFLOW,OECD.ELS.SAE:DSD_EARNINGS@AV_AN_WAGE(1.0),Average annual wages,I,EST,Estonia,WG,Wages,USD_PPP,"US dollars, PPP converted",A,Annual,Q,Constant prices,MEAN,Mean,_Z,Not applicable,2009,,29259.192,,2025,,A,Normal value,0,Units,0,Zero
DATAFLOW,OECD.ELS.SAE:DSD_EARNINGS@AV_AN_WAGE(1.0),Average annual wages,I,EST,Estonia,WG,Wages,USD_PPP,"US dollars, PPP converted",A,Annual,Q,Constant prices,MEAN,Mean,_Z,Not applicable,2010,,28994.733,,2025,,A,Normal value,0,Units,0,Zero
DATAFLOW,OECD.ELS.SAE:DSD_EARNINGS@AV_AN_WAGE(1.0),Average annual wages,I,EST,Estonia,WG,Wages,USD_PPP,"US dollars, PPP converted",A,Annual,Q,Constant prices,MEAN,Mean,_Z,Not applicable,2011,,28254.305,,2025,,A,Normal value,0,Units,0,Zero
DATAFLOW,OECD.ELS.SAE:DSD_EARNINGS@AV_AN_WAGE(1.0),Average annual wages,I,EST,Estonia,WG,Wages,USD_PPP,"US dollars, PPP converted",A,Annual,Q,Constant prices,MEAN,Mean,_Z,Not applicable,2012,,28592.289,,2025,,A,Normal value,0,Units,0,Zero
DATAFLOW,OECD.ELS.SAE:DSD_EARNINGS@AV_AN_WAGE(1.0),Average annual wages,I,EST,Estonia,WG,Wages,USD_PPP,"US dollars, PPP converted",A,Annual,Q,Constant prices,MEAN,Mean,_Z,Not applicable,2013,,29292.186,,2025,,A,Normal value,0,Units,0,Zero
DATAFLOW,OECD.ELS.SAE:DSD_EARNINGS@AV_AN_WAGE(1.0),Average annual wages,I,EST,Estonia,WG,Wages,USD_PPP,"US dollars, PPP converted",A,Annual,Q,Constant prices,MEAN,Mean,_Z,Not applicable,2014,,30892.624,,2025,,A,Normal value,0,Units,0,Zero
DATAFLOW,OECD.ELS.SAE:DSD_EARNINGS@AV_AN_WAGE(1.0),Average annual wages,I,EST,Estonia,WG,Wages,USD_PPP,"US dollars, PPP converted",A,Annual,Q,Constant prices,MEAN,Mean,_Z,Not applicable,2015,,32160.406,,2025,,A,Normal value,0,Units,0,Zero
DATAFLOW,OECD.ELS.SAE:DSD_EARNINGS@AV_AN_WAGE(1.0),Average annual wages,I,EST,Estonia,WG,Wages,USD_PPP,"US dollars, PPP converted",A,Annual,Q,Constant prices,MEAN,Mean,_Z,Not applicable,2016,,33646.45,,2025,,A,Normal value,0,Units,0,Zero
DATAFLOW,OECD.ELS.SAE:DSD_EARNINGS@AV_AN_WAGE(1.0),Average annual wages,I,EST,Estonia,WG,Wages,USD_PPP,"US dollars, PPP converted",A,Annual,Q,Constant prices,MEAN,Mean,_Z,Not applicable,2017,,34303.455,,2025,,A,Normal value,0,Units,0,Zero
DATAFLOW,OECD.ELS.SAE:DSD_EARNINGS@AV_AN_WAGE(1.0),Average annual wages,I,EST,Estonia,WG,Wages,USD_PPP,"US dollars, PPP converted",A,Annual,Q,Constant prices,MEAN,Mean,_Z,Not applicable,2018,,36500.559,,2025,,A,Normal value,0,Units,0,Zero
DATAFLOW,OECD.ELS.SAE:DSD_EARNINGS@AV_AN_WAGE(1.0),Average annual wages,I,EST,Estonia,WG,Wages,USD_PPP,"US dollars, PPP converted",A,Annual,Q,Constant prices,MEAN,Mean,_Z,Not applicable,2019,,38240.122,,2025,,A,Normal value,0,Units,0,Zero
DATAFLOW,OECD.ELS.SAE:DSD_EARNINGS@AV_AN_WAGE(1.0),Average annual wages,I,EST,Estonia,WG,Wages,USD_PPP,"US dollars, PPP converted",A,Annual,Q,Constant prices,MEAN,Mean,_Z,Not applicable,2020,,40389.534,,2025,,A,Normal value,0,Units,0,Zero
DATAFLOW,OECD.ELS.SAE:DSD_EARNINGS@AV_AN_WAGE(1.0),Average annual wages,I,EST,Estonia,WG,Wages,USD_PPP,"US dollars, PPP converted",A,Annual,Q,Constant prices,MEAN,Mean,_Z,Not applicable,2021,,42740.573,,2025,,A,Normal value,0,Units,0,Zero
DATAFLOW,OECD.ELS.SAE:DSD_EARNINGS@AV_AN_WAGE(1.0),Average annual wages,I,EST,Estonia,WG,Wages,USD_PPP,"US dollars, PPP converted",A,Annual,Q,Constant prices,MEAN,Mean,_Z,Not applicable,2022,,39173.375,,2025,,A,Normal value,0,Units,0,Zero
DATAFLOW,OECD.ELS.SAE:DSD_EARNINGS@AV_AN_WAGE(1.0),Average annual wages,I,EST,Estonia,WG,Wages,USD_PPP,"US dollars, PPP converted",A,Annual,Q,Constant prices,MEAN,Mean,_Z,Not applicable,2023,,39032.208,,2025,,A,Normal value,0,Units,0,Zero
DATAFLOW,OECD.ELS.SAE:DSD_EARNINGS@AV_AN_WAGE(1.0),Average annual wages,I,EST,Estonia,WG,Wages,USD_PPP,"US dollars, PPP converted",A,Annual,Q,Constant prices,MEAN,Mean,_Z,Not applicable,2024,,40458.375,,2025,,A,Normal value,0,Units,0,Zero
DATAFLOW,OECD.ELS.SAE:DSD_EARNINGS@AV_AN_WAGE(1.0),Average annual wages,I,EST,Estonia,WG,Wages,USD_PPP,"US dollars, PPP converted",A,Annual,Q,Constant prices,MEAN,Mean,_Z,Not applicable,2025,,41019.039,,2025,,A,Normal value,0,Units,0,Zero
DATAFLOW,OECD.ELS.SAE:DSD_EARNINGS@AV_AN_WAGE(1.0),Average annual wages,I,FIN,Finland,WG,Wages,USD_PPP,"US dollars, PPP converted",A,Annual,Q,Constant prices,MEAN,Mean,_Z,Not applicable,1990,,47108.291,,2025,,A,Normal value,0,Units,0,Zero
DATAFLOW,OECD.ELS.SAE:DSD_EARNINGS@AV_AN_WAGE(1.0),Average annual wages,I,FIN,Finland,WG,Wages,USD_PPP,"US dollars, PPP converted",A,Annual,Q,Constant prices,MEAN,Mean,_Z,Not applicable,1991,,47674.611,,2025,,A,Normal value,0,Units,0,Zero
DATAFLOW,OECD.ELS.SAE:DSD_EARNINGS@AV_AN_WAGE(1.0),Average annual wages,I,FIN,Finland,WG,Wages,USD_PPP,"US dollars, PPP converted",A,Annual,Q,Constant prices,MEAN,Mean,_Z,Not applicable,1992,,46947.183,,2025,,A,Normal value,0,Units,0,Zero
DATAFLOW,OECD.ELS.SAE:DSD_EARNINGS@AV_AN_WAGE(1.0),Average annual wages,I,FIN,Finland,WG,Wages,USD_PPP,"US dollars, PPP converted",A,Annual,Q,Constant prices,MEAN,Mean,_Z,Not applicable,1993,,45300.701,,2025,,A,Normal value,0,Units,0,Zero
DATAFLOW,OECD.ELS.SAE:DSD_EARNINGS@AV_AN_WAGE(1.0),Average annual wages,I,FIN,Finland,WG,Wages,USD_PPP,"US dollars, PPP converted",A,Annual,Q,Constant prices,MEAN,Mean,_Z,Not applicable,1994,,45945.745,,2025,,A,Normal value,0,Units,0,Zero
DATAFLOW,OECD.ELS.SAE:DSD_EARNINGS@AV_AN_WAGE(1.0),Average annual wages,I,FIN,Finland,WG,Wages,USD_PPP,"US dollars, PPP converted",A,Annual,Q,Constant prices,MEAN,Mean,_Z,Not applicable,1995,,47756.369,,2025,,A,Normal value,0,Units,0,Zero
DATAFLOW,OECD.ELS.SAE:DSD_EARNINGS@AV_AN_WAGE(1.0),Average annual wages,I,FIN,Finland,WG,Wages,USD_PPP,"US dollars, PPP converted",A,Annual,Q,Constant prices,MEAN,Mean,_Z,Not applicable,1996,,48848.183,,2025,,A,Normal value,0,Units,0,Zero
DATAFLOW,OECD.ELS.SAE:DSD_EARNINGS@AV_AN_WAGE(1.0),Average annual wages,I,FIN,Finland,WG,Wages,USD_PPP,"US dollars, PPP converted",A,Annual,Q,Constant prices,MEAN,Mean,_Z,Not applicable,1997,,48882.546,,2025,,A,Normal value,0,Units,0,Zero
DATAFLOW,OECD.ELS.SAE:DSD_EARNINGS@AV_AN_WAGE(1.0),Average annual wages,I,FIN,Finland,WG,Wages,USD_PPP,"US dollars, PPP converted",A,Annual,Q,Constant prices,MEAN,Mean,_Z,Not applicable,1998,,50170.06,,2025,,A,Normal value,0,Units,0,Zero
DATAFLOW,OECD.ELS.SAE:DSD_EARNINGS@AV_AN_WAGE(1.0),Average annual wages,I,FIN,Finland,WG,Wages,USD_PPP,"US dollars, PPP converted",A,Annual,Q,Constant prices,MEAN,Mean,_Z,Not applicable,1999,,51336.653,,2025,,A,Normal value,0,Units,0,Zero
DATAFLOW,OECD.ELS.SAE:DSD_EARNINGS@AV_AN_WAGE(1.0),Average annual wages,I,FIN,Finland,WG,Wages,USD_PPP,"US dollars, PPP converted",A,Annual,Q,Constant prices,MEAN,Mean,_Z,Not applicable,2000,,52219.138,,2025,,A,Normal value,0,Units,0,Zero
DATAFLOW,OECD.ELS.SAE:DSD_EARNINGS@AV_AN_WAGE(1.0),Average annual wages,I,FIN,Finland,WG,Wages,USD_PPP,"US dollars, PPP converted",A,Annual,Q,Constant prices,MEAN,Mean,_Z,Not applicable,2001,,52496.199,,2025,,A,Normal value,0,Units,0,Zero
DATAFLOW,OECD.ELS.SAE:DSD_EARNINGS@AV_AN_WAGE(1.0),Average annual wages,I,FIN,Finland,WG,Wages,USD_PPP,"US dollars, PPP converted",A,Annual,Q,Constant prices,MEAN,Mean,_Z,Not applicable,2002,,52778.254,,2025,,A,Normal value,0,Units,0,Zero
DATAFLOW,OECD.ELS.SAE:DSD_EARNINGS@AV_AN_WAGE(1.0),Average annual wages,I,FIN,Finland,WG,Wages,USD_PPP,"US dollars, PPP converted",A,Annual,Q,Constant prices,MEAN,Mean,_Z,Not applicable,2003,,53782.89,,2025,,A,Normal value,0,Units,0,Zero
DATAFLOW,OECD.ELS.SAE:DSD_EARNINGS@AV_AN_WAGE(1.0),Average annual wages,I,FIN,Finland,WG,Wages,USD_PPP,"US dollars, PPP converted",A,Annual,Q,Constant prices,MEAN,Mean,_Z,Not applicable,2004,,59425.397,,2025,,A,Normal value,0,Units,0,Zero
DATAFLOW,OECD.ELS.SAE:DSD_EARNINGS@AV_AN_WAGE(1.0),Average annual wages,I,FIN,Finland,WG,Wages,USD_PPP,"US dollars, PPP converted",A,Annual,Q,Constant prices,MEAN,Mean,_Z,Not applicable,2005,,56729.916,,2025,,A,Normal value,0,Units,0,Zero
DATAFLOW,OECD.ELS.SAE:DSD_EARNINGS@AV_AN_WAGE(1.0),Average annual wages,I,FIN,Finland,WG,Wages,USD_PPP,"US dollars, PPP converted",A,Annual,Q,Constant prices,MEAN,Mean,_Z,Not applicable,2006,,57900.924,,2025,,A,Normal value,0,Units,0,Zero
DATAFLOW,OECD.ELS.SAE:DSD_EARNINGS@AV_AN_WAGE(1.0),Average annual wages,I,FIN,Finland,WG,Wages,USD_PPP,"US dollars, PPP converted",A,Annual,Q,Constant prices,MEAN,Mean,_Z,Not applicable,2007,,58672.187,,2025,,A,Normal value,0,Units,0,Zero
DATAFLOW,OECD.ELS.SAE:DSD_EARNINGS@AV_AN_WAGE(1.0),Average annual wages,I,FIN,Finland,WG,Wages,USD_PPP,"US dollars, PPP converted",A,Annual,Q,Constant prices,MEAN,Mean,_Z,Not applicable,2008,,59175.616,,2025,,A,Normal value,0,Units,0,Zero
DATAFLOW,OECD.ELS.SAE:DSD_EARNINGS@AV_AN_WAGE(1.0),Average annual wages,I,FIN,Finland,WG,Wages,USD_PPP,"US dollars, PPP converted",A,Annual,Q,Constant prices,MEAN,Mean,_Z,Not applicable,2009,,59685.314,,2025,,A,Normal value,0,Units,0,Zero
DATAFLOW,OECD.ELS.SAE:DSD_EARNINGS@AV_AN_WAGE(1.0),Average annual wages,I,FIN,Finland,WG,Wages,USD_PPP,"US dollars, PPP converted",A,Annual,Q,Constant prices,MEAN,Mean,_Z,Not applicable,2010,,61132.317,,2025,,A,Normal value,0,Units,0,Zero
DATAFLOW,OECD.ELS.SAE:DSD_EARNINGS@AV_AN_WAGE(1.0),Average annual wages,I,FIN,Finland,WG,Wages,USD_PPP,"US dollars, PPP converted",A,Annual,Q,Constant prices,MEAN,Mean,_Z,Not applicable,2011,,61176.164,,2025,,A,Normal value,0,Units,0,Zero
DATAFLOW,OECD.ELS.SAE:DSD_EARNINGS@AV_AN_WAGE(1.0),Average annual wages,I,FIN,Finland,WG,Wages,USD_PPP,"US dollars, PPP converted",A,Annual,Q,Constant prices,MEAN,Mean,_Z,Not applicable,2012,,61074.527,,2025,,A,Normal value,0,Units,0,Zero
DATAFLOW,OECD.ELS.SAE:DSD_EARNINGS@AV_AN_WAGE(1.0),Average annual wages,I,FIN,Finland,WG,Wages,USD_PPP,"US dollars, PPP converted",A,Annual,Q,Constant prices,MEAN,Mean,_Z,Not applicable,2013,,60512.729,,2025,,A,Normal value,0,Units,0,Zero
DATAFLOW,OECD.ELS.SAE:DSD_EARNINGS@AV_AN_WAGE(1.0),Average annual wages,I,FIN,Finland,WG,Wages,USD_PPP,"US dollars, PPP converted",A,Annual,Q,Constant prices,MEAN,Mean,_Z,Not applicable,2014,,60509.337,,2025,,A,Normal value,0,Units,0,Zero
DATAFLOW,OECD.ELS.SAE:DSD_EARNINGS@AV_AN_WAGE(1.0),Average annual wages,I,FIN,Finland,WG,Wages,USD_PPP,"US dollars, PPP converted",A,Annual,Q,Constant prices,MEAN,Mean,_Z,Not applicable,2015,,60739.539,,2025,,A,Normal value,0,Units,0,Zero
DATAFLOW,OECD.ELS.SAE:DSD_EARNINGS@AV_AN_WAGE(1.0),Average annual wages,I,FIN,Finland,WG,Wages,USD_PPP,"US dollars, PPP converted",A,Annual,Q,Constant prices,MEAN,Mean,_Z,Not applicable,2016,,61375.05,,2025,,A,Normal value,0,Units,0,Zero
DATAFLOW,OECD.ELS.SAE:DSD_EARNINGS@AV_AN_WAGE(1.0),Average annual wages,I,FIN,Finland,WG,Wages,USD_PPP,"US dollars, PPP converted",A,Annual,Q,Constant prices,MEAN,Mean,_Z,Not applicable,2017,,61364.423,,2025,,A,Normal value,0,Units,0,Zero
DATAFLOW,OECD.ELS.SAE:DSD_EARNINGS@AV_AN_WAGE(1.0),Average annual wages,I,FIN,Finland,WG,Wages,USD_PPP,"US dollars, PPP converted",A,Annual,Q,Constant prices,MEAN,Mean,_Z,Not applicable,2018,,61788.059,,2025,,A,Normal value,0,Units,0,Zero
DATAFLOW,OECD.ELS.SAE:DSD_EARNINGS@AV_AN_WAGE(1.0),Average annual wages,I,FIN,Finland,WG,Wages,USD_PPP,"US dollars, PPP converted",A,Annual,Q,Constant prices,MEAN,Mean,_Z,Not applicable,2019,,62762.026,,2025,,A,Normal value,0,Units,0,Zero
DATAFLOW,OECD.ELS.SAE:DSD_EARNINGS@AV_AN_WAGE(1.0),Average annual wages,I,FIN,Finland,WG,Wages,USD_PPP,"US dollars, PPP converted",A,Annual,Q,Constant prices,MEAN,Mean,_Z,Not applicable,2020,,63100.02,,2025,,A,Normal value,0,Units,0,Zero
DATAFLOW,OECD.ELS.SAE:DSD_EARNINGS@AV_AN_WAGE(1.0),Average annual wages,I,FIN,Finland,WG,Wages,USD_PPP,"US dollars, PPP converted",A,Annual,Q,Constant prices,MEAN,Mean,_Z,Not applicable,2021,,65186.225,,2025,,A,Normal value,0,Units,0,Zero
DATAFLOW,OECD.ELS.SAE:DSD_EARNINGS@AV_AN_WAGE(1.0),Average annual wages,I,FIN,Finland,WG,Wages,USD_PPP,"US dollars, PPP converted",A,Annual,Q,Constant prices,MEAN,Mean,_Z,Not applicable,2022,,62939.236,,2025,,A,Normal value,0,Units,0,Zero
DATAFLOW,OECD.ELS.SAE:DSD_EARNINGS@AV_AN_WAGE(1.0),Average annual wages,I,FIN,Finland,WG,Wages,USD_PPP,"US dollars, PPP converted",A,Annual,Q,Constant prices,MEAN,Mean,_Z,Not applicable,2023,,62069.472,,2025,,A,Normal value,0,Units,0,Zero
DATAFLOW,OECD.ELS.SAE:DSD_EARNINGS@AV_AN_WAGE(1.0),Average annual wages,I,FIN,Finland,WG,Wages,USD_PPP,"US dollars, PPP converted",A,Annual,Q,Constant prices,MEAN,Mean,_Z,Not applicable,2024,,62393.061,,2025,,A,Normal value,0,Units,0,Zero
DATAFLOW,OECD.ELS.SAE:DSD_EARNINGS@AV_AN_WAGE(1.0),Average annual wages,I,FIN,Finland,WG,Wages,USD_PPP,"US dollars, PPP converted",A,Annual,Q,Constant prices,MEAN,Mean,_Z,Not applicable,2025,,63053.422,,2025,,A,Normal value,0,Units,0,Zero
DATAFLOW,OECD.ELS.SAE:DSD_EARNINGS@AV_AN_WAGE(1.0),Average annual wages,I,FRA,France,WG,Wages,USD_PPP,"US dollars, PPP converted",A,Annual,Q,Constant prices,MEAN,Mean,_Z,Not applicable,1990,,44931.497,,2025,,A,Normal value,0,Units,0,Zero
DATAFLOW,OECD.ELS.SAE:DSD_EARNINGS@AV_AN_WAGE(1.0),Average annual wages,I,FRA,France,WG,Wages,USD_PPP,"US dollars, PPP converted",A,Annual,Q,Constant prices,MEAN,Mean,_Z,Not applicable,1991,,45473.758,,2025,,A,Normal value,0,Units,0,Zero
DATAFLOW,OECD.ELS.SAE:DSD_EARNINGS@AV_AN_WAGE(1.0),Average annual wages,I,FRA,France,WG,Wages,USD_PPP,"US dollars, PPP converted",A,Annual,Q,Constant prices,MEAN,Mean,_Z,Not applicable,1992,,45910.509,,2025,,A,Normal value,0,Units,0,Zero
DATAFLOW,OECD.ELS.SAE:DSD_EARNINGS@AV_AN_WAGE(1.0),Average annual wages,I,FRA,France,WG,Wages,USD_PPP,"US dollars, PPP converted",A,Annual,Q,Constant prices,MEAN,Mean,_Z,Not applicable,1993,,46517.089,,2025,,A,Normal value,0,Units,0,Zero
DATAFLOW,OECD.ELS.SAE:DSD_EARNINGS@AV_AN_WAGE(1.0),Average annual wages,I,FRA,France,WG,Wages,USD_PPP,"US dollars, PPP converted",A,Annual,Q,Constant prices,MEAN,Mean,_Z,Not applicable,1994,,46718.066,,2025,,A,Normal value,0,Units,0,Zero
DATAFLOW,OECD.ELS.SAE:DSD_EARNINGS@AV_AN_WAGE(1.0),Average annual wages,I,FRA,France,WG,Wages,USD_PPP,"US dollars, PPP converted",A,Annual,Q,Constant prices,MEAN,Mean,_Z,Not applicable,1995,,47455.981,,2025,,A,Normal value,0,Units,0,Zero
DATAFLOW,OECD.ELS.SAE:DSD_EARNINGS@AV_AN_WAGE(1.0),Average annual wages,I,FRA,France,WG,Wages,USD_PPP,"US dollars, PPP converted",A,Annual,Q,Constant prices,MEAN,Mean,_Z,Not applicable,1996,,47622.695,,2025,,A,Normal value,0,Units,0,Zero
DATAFLOW,OECD.ELS.SAE:DSD_EARNINGS@AV_AN_WAGE(1.0),Average annual wages,I,FRA,France,WG,Wages,USD_PPP,"US dollars, PPP converted",A,Annual,Q,Constant prices,MEAN,Mean,_Z,Not applicable,1997,,48213.487,,2025,,A,Normal value,0,Units,0,Zero
DATAFLOW,OECD.ELS.SAE:DSD_EARNINGS@AV_AN_WAGE(1.0),Average annual wages,I,FRA,France,WG,Wages,USD_PPP,"US dollars, PPP converted",A,Annual,Q,Constant prices,MEAN,Mean,_Z,Not applicable,1998,,48885.263,,2025,,A,Normal value,0,Units,0,Zero
DATAFLOW,OECD.ELS.SAE:DSD_EARNINGS@AV_AN_WAGE(1.0),Average annual wages,I,FRA,France,WG,Wages,USD_PPP,"US dollars, PPP converted",A,Annual,Q,Constant prices,MEAN,Mean,_Z,Not applicable,1999,,49937.852,,2025,,A,Normal value,0,Units,0,Zero
DATAFLOW,OECD.ELS.SAE:DSD_EARNINGS@AV_AN_WAGE(1.0),Average annual wages,I,FRA,France,WG,Wages,USD_PPP,"US dollars, PPP converted",A,Annual,Q,Constant prices,MEAN,Mean,_Z,Not applicable,2000,,50339.091,,2025,,A,Normal value,0,Units,0,Zero
DATAFLOW,OECD.ELS.SAE:DSD_EARNINGS@AV_AN_WAGE(1.0),Average annual wages,I,FRA,France,WG,Wages,USD_PPP,"US dollars, PPP converted",A,Annual,Q,Constant prices,MEAN,Mean,_Z,Not applicable,2001,,50648.739,,2025,,A,Normal value,0,Units,0,Zero
DATAFLOW,OECD.ELS.SAE:DSD_EARNINGS@AV_AN_WAGE(1.0),Average annual wages,I,FRA,France,WG,Wages,USD_PPP,"US dollars, PPP converted",A,Annual,Q,Constant prices,MEAN,Mean,_Z,Not applicable,2002,,52015.648,,2025,,A,Normal value,0,Units,0,Zero
DATAFLOW,OECD.ELS.SAE:DSD_EARNINGS@AV_AN_WAGE(1.0),Average annual wages,I,FRA,France,WG,Wages,USD_PPP,"US dollars, PPP converted",A,Annual,Q,Constant prices,MEAN,Mean,_Z,Not applicable,2003,,52520.362,,2025,,A,Normal value,0,Units,0,Zero
DATAFLOW,OECD.ELS.SAE:DSD_EARNINGS@AV_AN_WAGE(1.0),Average annual wages,I,FRA,France,WG,Wages,USD_PPP,"US dollars, PPP converted",A,Annual,Q,Constant prices,MEAN,Mean,_Z,Not applicable,2004,,53347.584,,2025,,A,Normal value,0,Units,0,Zero
DATAFLOW,OECD.ELS.SAE:DSD_EARNINGS@AV_AN_WAGE(1.0),Average annual wages,I,FRA,France,WG,Wages,USD_PPP,"US dollars, PPP converted",A,Annual,Q,Constant prices,MEAN,Mean,_Z,Not applicable,2005,,54078.394,,2025,,A,Normal value,0,Units,0,Zero
DATAFLOW,OECD.ELS.SAE:DSD_EARNINGS@AV_AN_WAGE(1.0),Average annual wages,I,FRA,France,WG,Wages,USD_PPP,"US dollars, PPP converted",A,Annual,Q,Constant prices,MEAN,Mean,_Z,Not applicable,2006,,54664.199,,2025,,A,Normal value,0,Units,0,Zero
DATAFLOW,OECD.ELS.SAE:DSD_EARNINGS@AV_AN_WAGE(1.0),Average annual wages,I,FRA,France,WG,Wages,USD_PPP,"US dollars, PPP converted",A,Annual,Q,Constant prices,MEAN,Mean,_Z,Not applicable,2007,,54959.059,,2025,,A,Normal value,0,Units,0,Zero
DATAFLOW,OECD.ELS.SAE:DSD_EARNINGS@AV_AN_WAGE(1.0),Average annual wages,I,FRA,France,WG,Wages,USD_PPP,"US dollars, PPP converted",A,Annual,Q,Constant prices,MEAN,Mean,_Z,Not applicable,2008,,54812.054,,2025,,A,Normal value,0,Units,0,Zero
DATAFLOW,OECD.ELS.SAE:DSD_EARNINGS@AV_AN_WAGE(1.0),Average annual wages,I,FRA,France,WG,Wages,USD_PPP,"US dollars, PPP converted",A,Annual,Q,Constant prices,MEAN,Mean,_Z,Not applicable,2009,,56617.112,,2025,,A,Normal value,0,Units,0,Zero
DATAFLOW,OECD.ELS.SAE:DSD_EARNINGS@AV_AN_WAGE(1.0),Average annual wages,I,FRA,France,WG,Wages,USD_PPP,"US dollars, PPP converted",A,Annual,Q,Constant prices,MEAN,Mean,_Z,Not applicable,2010,,57666.846,,2025,,A,Normal value,0,Units,0,Zero
DATAFLOW,OECD.ELS.SAE:DSD_EARNINGS@AV_AN_WAGE(1.0),Average annual wages,I,FRA,France,WG,Wages,USD_PPP,"US dollars, PPP converted",A,Annual,Q,Constant prices,MEAN,Mean,_Z,Not applicable,2011,,57738.848,,2025,,A,Normal value,0,Units,0,Zero
DATAFLOW,OECD.ELS.SAE:DSD_EARNINGS@AV_AN_WAGE(1.0),Average annual wages,I,FRA,France,WG,Wages,USD_PPP,"US dollars, PPP converted",A,Annual,Q,Constant prices,MEAN,Mean,_Z,Not applicable,2012,,58100.32,,2025,,A,Normal value,0,Units,0,Zero
DATAFLOW,OECD.ELS.SAE:DSD_EARNINGS@AV_AN_WAGE(1.0),Average annual wages,I,FRA,France,WG,Wages,USD_PPP,"US dollars, PPP converted",A,Annual,Q,Constant prices,MEAN,Mean,_Z,Not applicable,2013,,58654.452,,2025,,A,Normal value,0,Units,0,Zero
DATAFLOW,OECD.ELS.SAE:DSD_EARNINGS@AV_AN_WAGE(1.0),Average annual wages,I,FRA,France,WG,Wages,USD_PPP,"US dollars, PPP converted",A,Annual,Q,Constant prices,MEAN,Mean,_Z,Not applicable,2014,,59030.877,,2025,,A,Normal value,0,Units,0,Zero
DATAFLOW,OECD.ELS.SAE:DSD_EARNINGS@AV_AN_WAGE(1.0),Average annual wages,I,FRA,France,WG,Wages,USD_PPP,"US dollars, PPP converted",A,Annual,Q,Constant prices,MEAN,Mean,_Z,Not applicable,2015,,59484.548,,2025,,A,Normal value,0,Units,0,Zero
DATAFLOW,OECD.ELS.SAE:DSD_EARNINGS@AV_AN_WAGE(1.0),Average annual wages,I,FRA,France,WG,Wages,USD_PPP,"US dollars, PPP converted",A,Annual,Q,Constant prices,MEAN,Mean,_Z,Not applicable,2016,,60120.233,,2025,,A,Normal value,0,Units,0,Zero
DATAFLOW,OECD.ELS.SAE:DSD_EARNINGS@AV_AN_WAGE(1.0),Average annual wages,I,FRA,France,WG,Wages,USD_PPP,"US dollars, PPP converted",A,Annual,Q,Constant prices,MEAN,Mean,_Z,Not applicable,2017,,60947.615,,2025,,A,Normal value,0,Units,0,Zero
DATAFLOW,OECD.ELS.SAE:DSD_EARNINGS@AV_AN_WAGE(1.0),Average annual wages,I,FRA,France,WG,Wages,USD_PPP,"US dollars, PPP converted",A,Annual,Q,Constant prices,MEAN,Mean,_Z,Not applicable,2018,,60671.758,,2025,,A,Normal value,0,Units,0,Zero
DATAFLOW,OECD.ELS.SAE:DSD_EARNINGS@AV_AN_WAGE(1.0),Average annual wages,I,FRA,France,WG,Wages,USD_PPP,"US dollars, PPP converted",A,Annual,Q,Constant prices,MEAN,Mean,_Z,Not applicable,2019,,61289.217,,2025,,A,Normal value,0,Units,0,Zero
DATAFLOW,OECD.ELS.SAE:DSD_EARNINGS@AV_AN_WAGE(1.0),Average annual wages,I,FRA,France,WG,Wages,USD_PPP,"US dollars, PPP converted",A,Annual,Q,Constant prices,MEAN,Mean,_Z,Not applicable,2020,,58327.286,,2025,,A,Normal value,0,Units,0,Zero
DATAFLOW,OECD.ELS.SAE:DSD_EARNINGS@AV_AN_WAGE(1.0),Average annual wages,I,FRA,France,WG,Wages,USD_PPP,"US dollars, PPP converted",A,Annual,Q,Constant prices,MEAN,Mean,_Z,Not applicable,2021,,60851.672,,2025,,A,Normal value,0,Units,0,Zero
DATAFLOW,OECD.ELS.SAE:DSD_EARNINGS@AV_AN_WAGE(1.0),Average annual wages,I,FRA,France,WG,Wages,USD_PPP,"US dollars, PPP converted",A,Annual,Q,Constant prices,MEAN,Mean,_Z,Not applicable,2022,,61044.379,,2025,,A,Normal value,0,Units,0,Zero
DATAFLOW,OECD.ELS.SAE:DSD_EARNINGS@AV_AN_WAGE(1.0),Average annual wages,I,FRA,France,WG,Wages,USD_PPP,"US dollars, PPP converted",A,Annual,Q,Constant prices,MEAN,Mean,_Z,Not applicable,2023,,59611.013,,2025,,A,Normal value,0,Units,0,Zero
DATAFLOW,OECD.ELS.SAE:DSD_EARNINGS@AV_AN_WAGE(1.0),Average annual wages,I,FRA,France,WG,Wages,USD_PPP,"US dollars, PPP converted",A,Annual,Q,Constant prices,MEAN,Mean,_Z,Not applicable,2024,,59864.791,,2025,,A,Normal value,0,Units,0,Zero
DATAFLOW,OECD.ELS.SAE:DSD_EARNINGS@AV_AN_WAGE(1.0),Average annual wages,I,FRA,France,WG,Wages,USD_PPP,"US dollars, PPP converted",A,Annual,Q,Constant prices,MEAN,Mean,_Z,Not applicable,2025,,60483.173,,2025,,A,Normal value,0,Units,0,Zero
DATAFLOW,OECD.ELS.SAE:DSD_EARNINGS@AV_AN_WAGE(1.0),Average annual wages,I,DEU,Germany,WG,Wages,USD_PPP,"US dollars, PPP converted",A,Annual,Q,Constant prices,MEAN,Mean,_Z,Not applicable,1990,,56518.095,,2025,,A,Normal value,0,Units,0,Zero
DATAFLOW,OECD.ELS.SAE:DSD_EARNINGS@AV_AN_WAGE(1.0),Average annual wages,I,DEU,Germany,WG,Wages,USD_PPP,"US dollars, PPP converted",A,Annual,Q,Constant prices,MEAN,Mean,_Z,Not applicable,1991,,56518.095,,2025,,A,Normal value,0,Units,0,Zero
DATAFLOW,OECD.ELS.SAE:DSD_EARNINGS@AV_AN_WAGE(1.0),Average annual wages,I,DEU,Germany,WG,Wages,USD_PPP,"US dollars, PPP converted",A,Annual,Q,Constant prices,MEAN,Mean,_Z,Not applicable,1992,,59843.074,,2025,,A,Normal value,0,Units,0,Zero
DATAFLOW,OECD.ELS.SAE:DSD_EARNINGS@AV_AN_WAGE(1.0),Average annual wages,I,DEU,Germany,WG,Wages,USD_PPP,"US dollars, PPP converted",A,Annual,Q,Constant prices,MEAN,Mean,_Z,Not applicable,1993,,60277.01,,2025,,A,Normal value,0,Units,0,Zero
DATAFLOW,OECD.ELS.SAE:DSD_EARNINGS@AV_AN_WAGE(1.0),Average annual wages,I,DEU,Germany,WG,Wages,USD_PPP,"US dollars, PPP converted",A,Annual,Q,Constant prices,MEAN,Mean,_Z,Not applicable,1994,,60431.246,,2025,,A,Normal value,0,Units,0,Zero
DATAFLOW,OECD.ELS.SAE:DSD_EARNINGS@AV_AN_WAGE(1.0),Average annual wages,I,DEU,Germany,WG,Wages,USD_PPP,"US dollars, PPP converted",A,Annual,Q,Constant prices,MEAN,Mean,_Z,Not applicable,1995,,61681.879,,2025,,A,Normal value,0,Units,0,Zero
DATAFLOW,OECD.ELS.SAE:DSD_EARNINGS@AV_AN_WAGE(1.0),Average annual wages,I,DEU,Germany,WG,Wages,USD_PPP,"US dollars, PPP converted",A,Annual,Q,Constant prices,MEAN,Mean,_Z,Not applicable,1996,,62376.544,,2025,,A,Normal value,0,Units,0,Zero
DATAFLOW,OECD.ELS.SAE:DSD_EARNINGS@AV_AN_WAGE(1.0),Average annual wages,I,DEU,Germany,WG,Wages,USD_PPP,"US dollars, PPP converted",A,Annual,Q,Constant prices,MEAN,Mean,_Z,Not applicable,1997,,62134.996,,2025,,A,Normal value,0,Units,0,Zero
DATAFLOW,OECD.ELS.SAE:DSD_EARNINGS@AV_AN_WAGE(1.0),Average annual wages,I,DEU,Germany,WG,Wages,USD_PPP,"US dollars, PPP converted",A,Annual,Q,Constant prices,MEAN,Mean,_Z,Not applicable,1998,,62828.793,,2025,,A,Normal value,0,Units,0,Zero
DATAFLOW,OECD.ELS.SAE:DSD_EARNINGS@AV_AN_WAGE(1.0),Average annual wages,I,DEU,Germany,WG,Wages,USD_PPP,"US dollars, PPP converted",A,Annual,Q,Constant prices,MEAN,Mean,_Z,Not applicable,1999,,63666.036,,2025,,A,Normal value,0,Units,0,Zero
DATAFLOW,OECD.ELS.SAE:DSD_EARNINGS@AV_AN_WAGE(1.0),Average annual wages,I,DEU,Germany,WG,Wages,USD_PPP,"US dollars, PPP converted",A,Annual,Q,Constant prices,MEAN,Mean,_Z,Not applicable,2000,,64046.334,,2025,,A,Normal value,0,Units,0,Zero
DATAFLOW,OECD.ELS.SAE:DSD_EARNINGS@AV_AN_WAGE(1.0),Average annual wages,I,DEU,Germany,WG,Wages,USD_PPP,"US dollars, PPP converted",A,Annual,Q,Constant prices,MEAN,Mean,_Z,Not applicable,2001,,64480.243,,2025,,A,Normal value,0,Units,0,Zero
DATAFLOW,OECD.ELS.SAE:DSD_EARNINGS@AV_AN_WAGE(1.0),Average annual wages,I,DEU,Germany,WG,Wages,USD_PPP,"US dollars, PPP converted",A,Annual,Q,Constant prices,MEAN,Mean,_Z,Not applicable,2002,,64713.408,,2025,,A,Normal value,0,Units,0,Zero
DATAFLOW,OECD.ELS.SAE:DSD_EARNINGS@AV_AN_WAGE(1.0),Average annual wages,I,DEU,Germany,WG,Wages,USD_PPP,"US dollars, PPP converted",A,Annual,Q,Constant prices,MEAN,Mean,_Z,Not applicable,2003,,64930.248,,2025,,A,Normal value,0,Units,0,Zero
DATAFLOW,OECD.ELS.SAE:DSD_EARNINGS@AV_AN_WAGE(1.0),Average annual wages,I,DEU,Germany,WG,Wages,USD_PPP,"US dollars, PPP converted",A,Annual,Q,Constant prices,MEAN,Mean,_Z,Not applicable,2004,,64917.355,,2025,,A,Normal value,0,Units,0,Zero
DATAFLOW,OECD.ELS.SAE:DSD_EARNINGS@AV_AN_WAGE(1.0),Average annual wages,I,DEU,Germany,WG,Wages,USD_PPP,"US dollars, PPP converted",A,Annual,Q,Constant prices,MEAN,Mean,_Z,Not applicable,2005,,64992.335,,2025,,A,Normal value,0,Units,0,Zero
DATAFLOW,OECD.ELS.SAE:DSD_EARNINGS@AV_AN_WAGE(1.0),Average annual wages,I,DEU,Germany,WG,Wages,USD_PPP,"US dollars, PPP converted",A,Annual,Q,Constant prices,MEAN,Mean,_Z,Not applicable,2006,,65126.926,,2025,,A,Normal value,0,Units,0,Zero
DATAFLOW,OECD.ELS.SAE:DSD_EARNINGS@AV_AN_WAGE(1.0),Average annual wages,I,DEU,Germany,WG,Wages,USD_PPP,"US dollars, PPP converted",A,Annual,Q,Constant prices,MEAN,Mean,_Z,Not applicable,2007,,64871.985,,2025,,A,Normal value,0,Units,0,Zero
DATAFLOW,OECD.ELS.SAE:DSD_EARNINGS@AV_AN_WAGE(1.0),Average annual wages,I,DEU,Germany,WG,Wages,USD_PPP,"US dollars, PPP converted",A,Annual,Q,Constant prices,MEAN,Mean,_Z,Not applicable,2008,,65150.041,,2025,,A,Normal value,0,Units,0,Zero
DATAFLOW,OECD.ELS.SAE:DSD_EARNINGS@AV_AN_WAGE(1.0),Average annual wages,I,DEU,Germany,WG,Wages,USD_PPP,"US dollars, PPP converted",A,Annual,Q,Constant prices,MEAN,Mean,_Z,Not applicable,2009,,65320.022,,2025,,A,Normal value,0,Units,0,Zero
DATAFLOW,OECD.ELS.SAE:DSD_EARNINGS@AV_AN_WAGE(1.0),Average annual wages,I,DEU,Germany,WG,Wages,USD_PPP,"US dollars, PPP converted",A,Annual,Q,Constant prices,MEAN,Mean,_Z,Not applicable,2010,,65868.708,,2025,,A,Normal value,0,Units,0,Zero
DATAFLOW,OECD.ELS.SAE:DSD_EARNINGS@AV_AN_WAGE(1.0),Average annual wages,I,DEU,Germany,WG,Wages,USD_PPP,"US dollars, PPP converted",A,Annual,Q,Constant prices,MEAN,Mean,_Z,Not applicable,2011,,67016.565,,2025,,A,Normal value,0,Units,0,Zero
DATAFLOW,OECD.ELS.SAE:DSD_EARNINGS@AV_AN_WAGE(1.0),Average annual wages,I,DEU,Germany,WG,Wages,USD_PPP,"US dollars, PPP converted",A,Annual,Q,Constant prices,MEAN,Mean,_Z,Not applicable,2012,,67819.437,,2025,,A,Normal value,0,Units,0,Zero
DATAFLOW,OECD.ELS.SAE:DSD_EARNINGS@AV_AN_WAGE(1.0),Average annual wages,I,DEU,Germany,WG,Wages,USD_PPP,"US dollars, PPP converted",A,Annual,Q,Constant prices,MEAN,Mean,_Z,Not applicable,2013,,68439.939,,2025,,A,Normal value,0,Units,0,Zero
DATAFLOW,OECD.ELS.SAE:DSD_EARNINGS@AV_AN_WAGE(1.0),Average annual wages,I,DEU,Germany,WG,Wages,USD_PPP,"US dollars, PPP converted",A,Annual,Q,Constant prices,MEAN,Mean,_Z,Not applicable,2014,,69545.657,,2025,,A,Normal value,0,Units,0,Zero
DATAFLOW,OECD.ELS.SAE:DSD_EARNINGS@AV_AN_WAGE(1.0),Average annual wages,I,DEU,Germany,WG,Wages,USD_PPP,"US dollars, PPP converted",A,Annual,Q,Constant prices,MEAN,Mean,_Z,Not applicable,2015,,71243.967,,2025,,A,Normal value,0,Units,0,Zero
DATAFLOW,OECD.ELS.SAE:DSD_EARNINGS@AV_AN_WAGE(1.0),Average annual wages,I,DEU,Germany,WG,Wages,USD_PPP,"US dollars, PPP converted",A,Annual,Q,Constant prices,MEAN,Mean,_Z,Not applicable,2016,,72398.219,,2025,,A,Normal value,0,Units,0,Zero
DATAFLOW,OECD.ELS.SAE:DSD_EARNINGS@AV_AN_WAGE(1.0),Average annual wages,I,DEU,Germany,WG,Wages,USD_PPP,"US dollars, PPP converted",A,Annual,Q,Constant prices,MEAN,Mean,_Z,Not applicable,2017,,73176.585,,2025,,A,Normal value,0,Units,0,Zero
DATAFLOW,OECD.ELS.SAE:DSD_EARNINGS@AV_AN_WAGE(1.0),Average annual wages,I,DEU,Germany,WG,Wages,USD_PPP,"US dollars, PPP converted",A,Annual,Q,Constant prices,MEAN,Mean,_Z,Not applicable,2018,,74155.549,,2025,,A,Normal value,0,Units,0,Zero
DATAFLOW,OECD.ELS.SAE:DSD_EARNINGS@AV_AN_WAGE(1.0),Average annual wages,I,DEU,Germany,WG,Wages,USD_PPP,"US dollars, PPP converted",A,Annual,Q,Constant prices,MEAN,Mean,_Z,Not applicable,2019,,75376.183,,2025,,A,Normal value,0,Units,0,Zero
DATAFLOW,OECD.ELS.SAE:DSD_EARNINGS@AV_AN_WAGE(1.0),Average annual wages,I,DEU,Germany,WG,Wages,USD_PPP,"US dollars, PPP converted",A,Annual,Q,Constant prices,MEAN,Mean,_Z,Not applicable,2020,,74806.641,,2025,,A,Normal value,0,Units,0,Zero
DATAFLOW,OECD.ELS.SAE:DSD_EARNINGS@AV_AN_WAGE(1.0),Average annual wages,I,DEU,Germany,WG,Wages,USD_PPP,"US dollars, PPP converted",A,Annual,Q,Constant prices,MEAN,Mean,_Z,Not applicable,2021,,74656.666,,2025,,A,Normal value,0,Units,0,Zero
DATAFLOW,OECD.ELS.SAE:DSD_EARNINGS@AV_AN_WAGE(1.0),Average annual wages,I,DEU,Germany,WG,Wages,USD_PPP,"US dollars, PPP converted",A,Annual,Q,Constant prices,MEAN,Mean,_Z,Not applicable,2022,,73053.743,,2025,,A,Normal value,0,Units,0,Zero
DATAFLOW,OECD.ELS.SAE:DSD_EARNINGS@AV_AN_WAGE(1.0),Average annual wages,I,DEU,Germany,WG,Wages,USD_PPP,"US dollars, PPP converted",A,Annual,Q,Constant prices,MEAN,Mean,_Z,Not applicable,2023,,72953.447,,2025,,A,Normal value,0,Units,0,Zero
DATAFLOW,OECD.ELS.SAE:DSD_EARNINGS@AV_AN_WAGE(1.0),Average annual wages,I,DEU,Germany,WG,Wages,USD_PPP,"US dollars, PPP converted",A,Annual,Q,Constant prices,MEAN,Mean,_Z,Not applicable,2024,,74854.088,,2025,,A,Normal value,0,Units,0,Zero
DATAFLOW,OECD.ELS.SAE:DSD_EARNINGS@AV_AN_WAGE(1.0),Average annual wages,I,DEU,Germany,WG,Wages,USD_PPP,"US dollars, PPP converted",A,Annual,Q,Constant prices,MEAN,Mean,_Z,Not applicable,2025,,76284.517,,2025,,A,Normal value,0,Units,0,Zero
DATAFLOW,OECD.ELS.SAE:DSD_EARNINGS@AV_AN_WAGE(1.0),Average annual wages,I,GRC,Greece,WG,Wages,USD_PPP,"US dollars, PPP converted",A,Annual,Q,Constant prices,MEAN,Mean,_Z,Not applicable,1995,,25815.759,,2025,,A,Normal value,0,Units,0,Zero
DATAFLOW,OECD.ELS.SAE:DSD_EARNINGS@AV_AN_WAGE(1.0),Average annual wages,I,GRC,Greece,WG,Wages,USD_PPP,"US dollars, PPP converted",A,Annual,Q,Constant prices,MEAN,Mean,_Z,Not applicable,1996,,26210.166,,2025,,A,Normal value,0,Units,0,Zero
DATAFLOW,OECD.ELS.SAE:DSD_EARNINGS@AV_AN_WAGE(1.0),Average annual wages,I,GRC,Greece,WG,Wages,USD_PPP,"US dollars, PPP converted",A,Annual,Q,Constant prices,MEAN,Mean,_Z,Not applicable,1997,,28630.655,,2025,,A,Normal value,0,Units,0,Zero
DATAFLOW,OECD.ELS.SAE:DSD_EARNINGS@AV_AN_WAGE(1.0),Average annual wages,I,GRC,Greece,WG,Wages,USD_PPP,"US dollars, PPP converted",A,Annual,Q,Constant prices,MEAN,Mean,_Z,Not applicable,1998,,31025.845,,2025,,A,Normal value,0,Units,0,Zero
DATAFLOW,OECD.ELS.SAE:DSD_EARNINGS@AV_AN_WAGE(1.0),Average annual wages,I,GRC,Greece,WG,Wages,USD_PPP,"US dollars, PPP converted",A,Annual,Q,Constant prices,MEAN,Mean,_Z,Not applicable,1999,,31718.882,,2025,,A,Normal value,0,Units,0,Zero
DATAFLOW,OECD.ELS.SAE:DSD_EARNINGS@AV_AN_WAGE(1.0),Average annual wages,I,GRC,Greece,WG,Wages,USD_PPP,"US dollars, PPP converted",A,Annual,Q,Constant prices,MEAN,Mean,_Z,Not applicable,2000,,32710.224,,2025,,A,Normal value,0,Units,0,Zero
DATAFLOW,OECD.ELS.SAE:DSD_EARNINGS@AV_AN_WAGE(1.0),Average annual wages,I,GRC,Greece,WG,Wages,USD_PPP,"US dollars, PPP converted",A,Annual,Q,Constant prices,MEAN,Mean,_Z,Not applicable,2001,,34008.147,,2025,,A,Normal value,0,Units,0,Zero
DATAFLOW,OECD.ELS.SAE:DSD_EARNINGS@AV_AN_WAGE(1.0),Average annual wages,I,GRC,Greece,WG,Wages,USD_PPP,"US dollars, PPP converted",A,Annual,Q,Constant prices,MEAN,Mean,_Z,Not applicable,2002,,38933.898,,2025,,A,Normal value,0,Units,0,Zero
DATAFLOW,OECD.ELS.SAE:DSD_EARNINGS@AV_AN_WAGE(1.0),Average annual wages,I,GRC,Greece,WG,Wages,USD_PPP,"US dollars, PPP converted",A,Annual,Q,Constant prices,MEAN,Mean,_Z,Not applicable,2003,,40797.725,,2025,,A,Normal value,0,Units,0,Zero
DATAFLOW,OECD.ELS.SAE:DSD_EARNINGS@AV_AN_WAGE(1.0),Average annual wages,I,GRC,Greece,WG,Wages,USD_PPP,"US dollars, PPP converted",A,Annual,Q,Constant prices,MEAN,Mean,_Z,Not applicable,2004,,40471.582,,2025,,A,Normal value,0,Units,0,Zero
DATAFLOW,OECD.ELS.SAE:DSD_EARNINGS@AV_AN_WAGE(1.0),Average annual wages,I,GRC,Greece,WG,Wages,USD_PPP,"US dollars, PPP converted",A,Annual,Q,Constant prices,MEAN,Mean,_Z,Not applicable,2005,,41666.239,,2025,,A,Normal value,0,Units,0,Zero
DATAFLOW,OECD.ELS.SAE:DSD_EARNINGS@AV_AN_WAGE(1.0),Average annual wages,I,GRC,Greece,WG,Wages,USD_PPP,"US dollars, PPP converted",A,Annual,Q,Constant prices,MEAN,Mean,_Z,Not applicable,2006,,42679.102,,2025,,A,Normal value,0,Units,0,Zero
DATAFLOW,OECD.ELS.SAE:DSD_EARNINGS@AV_AN_WAGE(1.0),Average annual wages,I,GRC,Greece,WG,Wages,USD_PPP,"US dollars, PPP converted",A,Annual,Q,Constant prices,MEAN,Mean,_Z,Not applicable,2007,,42900.284,,2025,,A,Normal value,0,Units,0,Zero
DATAFLOW,OECD.ELS.SAE:DSD_EARNINGS@AV_AN_WAGE(1.0),Average annual wages,I,GRC,Greece,WG,Wages,USD_PPP,"US dollars, PPP converted",A,Annual,Q,Constant prices,MEAN,Mean,_Z,Not applicable,2008,,42285.252,,2025,,A,Normal value,0,Units,0,Zero
DATAFLOW,OECD.ELS.SAE:DSD_EARNINGS@AV_AN_WAGE(1.0),Average annual wages,I,GRC,Greece,WG,Wages,USD_PPP,"US dollars, PPP converted",A,Annual,Q,Constant prices,MEAN,Mean,_Z,Not applicable,2009,,44173.81,,2025,,A,Normal value,0,Units,0,Zero
DATAFLOW,OECD.ELS.SAE:DSD_EARNINGS@AV_AN_WAGE(1.0),Average annual wages,I,GRC,Greece,WG,Wages,USD_PPP,"US dollars, PPP converted",A,Annual,Q,Constant prices,MEAN,Mean,_Z,Not applicable,2010,,41642.664,,2025,,A,Normal value,0,Units,0,Zero
DATAFLOW,OECD.ELS.SAE:DSD_EARNINGS@AV_AN_WAGE(1.0),Average annual wages,I,GRC,Greece,WG,Wages,USD_PPP,"US dollars, PPP converted",A,Annual,Q,Constant prices,MEAN,Mean,_Z,Not applicable,2011,,39024.747,,2025,,A,Normal value,0,Units,0,Zero
DATAFLOW,OECD.ELS.SAE:DSD_EARNINGS@AV_AN_WAGE(1.0),Average annual wages,I,GRC,Greece,WG,Wages,USD_PPP,"US dollars, PPP converted",A,Annual,Q,Constant prices,MEAN,Mean,_Z,Not applicable,2012,,36754.804,,2025,,A,Normal value,0,Units,0,Zero
DATAFLOW,OECD.ELS.SAE:DSD_EARNINGS@AV_AN_WAGE(1.0),Average annual wages,I,GRC,Greece,WG,Wages,USD_PPP,"US dollars, PPP converted",A,Annual,Q,Constant prices,MEAN,Mean,_Z,Not applicable,2013,,34341.215,,2025,,A,Normal value,0,Units,0,Zero
DATAFLOW,OECD.ELS.SAE:DSD_EARNINGS@AV_AN_WAGE(1.0),Average annual wages,I,GRC,Greece,WG,Wages,USD_PPP,"US dollars, PPP converted",A,Annual,Q,Constant prices,MEAN,Mean,_Z,Not applicable,2014,,34222.425,,2025,,A,Normal value,0,Units,0,Zero
DATAFLOW,OECD.ELS.SAE:DSD_EARNINGS@AV_AN_WAGE(1.0),Average annual wages,I,GRC,Greece,WG,Wages,USD_PPP,"US dollars, PPP converted",A,Annual,Q,Constant prices,MEAN,Mean,_Z,Not applicable,2015,,34494.62,,2025,,A,Normal value,0,Units,0,Zero
DATAFLOW,OECD.ELS.SAE:DSD_EARNINGS@AV_AN_WAGE(1.0),Average annual wages,I,GRC,Greece,WG,Wages,USD_PPP,"US dollars, PPP converted",A,Annual,Q,Constant prices,MEAN,Mean,_Z,Not applicable,2016,,33712.949,,2025,,A,Normal value,0,Units,0,Zero
DATAFLOW,OECD.ELS.SAE:DSD_EARNINGS@AV_AN_WAGE(1.0),Average annual wages,I,GRC,Greece,WG,Wages,USD_PPP,"US dollars, PPP converted",A,Annual,Q,Constant prices,MEAN,Mean,_Z,Not applicable,2017,,33741.697,,2025,,A,Normal value,0,Units,0,Zero
DATAFLOW,OECD.ELS.SAE:DSD_EARNINGS@AV_AN_WAGE(1.0),Average annual wages,I,GRC,Greece,WG,Wages,USD_PPP,"US dollars, PPP converted",A,Annual,Q,Constant prices,MEAN,Mean,_Z,Not applicable,2018,,32362.741,,2025,,A,Normal value,0,Units,0,Zero
DATAFLOW,OECD.ELS.SAE:DSD_EARNINGS@AV_AN_WAGE(1.0),Average annual wages,I,GRC,Greece,WG,Wages,USD_PPP,"US dollars, PPP converted",A,Annual,Q,Constant prices,MEAN,Mean,_Z,Not applicable,2019,,32442.169,,2025,,A,Normal value,0,Units,0,Zero
DATAFLOW,OECD.ELS.SAE:DSD_EARNINGS@AV_AN_WAGE(1.0),Average annual wages,I,GRC,Greece,WG,Wages,USD_PPP,"US dollars, PPP converted",A,Annual,Q,Constant prices,MEAN,Mean,_Z,Not applicable,2020,,32517.391,,2025,,A,Normal value,0,Units,0,Zero
DATAFLOW,OECD.ELS.SAE:DSD_EARNINGS@AV_AN_WAGE(1.0),Average annual wages,I,GRC,Greece,WG,Wages,USD_PPP,"US dollars, PPP converted",A,Annual,Q,Constant prices,MEAN,Mean,_Z,Not applicable,2021,,32586.977,,2025,,A,Normal value,0,Units,0,Zero
DATAFLOW,OECD.ELS.SAE:DSD_EARNINGS@AV_AN_WAGE(1.0),Average annual wages,I,GRC,Greece,WG,Wages,USD_PPP,"US dollars, PPP converted",A,Annual,Q,Constant prices,MEAN,Mean,_Z,Not applicable,2022,,31422.875,,2025,,A,Normal value,0,Units,0,Zero
DATAFLOW,OECD.ELS.SAE:DSD_EARNINGS@AV_AN_WAGE(1.0),Average annual wages,I,GRC,Greece,WG,Wages,USD_PPP,"US dollars, PPP converted",A,Annual,Q,Constant prices,MEAN,Mean,_Z,Not applicable,2023,,31432.149,,2025,,A,Normal value,0,Units,0,Zero
DATAFLOW,OECD.ELS.SAE:DSD_EARNINGS@AV_AN_WAGE(1.0),Average annual wages,I,GRC,Greece,WG,Wages,USD_PPP,"US dollars, PPP converted",A,Annual,Q,Constant prices,MEAN,Mean,_Z,Not applicable,2024,,32502.756,,2025,,A,Normal value,0,Units,0,Zero
DATAFLOW,OECD.ELS.SAE:DSD_EARNINGS@AV_AN_WAGE(1.0),Average annual wages,I,GRC,Greece,WG,Wages,USD_PPP,"US dollars, PPP converted",A,Annual,Q,Constant prices,MEAN,Mean,_Z,Not applicable,2025,,32412.152,,2025,,A,Normal value,0,Units,0,Zero
DATAFLOW,OECD.ELS.SAE:DSD_EARNINGS@AV_AN_WAGE(1.0),Average annual wages,I,HUN,Hungary,WG,Wages,USD_PPP,"US dollars, PPP converted",A,Annual,Q,Constant prices,MEAN,Mean,_Z,Not applicable,1995,,18442.174,,2025,,A,Normal value,0,Units,0,Zero
DATAFLOW,OECD.ELS.SAE:DSD_EARNINGS@AV_AN_WAGE(1.0),Average annual wages,I,HUN,Hungary,WG,Wages,USD_PPP,"US dollars, PPP converted",A,Annual,Q,Constant prices,MEAN,Mean,_Z,Not applicable,1996,,18447.107,,2025,,A,Normal value,0,Units,0,Zero
DATAFLOW,OECD.ELS.SAE:DSD_EARNINGS@AV_AN_WAGE(1.0),Average annual wages,I,HUN,Hungary,WG,Wages,USD_PPP,"US dollars, PPP converted",A,Annual,Q,Constant prices,MEAN,Mean,_Z,Not applicable,1997,,18907.547,,2025,,A,Normal value,0,Units,0,Zero
DATAFLOW,OECD.ELS.SAE:DSD_EARNINGS@AV_AN_WAGE(1.0),Average annual wages,I,HUN,Hungary,WG,Wages,USD_PPP,"US dollars, PPP converted",A,Annual,Q,Constant prices,MEAN,Mean,_Z,Not applicable,1998,,19316.998,,2025,,A,Normal value,0,Units,0,Zero
DATAFLOW,OECD.ELS.SAE:DSD_EARNINGS@AV_AN_WAGE(1.0),Average annual wages,I,HUN,Hungary,WG,Wages,USD_PPP,"US dollars, PPP converted",A,Annual,Q,Constant prices,MEAN,Mean,_Z,Not applicable,1999,,19408.878,,2025,,A,Normal value,0,Units,0,Zero
DATAFLOW,OECD.ELS.SAE:DSD_EARNINGS@AV_AN_WAGE(1.0),Average annual wages,I,HUN,Hungary,WG,Wages,USD_PPP,"US dollars, PPP converted",A,Annual,Q,Constant prices,MEAN,Mean,_Z,Not applicable,2000,,20304.267,,2025,,A,Normal value,0,Units,0,Zero
DATAFLOW,OECD.ELS.SAE:DSD_EARNINGS@AV_AN_WAGE(1.0),Average annual wages,I,HUN,Hungary,WG,Wages,USD_PPP,"US dollars, PPP converted",A,Annual,Q,Constant prices,MEAN,Mean,_Z,Not applicable,2001,,21876.235,,2025,,A,Normal value,0,Units,0,Zero
DATAFLOW,OECD.ELS.SAE:DSD_EARNINGS@AV_AN_WAGE(1.0),Average annual wages,I,HUN,Hungary,WG,Wages,USD_PPP,"US dollars, PPP converted",A,Annual,Q,Constant prices,MEAN,Mean,_Z,Not applicable,2002,,22878.986,,2025,,A,Normal value,0,Units,0,Zero
DATAFLOW,OECD.ELS.SAE:DSD_EARNINGS@AV_AN_WAGE(1.0),Average annual wages,I,HUN,Hungary,WG,Wages,USD_PPP,"US dollars, PPP converted",A,Annual,Q,Constant prices,MEAN,Mean,_Z,Not applicable,2003,,24635.714,,2025,,A,Normal value,0,Units,0,Zero
DATAFLOW,OECD.ELS.SAE:DSD_EARNINGS@AV_AN_WAGE(1.0),Average annual wages,I,HUN,Hungary,WG,Wages,USD_PPP,"US dollars, PPP converted",A,Annual,Q,Constant prices,MEAN,Mean,_Z,Not applicable,2004,,26307.39,,2025,,A,Normal value,0,Units,0,Zero
DATAFLOW,OECD.ELS.SAE:DSD_EARNINGS@AV_AN_WAGE(1.0),Average annual wages,I,HUN,Hungary,WG,Wages,USD_PPP,"US dollars, PPP converted",A,Annual,Q,Constant prices,MEAN,Mean,_Z,Not applicable,2005,,27518.128,,2025,,A,Normal value,0,Units,0,Zero
DATAFLOW,OECD.ELS.SAE:DSD_EARNINGS@AV_AN_WAGE(1.0),Average annual wages,I,HUN,Hungary,WG,Wages,USD_PPP,"US dollars, PPP converted",A,Annual,Q,Constant prices,MEAN,Mean,_Z,Not applicable,2006,,28153.36,,2025,,A,Normal value,0,Units,0,Zero
DATAFLOW,OECD.ELS.SAE:DSD_EARNINGS@AV_AN_WAGE(1.0),Average annual wages,I,HUN,Hungary,WG,Wages,USD_PPP,"US dollars, PPP converted",A,Annual,Q,Constant prices,MEAN,Mean,_Z,Not applicable,2007,,27882.626,,2025,,A,Normal value,0,Units,0,Zero
DATAFLOW,OECD.ELS.SAE:DSD_EARNINGS@AV_AN_WAGE(1.0),Average annual wages,I,HUN,Hungary,WG,Wages,USD_PPP,"US dollars, PPP converted",A,Annual,Q,Constant prices,MEAN,Mean,_Z,Not applicable,2008,,28353.533,,2025,,A,Normal value,0,Units,0,Zero
DATAFLOW,OECD.ELS.SAE:DSD_EARNINGS@AV_AN_WAGE(1.0),Average annual wages,I,HUN,Hungary,WG,Wages,USD_PPP,"US dollars, PPP converted",A,Annual,Q,Constant prices,MEAN,Mean,_Z,Not applicable,2009,,26748.582,,2025,,A,Normal value,0,Units,0,Zero
DATAFLOW,OECD.ELS.SAE:DSD_EARNINGS@AV_AN_WAGE(1.0),Average annual wages,I,HUN,Hungary,WG,Wages,USD_PPP,"US dollars, PPP converted",A,Annual,Q,Constant prices,MEAN,Mean,_Z,Not applicable,2010,,27273.439,,2025,,A,Normal value,0,Units,0,Zero
DATAFLOW,OECD.ELS.SAE:DSD_EARNINGS@AV_AN_WAGE(1.0),Average annual wages,I,HUN,Hungary,WG,Wages,USD_PPP,"US dollars, PPP converted",A,Annual,Q,Constant prices,MEAN,Mean,_Z,Not applicable,2011,,27659.186,,2025,,A,Normal value,0,Units,0,Zero
DATAFLOW,OECD.ELS.SAE:DSD_EARNINGS@AV_AN_WAGE(1.0),Average annual wages,I,HUN,Hungary,WG,Wages,USD_PPP,"US dollars, PPP converted",A,Annual,Q,Constant prices,MEAN,Mean,_Z,Not applicable,2012,,26821.936,,2025,,A,Normal value,0,Units,0,Zero
DATAFLOW,OECD.ELS.SAE:DSD_EARNINGS@AV_AN_WAGE(1.0),Average annual wages,I,HUN,Hungary,WG,Wages,USD_PPP,"US dollars, PPP converted",A,Annual,Q,Constant prices,MEAN,Mean,_Z,Not applicable,2013,,26532.073,,2025,,A,Normal value,0,Units,0,Zero
DATAFLOW,OECD.ELS.SAE:DSD_EARNINGS@AV_AN_WAGE(1.0),Average annual wages,I,HUN,Hungary,WG,Wages,USD_PPP,"US dollars, PPP converted",A,Annual,Q,Constant prices,MEAN,Mean,_Z,Not applicable,2014,,26132.829,,2025,,A,Normal value,0,Units,0,Zero
DATAFLOW,OECD.ELS.SAE:DSD_EARNINGS@AV_AN_WAGE(1.0),Average annual wages,I,HUN,Hungary,WG,Wages,USD_PPP,"US dollars, PPP converted",A,Annual,Q,Constant prices,MEAN,Mean,_Z,Not applicable,2015,,26390.102,,2025,,A,Normal value,0,Units,0,Zero
DATAFLOW,OECD.ELS.SAE:DSD_EARNINGS@AV_AN_WAGE(1.0),Average annual wages,I,HUN,Hungary,WG,Wages,USD_PPP,"US dollars, PPP converted",A,Annual,Q,Constant prices,MEAN,Mean,_Z,Not applicable,2016,,26828.805,,2025,,A,Normal value,0,Units,0,Zero
DATAFLOW,OECD.ELS.SAE:DSD_EARNINGS@AV_AN_WAGE(1.0),Average annual wages,I,HUN,Hungary,WG,Wages,USD_PPP,"US dollars, PPP converted",A,Annual,Q,Constant prices,MEAN,Mean,_Z,Not applicable,2017,,28747.49,,2025,,A,Normal value,0,Units,0,Zero
DATAFLOW,OECD.ELS.SAE:DSD_EARNINGS@AV_AN_WAGE(1.0),Average annual wages,I,HUN,Hungary,WG,Wages,USD_PPP,"US dollars, PPP converted",A,Annual,Q,Constant prices,MEAN,Mean,_Z,Not applicable,2018,,30135.232,,2025,,A,Normal value,0,Units,0,Zero
DATAFLOW,OECD.ELS.SAE:DSD_EARNINGS@AV_AN_WAGE(1.0),Average annual wages,I,HUN,Hungary,WG,Wages,USD_PPP,"US dollars, PPP converted",A,Annual,Q,Constant prices,MEAN,Mean,_Z,Not applicable,2019,,31914.254,,2025,,A,Normal value,0,Units,0,Zero
DATAFLOW,OECD.ELS.SAE:DSD_EARNINGS@AV_AN_WAGE(1.0),Average annual wages,I,HUN,Hungary,WG,Wages,USD_PPP,"US dollars, PPP converted",A,Annual,Q,Constant prices,MEAN,Mean,_Z,Not applicable,2020,,32961.102,,2025,,A,Normal value,0,Units,0,Zero
DATAFLOW,OECD.ELS.SAE:DSD_EARNINGS@AV_AN_WAGE(1.0),Average annual wages,I,HUN,Hungary,WG,Wages,USD_PPP,"US dollars, PPP converted",A,Annual,Q,Constant prices,MEAN,Mean,_Z,Not applicable,2021,,33904.924,,2025,,A,Normal value,0,Units,0,Zero
DATAFLOW,OECD.ELS.SAE:DSD_EARNINGS@AV_AN_WAGE(1.0),Average annual wages,I,HUN,Hungary,WG,Wages,USD_PPP,"US dollars, PPP converted",A,Annual,Q,Constant prices,MEAN,Mean,_Z,Not applicable,2022,,35029.585,,2025,,A,Normal value,0,Units,0,Zero
DATAFLOW,OECD.ELS.SAE:DSD_EARNINGS@AV_AN_WAGE(1.0),Average annual wages,I,HUN,Hungary,WG,Wages,USD_PPP,"US dollars, PPP converted",A,Annual,Q,Constant prices,MEAN,Mean,_Z,Not applicable,2023,,35535.962,,2025,,A,Normal value,0,Units,0,Zero
DATAFLOW,OECD.ELS.SAE:DSD_EARNINGS@AV_AN_WAGE(1.0),Average annual wages,I,HUN,Hungary,WG,Wages,USD_PPP,"US dollars, PPP converted",A,Annual,Q,Constant prices,MEAN,Mean,_Z,Not applicable,2024,,37852.184,,2025,,A,Normal value,0,Units,0,Zero
DATAFLOW,OECD.ELS.SAE:DSD_EARNINGS@AV_AN_WAGE(1.0),Average annual wages,I,HUN,Hungary,WG,Wages,USD_PPP,"US dollars, PPP converted",A,Annual,Q,Constant prices,MEAN,Mean,_Z,Not applicable,2025,,39144.852,,2025,,A,Normal value,0,Units,0,Zero
DATAFLOW,OECD.ELS.SAE:DSD_EARNINGS@AV_AN_WAGE(1.0),Average annual wages,I,ISL,Iceland,WG,Wages,USD_PPP,"US dollars, PPP converted",A,Annual,Q,Constant prices,MEAN,Mean,_Z,Not applicable,1990,,52803.859,,2025,,A,Normal value,0,Units,0,Zero
DATAFLOW,OECD.ELS.SAE:DSD_EARNINGS@AV_AN_WAGE(1.0),Average annual wages,I,ISL,Iceland,WG,Wages,USD_PPP,"US dollars, PPP converted",A,Annual,Q,Constant prices,MEAN,Mean,_Z,Not applicable,1991,,57086.748,,2025,,A,Normal value,0,Units,0,Zero
DATAFLOW,OECD.ELS.SAE:DSD_EARNINGS@AV_AN_WAGE(1.0),Average annual wages,I,ISL,Iceland,WG,Wages,USD_PPP,"US dollars, PPP converted",A,Annual,Q,Constant prices,MEAN,Mean,_Z,Not applicable,1992,,55107.6,,2025,,A,Normal value,0,Units,0,Zero
DATAFLOW,OECD.ELS.SAE:DSD_EARNINGS@AV_AN_WAGE(1.0),Average annual wages,I,ISL,Iceland,WG,Wages,USD_PPP,"US dollars, PPP converted",A,Annual,Q,Constant prices,MEAN,Mean,_Z,Not applicable,1993,,52194.823,,2025,,A,Normal value,0,Units,0,Zero
DATAFLOW,OECD.ELS.SAE:DSD_EARNINGS@AV_AN_WAGE(1.0),Average annual wages,I,ISL,Iceland,WG,Wages,USD_PPP,"US dollars, PPP converted",A,Annual,Q,Constant prices,MEAN,Mean,_Z,Not applicable,1994,,53245.433,,2025,,A,Normal value,0,Units,0,Zero
DATAFLOW,OECD.ELS.SAE:DSD_EARNINGS@AV_AN_WAGE(1.0),Average annual wages,I,ISL,Iceland,WG,Wages,USD_PPP,"US dollars, PPP converted",A,Annual,Q,Constant prices,MEAN,Mean,_Z,Not applicable,1995,,54527.894,,2025,,A,Normal value,0,Units,0,Zero
DATAFLOW,OECD.ELS.SAE:DSD_EARNINGS@AV_AN_WAGE(1.0),Average annual wages,I,ISL,Iceland,WG,Wages,USD_PPP,"US dollars, PPP converted",A,Annual,Q,Constant prices,MEAN,Mean,_Z,Not applicable,1996,,56256.045,,2025,,A,Normal value,0,Units,0,Zero
DATAFLOW,OECD.ELS.SAE:DSD_EARNINGS@AV_AN_WAGE(1.0),Average annual wages,I,ISL,Iceland,WG,Wages,USD_PPP,"US dollars, PPP converted",A,Annual,Q,Constant prices,MEAN,Mean,_Z,Not applicable,1997,,58642.203,,2025,,A,Normal value,0,Units,0,Zero
DATAFLOW,OECD.ELS.SAE:DSD_EARNINGS@AV_AN_WAGE(1.0),Average annual wages,I,ISL,Iceland,WG,Wages,USD_PPP,"US dollars, PPP converted",A,Annual,Q,Constant prices,MEAN,Mean,_Z,Not applicable,1998,,64718.238,,2025,,A,Normal value,0,Units,0,Zero
DATAFLOW,OECD.ELS.SAE:DSD_EARNINGS@AV_AN_WAGE(1.0),Average annual wages,I,ISL,Iceland,WG,Wages,USD_PPP,"US dollars, PPP converted",A,Annual,Q,Constant prices,MEAN,Mean,_Z,Not applicable,1999,,67745.143,,2025,,A,Normal value,0,Units,0,Zero
DATAFLOW,OECD.ELS.SAE:DSD_EARNINGS@AV_AN_WAGE(1.0),Average annual wages,I,ISL,Iceland,WG,Wages,USD_PPP,"US dollars, PPP converted",A,Annual,Q,Constant prices,MEAN,Mean,_Z,Not applicable,2000,,69821.423,,2025,,A,Normal value,0,Units,0,Zero
DATAFLOW,OECD.ELS.SAE:DSD_EARNINGS@AV_AN_WAGE(1.0),Average annual wages,I,ISL,Iceland,WG,Wages,USD_PPP,"US dollars, PPP converted",A,Annual,Q,Constant prices,MEAN,Mean,_Z,Not applicable,2001,,69286.85,,2025,,A,Normal value,0,Units,0,Zero
DATAFLOW,OECD.ELS.SAE:DSD_EARNINGS@AV_AN_WAGE(1.0),Average annual wages,I,ISL,Iceland,WG,Wages,USD_PPP,"US dollars, PPP converted",A,Annual,Q,Constant prices,MEAN,Mean,_Z,Not applicable,2002,,71277.917,,2025,,A,Normal value,0,Units,0,Zero
DATAFLOW,OECD.ELS.SAE:DSD_EARNINGS@AV_AN_WAGE(1.0),Average annual wages,I,ISL,Iceland,WG,Wages,USD_PPP,"US dollars, PPP converted",A,Annual,Q,Constant prices,MEAN,Mean,_Z,Not applicable,2003,,69467.72,,2025,,A,Normal value,0,Units,0,Zero
DATAFLOW,OECD.ELS.SAE:DSD_EARNINGS@AV_AN_WAGE(1.0),Average annual wages,I,ISL,Iceland,WG,Wages,USD_PPP,"US dollars, PPP converted",A,Annual,Q,Constant prices,MEAN,Mean,_Z,Not applicable,2004,,73662.948,,2025,,A,Normal value,0,Units,0,Zero
DATAFLOW,OECD.ELS.SAE:DSD_EARNINGS@AV_AN_WAGE(1.0),Average annual wages,I,ISL,Iceland,WG,Wages,USD_PPP,"US dollars, PPP converted",A,Annual,Q,Constant prices,MEAN,Mean,_Z,Not applicable,2005,,79376.592,,2025,,A,Normal value,0,Units,0,Zero
DATAFLOW,OECD.ELS.SAE:DSD_EARNINGS@AV_AN_WAGE(1.0),Average annual wages,I,ISL,Iceland,WG,Wages,USD_PPP,"US dollars, PPP converted",A,Annual,Q,Constant prices,MEAN,Mean,_Z,Not applicable,2006,,83481.63,,2025,,A,Normal value,0,Units,0,Zero
DATAFLOW,OECD.ELS.SAE:DSD_EARNINGS@AV_AN_WAGE(1.0),Average annual wages,I,ISL,Iceland,WG,Wages,USD_PPP,"US dollars, PPP converted",A,Annual,Q,Constant prices,MEAN,Mean,_Z,Not applicable,2007,,86001.653,,2025,,A,Normal value,0,Units,0,Zero
DATAFLOW,OECD.ELS.SAE:DSD_EARNINGS@AV_AN_WAGE(1.0),Average annual wages,I,ISL,Iceland,WG,Wages,USD_PPP,"US dollars, PPP converted",A,Annual,Q,Constant prices,MEAN,Mean,_Z,Not applicable,2008,,76223.198,,2025,,A,Normal value,0,Units,0,Zero
DATAFLOW,OECD.ELS.SAE:DSD_EARNINGS@AV_AN_WAGE(1.0),Average annual wages,I,ISL,Iceland,WG,Wages,USD_PPP,"US dollars, PPP converted",A,Annual,Q,Constant prices,MEAN,Mean,_Z,Not applicable,2009,,64452.259,,2025,,A,Normal value,0,Units,0,Zero
DATAFLOW,OECD.ELS.SAE:DSD_EARNINGS@AV_AN_WAGE(1.0),Average annual wages,I,ISL,Iceland,WG,Wages,USD_PPP,"US dollars, PPP converted",A,Annual,Q,Constant prices,MEAN,Mean,_Z,Not applicable,2010,,66441.153,,2025,,A,Normal value,0,Units,0,Zero
DATAFLOW,OECD.ELS.SAE:DSD_EARNINGS@AV_AN_WAGE(1.0),Average annual wages,I,ISL,Iceland,WG,Wages,USD_PPP,"US dollars, PPP converted",A,Annual,Q,Constant prices,MEAN,Mean,_Z,Not applicable,2011,,69887.076,,2025,,A,Normal value,0,Units,0,Zero
DATAFLOW,OECD.ELS.SAE:DSD_EARNINGS@AV_AN_WAGE(1.0),Average annual wages,I,ISL,Iceland,WG,Wages,USD_PPP,"US dollars, PPP converted",A,Annual,Q,Constant prices,MEAN,Mean,_Z,Not applicable,2012,,69273.948,,2025,,A,Normal value,0,Units,0,Zero
DATAFLOW,OECD.ELS.SAE:DSD_EARNINGS@AV_AN_WAGE(1.0),Average annual wages,I,ISL,Iceland,WG,Wages,USD_PPP,"US dollars, PPP converted",A,Annual,Q,Constant prices,MEAN,Mean,_Z,Not applicable,2013,,70338.194,,2025,,A,Normal value,0,Units,0,Zero
DATAFLOW,OECD.ELS.SAE:DSD_EARNINGS@AV_AN_WAGE(1.0),Average annual wages,I,ISL,Iceland,WG,Wages,USD_PPP,"US dollars, PPP converted",A,Annual,Q,Constant prices,MEAN,Mean,_Z,Not applicable,2014,,70863.846,,2025,,A,Normal value,0,Units,0,Zero
DATAFLOW,OECD.ELS.SAE:DSD_EARNINGS@AV_AN_WAGE(1.0),Average annual wages,I,ISL,Iceland,WG,Wages,USD_PPP,"US dollars, PPP converted",A,Annual,Q,Constant prices,MEAN,Mean,_Z,Not applicable,2015,,74730.467,,2025,,A,Normal value,0,Units,0,Zero
DATAFLOW,OECD.ELS.SAE:DSD_EARNINGS@AV_AN_WAGE(1.0),Average annual wages,I,ISL,Iceland,WG,Wages,USD_PPP,"US dollars, PPP converted",A,Annual,Q,Constant prices,MEAN,Mean,_Z,Not applicable,2016,,79437.637,,2025,,A,Normal value,0,Units,0,Zero
DATAFLOW,OECD.ELS.SAE:DSD_EARNINGS@AV_AN_WAGE(1.0),Average annual wages,I,ISL,Iceland,WG,Wages,USD_PPP,"US dollars, PPP converted",A,Annual,Q,Constant prices,MEAN,Mean,_Z,Not applicable,2017,,86415.059,,2025,,A,Normal value,0,Units,0,Zero
DATAFLOW,OECD.ELS.SAE:DSD_EARNINGS@AV_AN_WAGE(1.0),Average annual wages,I,ISL,Iceland,WG,Wages,USD_PPP,"US dollars, PPP converted",A,Annual,Q,Constant prices,MEAN,Mean,_Z,Not applicable,2018,,91008.104,,2025,,A,Normal value,0,Units,0,Zero
DATAFLOW,OECD.ELS.SAE:DSD_EARNINGS@AV_AN_WAGE(1.0),Average annual wages,I,ISL,Iceland,WG,Wages,USD_PPP,"US dollars, PPP converted",A,Annual,Q,Constant prices,MEAN,Mean,_Z,Not applicable,2019,,87858.902,,2025,,A,Normal value,0,Units,0,Zero
DATAFLOW,OECD.ELS.SAE:DSD_EARNINGS@AV_AN_WAGE(1.0),Average annual wages,I,ISL,Iceland,WG,Wages,USD_PPP,"US dollars, PPP converted",A,Annual,Q,Constant prices,MEAN,Mean,_Z,Not applicable,2020,,82749.727,,2025,,A,Normal value,0,Units,0,Zero
DATAFLOW,OECD.ELS.SAE:DSD_EARNINGS@AV_AN_WAGE(1.0),Average annual wages,I,ISL,Iceland,WG,Wages,USD_PPP,"US dollars, PPP converted",A,Annual,Q,Constant prices,MEAN,Mean,_Z,Not applicable,2021,,87355.524,,2025,,A,Normal value,0,Units,0,Zero
DATAFLOW,OECD.ELS.SAE:DSD_EARNINGS@AV_AN_WAGE(1.0),Average annual wages,I,ISL,Iceland,WG,Wages,USD_PPP,"US dollars, PPP converted",A,Annual,Q,Constant prices,MEAN,Mean,_Z,Not applicable,2022,,94231.836,,2025,,A,Normal value,0,Units,0,Zero
DATAFLOW,OECD.ELS.SAE:DSD_EARNINGS@AV_AN_WAGE(1.0),Average annual wages,I,ISL,Iceland,WG,Wages,USD_PPP,"US dollars, PPP converted",A,Annual,Q,Constant prices,MEAN,Mean,_Z,Not applicable,2023,,97143.583,,2025,,A,Normal value,0,Units,0,Zero
DATAFLOW,OECD.ELS.SAE:DSD_EARNINGS@AV_AN_WAGE(1.0),Average annual wages,I,ISL,Iceland,WG,Wages,USD_PPP,"US dollars, PPP converted",A,Annual,Q,Constant prices,MEAN,Mean,_Z,Not applicable,2024,,98804.92,,2025,,A,Normal value,0,Units,0,Zero
DATAFLOW,OECD.ELS.SAE:DSD_EARNINGS@AV_AN_WAGE(1.0),Average annual wages,I,ISL,Iceland,WG,Wages,USD_PPP,"US dollars, PPP converted",A,Annual,Q,Constant prices,MEAN,Mean,_Z,Not applicable,2025,,100605.43,,2025,,A,Normal value,0,Units,0,Zero
DATAFLOW,OECD.ELS.SAE:DSD_EARNINGS@AV_AN_WAGE(1.0),Average annual wages,I,IRL,Ireland,WG,Wages,USD_PPP,"US dollars, PPP converted",A,Annual,Q,Constant prices,MEAN,Mean,_Z,Not applicable,1990,,33757.093,,2025,,A,Normal value,0,Units,0,Zero
DATAFLOW,OECD.ELS.SAE:DSD_EARNINGS@AV_AN_WAGE(1.0),Average annual wages,I,IRL,Ireland,WG,Wages,USD_PPP,"US dollars, PPP converted",A,Annual,Q,Constant prices,MEAN,Mean,_Z,Not applicable,1991,,35151.839,,2025,,A,Normal value,0,Units,0,Zero
DATAFLOW,OECD.ELS.SAE:DSD_EARNINGS@AV_AN_WAGE(1.0),Average annual wages,I,IRL,Ireland,WG,Wages,USD_PPP,"US dollars, PPP converted",A,Annual,Q,Constant prices,MEAN,Mean,_Z,Not applicable,1992,,36616.541,,2025,,A,Normal value,0,Units,0,Zero
DATAFLOW,OECD.ELS.SAE:DSD_EARNINGS@AV_AN_WAGE(1.0),Average annual wages,I,IRL,Ireland,WG,Wages,USD_PPP,"US dollars, PPP converted",A,Annual,Q,Constant prices,MEAN,Mean,_Z,Not applicable,1993,,38429.074,,2025,,A,Normal value,0,Units,0,Zero
DATAFLOW,OECD.ELS.SAE:DSD_EARNINGS@AV_AN_WAGE(1.0),Average annual wages,I,IRL,Ireland,WG,Wages,USD_PPP,"US dollars, PPP converted",A,Annual,Q,Constant prices,MEAN,Mean,_Z,Not applicable,1994,,38679.922,,2025,,A,Normal value,0,Units,0,Zero
DATAFLOW,OECD.ELS.SAE:DSD_EARNINGS@AV_AN_WAGE(1.0),Average annual wages,I,IRL,Ireland,WG,Wages,USD_PPP,"US dollars, PPP converted",A,Annual,Q,Constant prices,MEAN,Mean,_Z,Not applicable,1995,,39366.597,,2025,,A,Normal value,0,Units,0,Zero
DATAFLOW,OECD.ELS.SAE:DSD_EARNINGS@AV_AN_WAGE(1.0),Average annual wages,I,IRL,Ireland,WG,Wages,USD_PPP,"US dollars, PPP converted",A,Annual,Q,Constant prices,MEAN,Mean,_Z,Not applicable,1996,,40714.683,,2025,,A,Normal value,0,Units,0,Zero
DATAFLOW,OECD.ELS.SAE:DSD_EARNINGS@AV_AN_WAGE(1.0),Average annual wages,I,IRL,Ireland,WG,Wages,USD_PPP,"US dollars, PPP converted",A,Annual,Q,Constant prices,MEAN,Mean,_Z,Not applicable,1997,,43611.377,,2025,,A,Normal value,0,Units,0,Zero
DATAFLOW,OECD.ELS.SAE:DSD_EARNINGS@AV_AN_WAGE(1.0),Average annual wages,I,IRL,Ireland,WG,Wages,USD_PPP,"US dollars, PPP converted",A,Annual,Q,Constant prices,MEAN,Mean,_Z,Not applicable,1998,,45960.591,,2025,,A,Normal value,0,Units,0,Zero
DATAFLOW,OECD.ELS.SAE:DSD_EARNINGS@AV_AN_WAGE(1.0),Average annual wages,I,IRL,Ireland,WG,Wages,USD_PPP,"US dollars, PPP converted",A,Annual,Q,Constant prices,MEAN,Mean,_Z,Not applicable,1999,,46982.85,,2025,,A,Normal value,0,Units,0,Zero
DATAFLOW,OECD.ELS.SAE:DSD_EARNINGS@AV_AN_WAGE(1.0),Average annual wages,I,IRL,Ireland,WG,Wages,USD_PPP,"US dollars, PPP converted",A,Annual,Q,Constant prices,MEAN,Mean,_Z,Not applicable,2000,,48116.624,,2025,,A,Normal value,0,Units,0,Zero
DATAFLOW,OECD.ELS.SAE:DSD_EARNINGS@AV_AN_WAGE(1.0),Average annual wages,I,IRL,Ireland,WG,Wages,USD_PPP,"US dollars, PPP converted",A,Annual,Q,Constant prices,MEAN,Mean,_Z,Not applicable,2001,,50086.794,,2025,,A,Normal value,0,Units,0,Zero
DATAFLOW,OECD.ELS.SAE:DSD_EARNINGS@AV_AN_WAGE(1.0),Average annual wages,I,IRL,Ireland,WG,Wages,USD_PPP,"US dollars, PPP converted",A,Annual,Q,Constant prices,MEAN,Mean,_Z,Not applicable,2002,,50678.975,,2025,,A,Normal value,0,Units,0,Zero
DATAFLOW,OECD.ELS.SAE:DSD_EARNINGS@AV_AN_WAGE(1.0),Average annual wages,I,IRL,Ireland,WG,Wages,USD_PPP,"US dollars, PPP converted",A,Annual,Q,Constant prices,MEAN,Mean,_Z,Not applicable,2003,,52436.886,,2025,,A,Normal value,0,Units,0,Zero
DATAFLOW,OECD.ELS.SAE:DSD_EARNINGS@AV_AN_WAGE(1.0),Average annual wages,I,IRL,Ireland,WG,Wages,USD_PPP,"US dollars, PPP converted",A,Annual,Q,Constant prices,MEAN,Mean,_Z,Not applicable,2004,,54383.275,,2025,,A,Normal value,0,Units,0,Zero
DATAFLOW,OECD.ELS.SAE:DSD_EARNINGS@AV_AN_WAGE(1.0),Average annual wages,I,IRL,Ireland,WG,Wages,USD_PPP,"US dollars, PPP converted",A,Annual,Q,Constant prices,MEAN,Mean,_Z,Not applicable,2005,,56622.579,,2025,,A,Normal value,0,Units,0,Zero
DATAFLOW,OECD.ELS.SAE:DSD_EARNINGS@AV_AN_WAGE(1.0),Average annual wages,I,IRL,Ireland,WG,Wages,USD_PPP,"US dollars, PPP converted",A,Annual,Q,Constant prices,MEAN,Mean,_Z,Not applicable,2006,,57079.395,,2025,,A,Normal value,0,Units,0,Zero
DATAFLOW,OECD.ELS.SAE:DSD_EARNINGS@AV_AN_WAGE(1.0),Average annual wages,I,IRL,Ireland,WG,Wages,USD_PPP,"US dollars, PPP converted",A,Annual,Q,Constant prices,MEAN,Mean,_Z,Not applicable,2007,,58705.768,,2025,,A,Normal value,0,Units,0,Zero
DATAFLOW,OECD.ELS.SAE:DSD_EARNINGS@AV_AN_WAGE(1.0),Average annual wages,I,IRL,Ireland,WG,Wages,USD_PPP,"US dollars, PPP converted",A,Annual,Q,Constant prices,MEAN,Mean,_Z,Not applicable,2008,,61595.107,,2025,,A,Normal value,0,Units,0,Zero
DATAFLOW,OECD.ELS.SAE:DSD_EARNINGS@AV_AN_WAGE(1.0),Average annual wages,I,IRL,Ireland,WG,Wages,USD_PPP,"US dollars, PPP converted",A,Annual,Q,Constant prices,MEAN,Mean,_Z,Not applicable,2009,,67628.519,,2025,,A,Normal value,0,Units,0,Zero
DATAFLOW,OECD.ELS.SAE:DSD_EARNINGS@AV_AN_WAGE(1.0),Average annual wages,I,IRL,Ireland,WG,Wages,USD_PPP,"US dollars, PPP converted",A,Annual,Q,Constant prices,MEAN,Mean,_Z,Not applicable,2010,,68115.702,,2025,,A,Normal value,0,Units,0,Zero
DATAFLOW,OECD.ELS.SAE:DSD_EARNINGS@AV_AN_WAGE(1.0),Average annual wages,I,IRL,Ireland,WG,Wages,USD_PPP,"US dollars, PPP converted",A,Annual,Q,Constant prices,MEAN,Mean,_Z,Not applicable,2011,,70481.914,,2025,,A,Normal value,0,Units,0,Zero
DATAFLOW,OECD.ELS.SAE:DSD_EARNINGS@AV_AN_WAGE(1.0),Average annual wages,I,IRL,Ireland,WG,Wages,USD_PPP,"US dollars, PPP converted",A,Annual,Q,Constant prices,MEAN,Mean,_Z,Not applicable,2012,,69585.2,,2025,,A,Normal value,0,Units,0,Zero
DATAFLOW,OECD.ELS.SAE:DSD_EARNINGS@AV_AN_WAGE(1.0),Average annual wages,I,IRL,Ireland,WG,Wages,USD_PPP,"US dollars, PPP converted",A,Annual,Q,Constant prices,MEAN,Mean,_Z,Not applicable,2013,,67835.506,,2025,,A,Normal value,0,Units,0,Zero
DATAFLOW,OECD.ELS.SAE:DSD_EARNINGS@AV_AN_WAGE(1.0),Average annual wages,I,IRL,Ireland,WG,Wages,USD_PPP,"US dollars, PPP converted",A,Annual,Q,Constant prices,MEAN,Mean,_Z,Not applicable,2014,,67083.117,,2025,,A,Normal value,0,Units,0,Zero
DATAFLOW,OECD.ELS.SAE:DSD_EARNINGS@AV_AN_WAGE(1.0),Average annual wages,I,IRL,Ireland,WG,Wages,USD_PPP,"US dollars, PPP converted",A,Annual,Q,Constant prices,MEAN,Mean,_Z,Not applicable,2015,,67039.342,,2025,,A,Normal value,0,Units,0,Zero
DATAFLOW,OECD.ELS.SAE:DSD_EARNINGS@AV_AN_WAGE(1.0),Average annual wages,I,IRL,Ireland,WG,Wages,USD_PPP,"US dollars, PPP converted",A,Annual,Q,Constant prices,MEAN,Mean,_Z,Not applicable,2016,,67796.64,,2025,,A,Normal value,0,Units,0,Zero
DATAFLOW,OECD.ELS.SAE:DSD_EARNINGS@AV_AN_WAGE(1.0),Average annual wages,I,IRL,Ireland,WG,Wages,USD_PPP,"US dollars, PPP converted",A,Annual,Q,Constant prices,MEAN,Mean,_Z,Not applicable,2017,,68702.74,,2025,,A,Normal value,0,Units,0,Zero
DATAFLOW,OECD.ELS.SAE:DSD_EARNINGS@AV_AN_WAGE(1.0),Average annual wages,I,IRL,Ireland,WG,Wages,USD_PPP,"US dollars, PPP converted",A,Annual,Q,Constant prices,MEAN,Mean,_Z,Not applicable,2018,,69780.899,,2025,,A,Normal value,0,Units,0,Zero
DATAFLOW,OECD.ELS.SAE:DSD_EARNINGS@AV_AN_WAGE(1.0),Average annual wages,I,IRL,Ireland,WG,Wages,USD_PPP,"US dollars, PPP converted",A,Annual,Q,Constant prices,MEAN,Mean,_Z,Not applicable,2019,,71228.093,,2025,,A,Normal value,0,Units,0,Zero
DATAFLOW,OECD.ELS.SAE:DSD_EARNINGS@AV_AN_WAGE(1.0),Average annual wages,I,IRL,Ireland,WG,Wages,USD_PPP,"US dollars, PPP converted",A,Annual,Q,Constant prices,MEAN,Mean,_Z,Not applicable,2020,,72134.079,,2025,,A,Normal value,0,Units,0,Zero
DATAFLOW,OECD.ELS.SAE:DSD_EARNINGS@AV_AN_WAGE(1.0),Average annual wages,I,IRL,Ireland,WG,Wages,USD_PPP,"US dollars, PPP converted",A,Annual,Q,Constant prices,MEAN,Mean,_Z,Not applicable,2021,,72356.406,,2025,,A,Normal value,0,Units,0,Zero
DATAFLOW,OECD.ELS.SAE:DSD_EARNINGS@AV_AN_WAGE(1.0),Average annual wages,I,IRL,Ireland,WG,Wages,USD_PPP,"US dollars, PPP converted",A,Annual,Q,Constant prices,MEAN,Mean,_Z,Not applicable,2022,,69284.547,,2025,,A,Normal value,0,Units,0,Zero
DATAFLOW,OECD.ELS.SAE:DSD_EARNINGS@AV_AN_WAGE(1.0),Average annual wages,I,IRL,Ireland,WG,Wages,USD_PPP,"US dollars, PPP converted",A,Annual,Q,Constant prices,MEAN,Mean,_Z,Not applicable,2023,,68813.659,,2025,,A,Normal value,0,Units,0,Zero
DATAFLOW,OECD.ELS.SAE:DSD_EARNINGS@AV_AN_WAGE(1.0),Average annual wages,I,IRL,Ireland,WG,Wages,USD_PPP,"US dollars, PPP converted",A,Annual,Q,Constant prices,MEAN,Mean,_Z,Not applicable,2024,,68849.165,,2025,,A,Normal value,0,Units,0,Zero
DATAFLOW,OECD.ELS.SAE:DSD_EARNINGS@AV_AN_WAGE(1.0),Average annual wages,I,IRL,Ireland,WG,Wages,USD_PPP,"US dollars, PPP converted",A,Annual,Q,Constant prices,MEAN,Mean,_Z,Not applicable,2025,,70112.825,,2025,,A,Normal value,0,Units,0,Zero
DATAFLOW,OECD.ELS.SAE:DSD_EARNINGS@AV_AN_WAGE(1.0),Average annual wages,I,ISR,Israel,WG,Wages,USD_PPP,"US dollars, PPP converted",A,Annual,Q,Constant prices,MEAN,Mean,_Z,Not applicable,1990,,42689.876,,2025,,A,Normal value,0,Units,0,Zero
DATAFLOW,OECD.ELS.SAE:DSD_EARNINGS@AV_AN_WAGE(1.0),Average annual wages,I,ISR,Israel,WG,Wages,USD_PPP,"US dollars, PPP converted",A,Annual,Q,Constant prices,MEAN,Mean,_Z,Not applicable,1991,,42689.876,,2025,,A,Normal value,0,Units,0,Zero
DATAFLOW,OECD.ELS.SAE:DSD_EARNINGS@AV_AN_WAGE(1.0),Average annual wages,I,ISR,Israel,WG,Wages,USD_PPP,"US dollars, PPP converted",A,Annual,Q,Constant prices,MEAN,Mean,_Z,Not applicable,1992,,42689.876,,2025,,A,Normal value,0,Units,0,Zero
DATAFLOW,OECD.ELS.SAE:DSD_EARNINGS@AV_AN_WAGE(1.0),Average annual wages,I,ISR,Israel,WG,Wages,USD_PPP,"US dollars, PPP converted",A,Annual,Q,Constant prices,MEAN,Mean,_Z,Not applicable,1993,,42689.876,,2025,,A,Normal value,0,Units,0,Zero
DATAFLOW,OECD.ELS.SAE:DSD_EARNINGS@AV_AN_WAGE(1.0),Average annual wages,I,ISR,Israel,WG,Wages,USD_PPP,"US dollars, PPP converted",A,Annual,Q,Constant prices,MEAN,Mean,_Z,Not applicable,1994,,42689.876,,2025,,A,Normal value,0,Units,0,Zero
DATAFLOW,OECD.ELS.SAE:DSD_EARNINGS@AV_AN_WAGE(1.0),Average annual wages,I,ISR,Israel,WG,Wages,USD_PPP,"US dollars, PPP converted",A,Annual,Q,Constant prices,MEAN,Mean,_Z,Not applicable,1995,,42689.876,,2025,,A,Normal value,0,Units,0,Zero
DATAFLOW,OECD.ELS.SAE:DSD_EARNINGS@AV_AN_WAGE(1.0),Average annual wages,I,ISR,Israel,WG,Wages,USD_PPP,"US dollars, PPP converted",A,Annual,Q,Constant prices,MEAN,Mean,_Z,Not applicable,1996,,46259.575,,2025,,A,Normal value,0,Units,0,Zero
DATAFLOW,OECD.ELS.SAE:DSD_EARNINGS@AV_AN_WAGE(1.0),Average annual wages,I,ISR,Israel,WG,Wages,USD_PPP,"US dollars, PPP converted",A,Annual,Q,Constant prices,MEAN,Mean,_Z,Not applicable,1997,,47365.919,,2025,,A,Normal value,0,Units,0,Zero
DATAFLOW,OECD.ELS.SAE:DSD_EARNINGS@AV_AN_WAGE(1.0),Average annual wages,I,ISR,Israel,WG,Wages,USD_PPP,"US dollars, PPP converted",A,Annual,Q,Constant prices,MEAN,Mean,_Z,Not applicable,1998,,49159.787,,2025,,A,Normal value,0,Units,0,Zero
DATAFLOW,OECD.ELS.SAE:DSD_EARNINGS@AV_AN_WAGE(1.0),Average annual wages,I,ISR,Israel,WG,Wages,USD_PPP,"US dollars, PPP converted",A,Annual,Q,Constant prices,MEAN,Mean,_Z,Not applicable,1999,,50135.547,,2025,,A,Normal value,0,Units,0,Zero
DATAFLOW,OECD.ELS.SAE:DSD_EARNINGS@AV_AN_WAGE(1.0),Average annual wages,I,ISR,Israel,WG,Wages,USD_PPP,"US dollars, PPP converted",A,Annual,Q,Constant prices,MEAN,Mean,_Z,Not applicable,2000,,52106.133,,2025,,A,Normal value,0,Units,0,Zero
DATAFLOW,OECD.ELS.SAE:DSD_EARNINGS@AV_AN_WAGE(1.0),Average annual wages,I,ISR,Israel,WG,Wages,USD_PPP,"US dollars, PPP converted",A,Annual,Q,Constant prices,MEAN,Mean,_Z,Not applicable,2001,,53363.345,,2025,,A,Normal value,0,Units,0,Zero
DATAFLOW,OECD.ELS.SAE:DSD_EARNINGS@AV_AN_WAGE(1.0),Average annual wages,I,ISR,Israel,WG,Wages,USD_PPP,"US dollars, PPP converted",A,Annual,Q,Constant prices,MEAN,Mean,_Z,Not applicable,2002,,51170.123,,2025,,A,Normal value,0,Units,0,Zero
DATAFLOW,OECD.ELS.SAE:DSD_EARNINGS@AV_AN_WAGE(1.0),Average annual wages,I,ISR,Israel,WG,Wages,USD_PPP,"US dollars, PPP converted",A,Annual,Q,Constant prices,MEAN,Mean,_Z,Not applicable,2003,,49692.221,,2025,,A,Normal value,0,Units,0,Zero
DATAFLOW,OECD.ELS.SAE:DSD_EARNINGS@AV_AN_WAGE(1.0),Average annual wages,I,ISR,Israel,WG,Wages,USD_PPP,"US dollars, PPP converted",A,Annual,Q,Constant prices,MEAN,Mean,_Z,Not applicable,2004,,49022.852,,2025,,A,Normal value,0,Units,0,Zero
DATAFLOW,OECD.ELS.SAE:DSD_EARNINGS@AV_AN_WAGE(1.0),Average annual wages,I,ISR,Israel,WG,Wages,USD_PPP,"US dollars, PPP converted",A,Annual,Q,Constant prices,MEAN,Mean,_Z,Not applicable,2005,,49192.344,,2025,,A,Normal value,0,Units,0,Zero
DATAFLOW,OECD.ELS.SAE:DSD_EARNINGS@AV_AN_WAGE(1.0),Average annual wages,I,ISR,Israel,WG,Wages,USD_PPP,"US dollars, PPP converted",A,Annual,Q,Constant prices,MEAN,Mean,_Z,Not applicable,2006,,50570.447,,2025,,A,Normal value,0,Units,0,Zero
DATAFLOW,OECD.ELS.SAE:DSD_EARNINGS@AV_AN_WAGE(1.0),Average annual wages,I,ISR,Israel,WG,Wages,USD_PPP,"US dollars, PPP converted",A,Annual,Q,Constant prices,MEAN,Mean,_Z,Not applicable,2007,,51082.954,,2025,,A,Normal value,0,Units,0,Zero
DATAFLOW,OECD.ELS.SAE:DSD_EARNINGS@AV_AN_WAGE(1.0),Average annual wages,I,ISR,Israel,WG,Wages,USD_PPP,"US dollars, PPP converted",A,Annual,Q,Constant prices,MEAN,Mean,_Z,Not applicable,2008,,50449.707,,2025,,A,Normal value,0,Units,0,Zero
DATAFLOW,OECD.ELS.SAE:DSD_EARNINGS@AV_AN_WAGE(1.0),Average annual wages,I,ISR,Israel,WG,Wages,USD_PPP,"US dollars, PPP converted",A,Annual,Q,Constant prices,MEAN,Mean,_Z,Not applicable,2009,,49022.946,,2025,,A,Normal value,0,Units,0,Zero
DATAFLOW,OECD.ELS.SAE:DSD_EARNINGS@AV_AN_WAGE(1.0),Average annual wages,I,ISR,Israel,WG,Wages,USD_PPP,"US dollars, PPP converted",A,Annual,Q,Constant prices,MEAN,Mean,_Z,Not applicable,2010,,49117.959,,2025,,A,Normal value,0,Units,0,Zero
DATAFLOW,OECD.ELS.SAE:DSD_EARNINGS@AV_AN_WAGE(1.0),Average annual wages,I,ISR,Israel,WG,Wages,USD_PPP,"US dollars, PPP converted",A,Annual,Q,Constant prices,MEAN,Mean,_Z,Not applicable,2011,,49489.779,,2025,,A,Normal value,0,Units,0,Zero
DATAFLOW,OECD.ELS.SAE:DSD_EARNINGS@AV_AN_WAGE(1.0),Average annual wages,I,ISR,Israel,WG,Wages,USD_PPP,"US dollars, PPP converted",A,Annual,Q,Constant prices,MEAN,Mean,_Z,Not applicable,2012,,46276.354,,2025,,A,Normal value,0,Units,0,Zero
DATAFLOW,OECD.ELS.SAE:DSD_EARNINGS@AV_AN_WAGE(1.0),Average annual wages,I,ISR,Israel,WG,Wages,USD_PPP,"US dollars, PPP converted",A,Annual,Q,Constant prices,MEAN,Mean,_Z,Not applicable,2013,,46409.339,,2025,,A,Normal value,0,Units,0,Zero
DATAFLOW,OECD.ELS.SAE:DSD_EARNINGS@AV_AN_WAGE(1.0),Average annual wages,I,ISR,Israel,WG,Wages,USD_PPP,"US dollars, PPP converted",A,Annual,Q,Constant prices,MEAN,Mean,_Z,Not applicable,2014,,46592.968,,2025,,A,Normal value,0,Units,0,Zero
DATAFLOW,OECD.ELS.SAE:DSD_EARNINGS@AV_AN_WAGE(1.0),Average annual wages,I,ISR,Israel,WG,Wages,USD_PPP,"US dollars, PPP converted",A,Annual,Q,Constant prices,MEAN,Mean,_Z,Not applicable,2015,,47933.071,,2025,,A,Normal value,0,Units,0,Zero
DATAFLOW,OECD.ELS.SAE:DSD_EARNINGS@AV_AN_WAGE(1.0),Average annual wages,I,ISR,Israel,WG,Wages,USD_PPP,"US dollars, PPP converted",A,Annual,Q,Constant prices,MEAN,Mean,_Z,Not applicable,2016,,49959.811,,2025,,A,Normal value,0,Units,0,Zero
DATAFLOW,OECD.ELS.SAE:DSD_EARNINGS@AV_AN_WAGE(1.0),Average annual wages,I,ISR,Israel,WG,Wages,USD_PPP,"US dollars, PPP converted",A,Annual,Q,Constant prices,MEAN,Mean,_Z,Not applicable,2017,,51535.082,,2025,,A,Normal value,0,Units,0,Zero
DATAFLOW,OECD.ELS.SAE:DSD_EARNINGS@AV_AN_WAGE(1.0),Average annual wages,I,ISR,Israel,WG,Wages,USD_PPP,"US dollars, PPP converted",A,Annual,Q,Constant prices,MEAN,Mean,_Z,Not applicable,2018,,53064.23,,2025,,A,Normal value,0,Units,0,Zero
DATAFLOW,OECD.ELS.SAE:DSD_EARNINGS@AV_AN_WAGE(1.0),Average annual wages,I,ISR,Israel,WG,Wages,USD_PPP,"US dollars, PPP converted",A,Annual,Q,Constant prices,MEAN,Mean,_Z,Not applicable,2019,,54065.666,,2025,,A,Normal value,0,Units,0,Zero
DATAFLOW,OECD.ELS.SAE:DSD_EARNINGS@AV_AN_WAGE(1.0),Average annual wages,I,ISR,Israel,WG,Wages,USD_PPP,"US dollars, PPP converted",A,Annual,Q,Constant prices,MEAN,Mean,_Z,Not applicable,2020,,54274.046,,2025,,A,Normal value,0,Units,0,Zero
DATAFLOW,OECD.ELS.SAE:DSD_EARNINGS@AV_AN_WAGE(1.0),Average annual wages,I,ISR,Israel,WG,Wages,USD_PPP,"US dollars, PPP converted",A,Annual,Q,Constant prices,MEAN,Mean,_Z,Not applicable,2021,,57192.397,,2025,,A,Normal value,0,Units,0,Zero
DATAFLOW,OECD.ELS.SAE:DSD_EARNINGS@AV_AN_WAGE(1.0),Average annual wages,I,ISR,Israel,WG,Wages,USD_PPP,"US dollars, PPP converted",A,Annual,Q,Constant prices,MEAN,Mean,_Z,Not applicable,2022,,57251.518,,2025,,A,Normal value,0,Units,0,Zero
DATAFLOW,OECD.ELS.SAE:DSD_EARNINGS@AV_AN_WAGE(1.0),Average annual wages,I,ISR,Israel,WG,Wages,USD_PPP,"US dollars, PPP converted",A,Annual,Q,Constant prices,MEAN,Mean,_Z,Not applicable,2023,,56578.778,,2025,,A,Normal value,0,Units,0,Zero
DATAFLOW,OECD.ELS.SAE:DSD_EARNINGS@AV_AN_WAGE(1.0),Average annual wages,I,ISR,Israel,WG,Wages,USD_PPP,"US dollars, PPP converted",A,Annual,Q,Constant prices,MEAN,Mean,_Z,Not applicable,2024,,57134.889,,2025,,A,Normal value,0,Units,0,Zero
DATAFLOW,OECD.ELS.SAE:DSD_EARNINGS@AV_AN_WAGE(1.0),Average annual wages,I,ISR,Israel,WG,Wages,USD_PPP,"US dollars, PPP converted",A,Annual,Q,Constant prices,MEAN,Mean,_Z,Not applicable,2025,,57425.877,,2025,,A,Normal value,0,Units,0,Zero
DATAFLOW,OECD.ELS.SAE:DSD_EARNINGS@AV_AN_WAGE(1.0),Average annual wages,I,ITA,Italy,WG,Wages,USD_PPP,"US dollars, PPP converted",A,Annual,Q,Constant prices,MEAN,Mean,_Z,Not applicable,1990,,54994.691,,2025,,A,Normal value,0,Units,0,Zero
DATAFLOW,OECD.ELS.SAE:DSD_EARNINGS@AV_AN_WAGE(1.0),Average annual wages,I,ITA,Italy,WG,Wages,USD_PPP,"US dollars, PPP converted",A,Annual,Q,Constant prices,MEAN,Mean,_Z,Not applicable,1991,,55456.708,,2025,,A,Normal value,0,Units,0,Zero
DATAFLOW,OECD.ELS.SAE:DSD_EARNINGS@AV_AN_WAGE(1.0),Average annual wages,I,ITA,Italy,WG,Wages,USD_PPP,"US dollars, PPP converted",A,Annual,Q,Constant prices,MEAN,Mean,_Z,Not applicable,1992,,55403.02,,2025,,A,Normal value,0,Units,0,Zero
DATAFLOW,OECD.ELS.SAE:DSD_EARNINGS@AV_AN_WAGE(1.0),Average annual wages,I,ITA,Italy,WG,Wages,USD_PPP,"US dollars, PPP converted",A,Annual,Q,Constant prices,MEAN,Mean,_Z,Not applicable,1993,,54549.631,,2025,,A,Normal value,0,Units,0,Zero
DATAFLOW,OECD.ELS.SAE:DSD_EARNINGS@AV_AN_WAGE(1.0),Average annual wages,I,ITA,Italy,WG,Wages,USD_PPP,"US dollars, PPP converted",A,Annual,Q,Constant prices,MEAN,Mean,_Z,Not applicable,1994,,53843.243,,2025,,A,Normal value,0,Units,0,Zero
DATAFLOW,OECD.ELS.SAE:DSD_EARNINGS@AV_AN_WAGE(1.0),Average annual wages,I,ITA,Italy,WG,Wages,USD_PPP,"US dollars, PPP converted",A,Annual,Q,Constant prices,MEAN,Mean,_Z,Not applicable,1995,,52664.467,,2025,,A,Normal value,0,Units,0,Zero
DATAFLOW,OECD.ELS.SAE:DSD_EARNINGS@AV_AN_WAGE(1.0),Average annual wages,I,ITA,Italy,WG,Wages,USD_PPP,"US dollars, PPP converted",A,Annual,Q,Constant prices,MEAN,Mean,_Z,Not applicable,1996,,53133.215,,2025,,A,Normal value,0,Units,0,Zero
DATAFLOW,OECD.ELS.SAE:DSD_EARNINGS@AV_AN_WAGE(1.0),Average annual wages,I,ITA,Italy,WG,Wages,USD_PPP,"US dollars, PPP converted",A,Annual,Q,Constant prices,MEAN,Mean,_Z,Not applicable,1997,,54604.431,,2025,,A,Normal value,0,Units,0,Zero
DATAFLOW,OECD.ELS.SAE:DSD_EARNINGS@AV_AN_WAGE(1.0),Average annual wages,I,ITA,Italy,WG,Wages,USD_PPP,"US dollars, PPP converted",A,Annual,Q,Constant prices,MEAN,Mean,_Z,Not applicable,1998,,54825.441,,2025,,A,Normal value,0,Units,0,Zero
DATAFLOW,OECD.ELS.SAE:DSD_EARNINGS@AV_AN_WAGE(1.0),Average annual wages,I,ITA,Italy,WG,Wages,USD_PPP,"US dollars, PPP converted",A,Annual,Q,Constant prices,MEAN,Mean,_Z,Not applicable,1999,,55433.052,,2025,,A,Normal value,0,Units,0,Zero
DATAFLOW,OECD.ELS.SAE:DSD_EARNINGS@AV_AN_WAGE(1.0),Average annual wages,I,ITA,Italy,WG,Wages,USD_PPP,"US dollars, PPP converted",A,Annual,Q,Constant prices,MEAN,Mean,_Z,Not applicable,2000,,55459.379,,2025,,A,Normal value,0,Units,0,Zero
DATAFLOW,OECD.ELS.SAE:DSD_EARNINGS@AV_AN_WAGE(1.0),Average annual wages,I,ITA,Italy,WG,Wages,USD_PPP,"US dollars, PPP converted",A,Annual,Q,Constant prices,MEAN,Mean,_Z,Not applicable,2001,,55828.526,,2025,,A,Normal value,0,Units,0,Zero
DATAFLOW,OECD.ELS.SAE:DSD_EARNINGS@AV_AN_WAGE(1.0),Average annual wages,I,ITA,Italy,WG,Wages,USD_PPP,"US dollars, PPP converted",A,Annual,Q,Constant prices,MEAN,Mean,_Z,Not applicable,2002,,55313.986,,2025,,A,Normal value,0,Units,0,Zero
DATAFLOW,OECD.ELS.SAE:DSD_EARNINGS@AV_AN_WAGE(1.0),Average annual wages,I,ITA,Italy,WG,Wages,USD_PPP,"US dollars, PPP converted",A,Annual,Q,Constant prices,MEAN,Mean,_Z,Not applicable,2003,,55025.136,,2025,,A,Normal value,0,Units,0,Zero
DATAFLOW,OECD.ELS.SAE:DSD_EARNINGS@AV_AN_WAGE(1.0),Average annual wages,I,ITA,Italy,WG,Wages,USD_PPP,"US dollars, PPP converted",A,Annual,Q,Constant prices,MEAN,Mean,_Z,Not applicable,2004,,56146.111,,2025,,A,Normal value,0,Units,0,Zero
DATAFLOW,OECD.ELS.SAE:DSD_EARNINGS@AV_AN_WAGE(1.0),Average annual wages,I,ITA,Italy,WG,Wages,USD_PPP,"US dollars, PPP converted",A,Annual,Q,Constant prices,MEAN,Mean,_Z,Not applicable,2005,,56742.188,,2025,,A,Normal value,0,Units,0,Zero
DATAFLOW,OECD.ELS.SAE:DSD_EARNINGS@AV_AN_WAGE(1.0),Average annual wages,I,ITA,Italy,WG,Wages,USD_PPP,"US dollars, PPP converted",A,Annual,Q,Constant prices,MEAN,Mean,_Z,Not applicable,2006,,57067.205,,2025,,A,Normal value,0,Units,0,Zero
DATAFLOW,OECD.ELS.SAE:DSD_EARNINGS@AV_AN_WAGE(1.0),Average annual wages,I,ITA,Italy,WG,Wages,USD_PPP,"US dollars, PPP converted",A,Annual,Q,Constant prices,MEAN,Mean,_Z,Not applicable,2007,,56981.968,,2025,,A,Normal value,0,Units,0,Zero
DATAFLOW,OECD.ELS.SAE:DSD_EARNINGS@AV_AN_WAGE(1.0),Average annual wages,I,ITA,Italy,WG,Wages,USD_PPP,"US dollars, PPP converted",A,Annual,Q,Constant prices,MEAN,Mean,_Z,Not applicable,2008,,56972.432,,2025,,A,Normal value,0,Units,0,Zero
DATAFLOW,OECD.ELS.SAE:DSD_EARNINGS@AV_AN_WAGE(1.0),Average annual wages,I,ITA,Italy,WG,Wages,USD_PPP,"US dollars, PPP converted",A,Annual,Q,Constant prices,MEAN,Mean,_Z,Not applicable,2009,,57296.498,,2025,,A,Normal value,0,Units,0,Zero
DATAFLOW,OECD.ELS.SAE:DSD_EARNINGS@AV_AN_WAGE(1.0),Average annual wages,I,ITA,Italy,WG,Wages,USD_PPP,"US dollars, PPP converted",A,Annual,Q,Constant prices,MEAN,Mean,_Z,Not applicable,2010,,57789.672,,2025,,A,Normal value,0,Units,0,Zero
DATAFLOW,OECD.ELS.SAE:DSD_EARNINGS@AV_AN_WAGE(1.0),Average annual wages,I,ITA,Italy,WG,Wages,USD_PPP,"US dollars, PPP converted",A,Annual,Q,Constant prices,MEAN,Mean,_Z,Not applicable,2011,,56917.001,,2025,,A,Normal value,0,Units,0,Zero
DATAFLOW,OECD.ELS.SAE:DSD_EARNINGS@AV_AN_WAGE(1.0),Average annual wages,I,ITA,Italy,WG,Wages,USD_PPP,"US dollars, PPP converted",A,Annual,Q,Constant prices,MEAN,Mean,_Z,Not applicable,2012,,55107.159,,2025,,A,Normal value,0,Units,0,Zero
DATAFLOW,OECD.ELS.SAE:DSD_EARNINGS@AV_AN_WAGE(1.0),Average annual wages,I,ITA,Italy,WG,Wages,USD_PPP,"US dollars, PPP converted",A,Annual,Q,Constant prices,MEAN,Mean,_Z,Not applicable,2013,,55257.031,,2025,,A,Normal value,0,Units,0,Zero
DATAFLOW,OECD.ELS.SAE:DSD_EARNINGS@AV_AN_WAGE(1.0),Average annual wages,I,ITA,Italy,WG,Wages,USD_PPP,"US dollars, PPP converted",A,Annual,Q,Constant prices,MEAN,Mean,_Z,Not applicable,2014,,55531.156,,2025,,A,Normal value,0,Units,0,Zero
DATAFLOW,OECD.ELS.SAE:DSD_EARNINGS@AV_AN_WAGE(1.0),Average annual wages,I,ITA,Italy,WG,Wages,USD_PPP,"US dollars, PPP converted",A,Annual,Q,Constant prices,MEAN,Mean,_Z,Not applicable,2015,,56043.44,,2025,,A,Normal value,0,Units,0,Zero
DATAFLOW,OECD.ELS.SAE:DSD_EARNINGS@AV_AN_WAGE(1.0),Average annual wages,I,ITA,Italy,WG,Wages,USD_PPP,"US dollars, PPP converted",A,Annual,Q,Constant prices,MEAN,Mean,_Z,Not applicable,2016,,56266.177,,2025,,A,Normal value,0,Units,0,Zero
DATAFLOW,OECD.ELS.SAE:DSD_EARNINGS@AV_AN_WAGE(1.0),Average annual wages,I,ITA,Italy,WG,Wages,USD_PPP,"US dollars, PPP converted",A,Annual,Q,Constant prices,MEAN,Mean,_Z,Not applicable,2017,,55769.491,,2025,,A,Normal value,0,Units,0,Zero
DATAFLOW,OECD.ELS.SAE:DSD_EARNINGS@AV_AN_WAGE(1.0),Average annual wages,I,ITA,Italy,WG,Wages,USD_PPP,"US dollars, PPP converted",A,Annual,Q,Constant prices,MEAN,Mean,_Z,Not applicable,2018,,55440.262,,2025,,A,Normal value,0,Units,0,Zero
DATAFLOW,OECD.ELS.SAE:DSD_EARNINGS@AV_AN_WAGE(1.0),Average annual wages,I,ITA,Italy,WG,Wages,USD_PPP,"US dollars, PPP converted",A,Annual,Q,Constant prices,MEAN,Mean,_Z,Not applicable,2019,,55581.059,,2025,,A,Normal value,0,Units,0,Zero
DATAFLOW,OECD.ELS.SAE:DSD_EARNINGS@AV_AN_WAGE(1.0),Average annual wages,I,ITA,Italy,WG,Wages,USD_PPP,"US dollars, PPP converted",A,Annual,Q,Constant prices,MEAN,Mean,_Z,Not applicable,2020,,52901.27,,2025,,A,Normal value,0,Units,0,Zero
DATAFLOW,OECD.ELS.SAE:DSD_EARNINGS@AV_AN_WAGE(1.0),Average annual wages,I,ITA,Italy,WG,Wages,USD_PPP,"US dollars, PPP converted",A,Annual,Q,Constant prices,MEAN,Mean,_Z,Not applicable,2021,,55576.962,,2025,,A,Normal value,0,Units,0,Zero
DATAFLOW,OECD.ELS.SAE:DSD_EARNINGS@AV_AN_WAGE(1.0),Average annual wages,I,ITA,Italy,WG,Wages,USD_PPP,"US dollars, PPP converted",A,Annual,Q,Constant prices,MEAN,Mean,_Z,Not applicable,2022,,53954.951,,2025,,A,Normal value,0,Units,0,Zero
DATAFLOW,OECD.ELS.SAE:DSD_EARNINGS@AV_AN_WAGE(1.0),Average annual wages,I,ITA,Italy,WG,Wages,USD_PPP,"US dollars, PPP converted",A,Annual,Q,Constant prices,MEAN,Mean,_Z,Not applicable,2023,,52732.366,,2025,,A,Normal value,0,Units,0,Zero
DATAFLOW,OECD.ELS.SAE:DSD_EARNINGS@AV_AN_WAGE(1.0),Average annual wages,I,ITA,Italy,WG,Wages,USD_PPP,"US dollars, PPP converted",A,Annual,Q,Constant prices,MEAN,Mean,_Z,Not applicable,2024,,53243.036,,2025,,A,Normal value,0,Units,0,Zero
DATAFLOW,OECD.ELS.SAE:DSD_EARNINGS@AV_AN_WAGE(1.0),Average annual wages,I,ITA,Italy,WG,Wages,USD_PPP,"US dollars, PPP converted",A,Annual,Q,Constant prices,MEAN,Mean,_Z,Not applicable,2025,,53864.157,,2025,,A,Normal value,0,Units,0,Zero
DATAFLOW,OECD.ELS.SAE:DSD_EARNINGS@AV_AN_WAGE(1.0),Average annual wages,I,JPN,Japan,WG,Wages,USD_PPP,"US dollars, PPP converted",A,Annual,Q,Constant prices,MEAN,Mean,_Z,Not applicable,1990,,50786.825,,2025,,A,Normal value,0,Units,0,Zero
DATAFLOW,OECD.ELS.SAE:DSD_EARNINGS@AV_AN_WAGE(1.0),Average annual wages,I,JPN,Japan,WG,Wages,USD_PPP,"US dollars, PPP converted",A,Annual,Q,Constant prices,MEAN,Mean,_Z,Not applicable,1991,,51461.263,,2025,,A,Normal value,0,Units,0,Zero
DATAFLOW,OECD.ELS.SAE:DSD_EARNINGS@AV_AN_WAGE(1.0),Average annual wages,I,JPN,Japan,WG,Wages,USD_PPP,"US dollars, PPP converted",A,Annual,Q,Constant prices,MEAN,Mean,_Z,Not applicable,1992,,51531.614,,2025,,A,Normal value,0,Units,0,Zero
DATAFLOW,OECD.ELS.SAE:DSD_EARNINGS@AV_AN_WAGE(1.0),Average annual wages,I,JPN,Japan,WG,Wages,USD_PPP,"US dollars, PPP converted",A,Annual,Q,Constant prices,MEAN,Mean,_Z,Not applicable,1993,,51135.831,,2025,,A,Normal value,0,Units,0,Zero
DATAFLOW,OECD.ELS.SAE:DSD_EARNINGS@AV_AN_WAGE(1.0),Average annual wages,I,JPN,Japan,WG,Wages,USD_PPP,"US dollars, PPP converted",A,Annual,Q,Constant prices,MEAN,Mean,_Z,Not applicable,1994,,51645.552,,2025,,A,Normal value,0,Units,0,Zero
DATAFLOW,OECD.ELS.SAE:DSD_EARNINGS@AV_AN_WAGE(1.0),Average annual wages,I,JPN,Japan,WG,Wages,USD_PPP,"US dollars, PPP converted",A,Annual,Q,Constant prices,MEAN,Mean,_Z,Not applicable,1995,,52274.951,,2025,,A,Normal value,0,Units,0,Zero
DATAFLOW,OECD.ELS.SAE:DSD_EARNINGS@AV_AN_WAGE(1.0),Average annual wages,I,JPN,Japan,WG,Wages,USD_PPP,"US dollars, PPP converted",A,Annual,Q,Constant prices,MEAN,Mean,_Z,Not applicable,1996,,52466.18,,2025,,A,Normal value,0,Units,0,Zero
DATAFLOW,OECD.ELS.SAE:DSD_EARNINGS@AV_AN_WAGE(1.0),Average annual wages,I,JPN,Japan,WG,Wages,USD_PPP,"US dollars, PPP converted",A,Annual,Q,Constant prices,MEAN,Mean,_Z,Not applicable,1997,,52661.851,,2025,,A,Normal value,0,Units,0,Zero
DATAFLOW,OECD.ELS.SAE:DSD_EARNINGS@AV_AN_WAGE(1.0),Average annual wages,I,JPN,Japan,WG,Wages,USD_PPP,"US dollars, PPP converted",A,Annual,Q,Constant prices,MEAN,Mean,_Z,Not applicable,1998,,51861.927,,2025,,A,Normal value,0,Units,0,Zero
DATAFLOW,OECD.ELS.SAE:DSD_EARNINGS@AV_AN_WAGE(1.0),Average annual wages,I,JPN,Japan,WG,Wages,USD_PPP,"US dollars, PPP converted",A,Annual,Q,Constant prices,MEAN,Mean,_Z,Not applicable,1999,,51389.937,,2025,,A,Normal value,0,Units,0,Zero
DATAFLOW,OECD.ELS.SAE:DSD_EARNINGS@AV_AN_WAGE(1.0),Average annual wages,I,JPN,Japan,WG,Wages,USD_PPP,"US dollars, PPP converted",A,Annual,Q,Constant prices,MEAN,Mean,_Z,Not applicable,2000,,51891,,2025,,A,Normal value,0,Units,0,Zero
DATAFLOW,OECD.ELS.SAE:DSD_EARNINGS@AV_AN_WAGE(1.0),Average annual wages,I,JPN,Japan,WG,Wages,USD_PPP,"US dollars, PPP converted",A,Annual,Q,Constant prices,MEAN,Mean,_Z,Not applicable,2001,,51266.696,,2025,,A,Normal value,0,Units,0,Zero
DATAFLOW,OECD.ELS.SAE:DSD_EARNINGS@AV_AN_WAGE(1.0),Average annual wages,I,JPN,Japan,WG,Wages,USD_PPP,"US dollars, PPP converted",A,Annual,Q,Constant prices,MEAN,Mean,_Z,Not applicable,2002,,50187.659,,2025,,A,Normal value,0,Units,0,Zero
DATAFLOW,OECD.ELS.SAE:DSD_EARNINGS@AV_AN_WAGE(1.0),Average annual wages,I,JPN,Japan,WG,Wages,USD_PPP,"US dollars, PPP converted",A,Annual,Q,Constant prices,MEAN,Mean,_Z,Not applicable,2003,,50303.568,,2025,,A,Normal value,0,Units,0,Zero
DATAFLOW,OECD.ELS.SAE:DSD_EARNINGS@AV_AN_WAGE(1.0),Average annual wages,I,JPN,Japan,WG,Wages,USD_PPP,"US dollars, PPP converted",A,Annual,Q,Constant prices,MEAN,Mean,_Z,Not applicable,2004,,51013.43,,2025,,A,Normal value,0,Units,0,Zero
DATAFLOW,OECD.ELS.SAE:DSD_EARNINGS@AV_AN_WAGE(1.0),Average annual wages,I,JPN,Japan,WG,Wages,USD_PPP,"US dollars, PPP converted",A,Annual,Q,Constant prices,MEAN,Mean,_Z,Not applicable,2005,,52267.149,,2025,,A,Normal value,0,Units,0,Zero
DATAFLOW,OECD.ELS.SAE:DSD_EARNINGS@AV_AN_WAGE(1.0),Average annual wages,I,JPN,Japan,WG,Wages,USD_PPP,"US dollars, PPP converted",A,Annual,Q,Constant prices,MEAN,Mean,_Z,Not applicable,2006,,52243.605,,2025,,A,Normal value,0,Units,0,Zero
DATAFLOW,OECD.ELS.SAE:DSD_EARNINGS@AV_AN_WAGE(1.0),Average annual wages,I,JPN,Japan,WG,Wages,USD_PPP,"US dollars, PPP converted",A,Annual,Q,Constant prices,MEAN,Mean,_Z,Not applicable,2007,,52395.728,,2025,,A,Normal value,0,Units,0,Zero
DATAFLOW,OECD.ELS.SAE:DSD_EARNINGS@AV_AN_WAGE(1.0),Average annual wages,I,JPN,Japan,WG,Wages,USD_PPP,"US dollars, PPP converted",A,Annual,Q,Constant prices,MEAN,Mean,_Z,Not applicable,2008,,52183.473,,2025,,A,Normal value,0,Units,0,Zero
DATAFLOW,OECD.ELS.SAE:DSD_EARNINGS@AV_AN_WAGE(1.0),Average annual wages,I,JPN,Japan,WG,Wages,USD_PPP,"US dollars, PPP converted",A,Annual,Q,Constant prices,MEAN,Mean,_Z,Not applicable,2009,,51448.52,,2025,,A,Normal value,0,Units,0,Zero
DATAFLOW,OECD.ELS.SAE:DSD_EARNINGS@AV_AN_WAGE(1.0),Average annual wages,I,JPN,Japan,WG,Wages,USD_PPP,"US dollars, PPP converted",A,Annual,Q,Constant prices,MEAN,Mean,_Z,Not applicable,2010,,51437.781,,2025,,A,Normal value,0,Units,0,Zero
DATAFLOW,OECD.ELS.SAE:DSD_EARNINGS@AV_AN_WAGE(1.0),Average annual wages,I,JPN,Japan,WG,Wages,USD_PPP,"US dollars, PPP converted",A,Annual,Q,Constant prices,MEAN,Mean,_Z,Not applicable,2011,,51604.174,,2025,,A,Normal value,0,Units,0,Zero
DATAFLOW,OECD.ELS.SAE:DSD_EARNINGS@AV_AN_WAGE(1.0),Average annual wages,I,JPN,Japan,WG,Wages,USD_PPP,"US dollars, PPP converted",A,Annual,Q,Constant prices,MEAN,Mean,_Z,Not applicable,2012,,51708.181,,2025,,A,Normal value,0,Units,0,Zero
DATAFLOW,OECD.ELS.SAE:DSD_EARNINGS@AV_AN_WAGE(1.0),Average annual wages,I,JPN,Japan,WG,Wages,USD_PPP,"US dollars, PPP converted",A,Annual,Q,Constant prices,MEAN,Mean,_Z,Not applicable,2013,,51991.096,,2025,,A,Normal value,0,Units,0,Zero
DATAFLOW,OECD.ELS.SAE:DSD_EARNINGS@AV_AN_WAGE(1.0),Average annual wages,I,JPN,Japan,WG,Wages,USD_PPP,"US dollars, PPP converted",A,Annual,Q,Constant prices,MEAN,Mean,_Z,Not applicable,2014,,51511.615,,2025,,A,Normal value,0,Units,0,Zero
DATAFLOW,OECD.ELS.SAE:DSD_EARNINGS@AV_AN_WAGE(1.0),Average annual wages,I,JPN,Japan,WG,Wages,USD_PPP,"US dollars, PPP converted",A,Annual,Q,Constant prices,MEAN,Mean,_Z,Not applicable,2015,,51026.717,,2025,,A,Normal value,0,Units,0,Zero
DATAFLOW,OECD.ELS.SAE:DSD_EARNINGS@AV_AN_WAGE(1.0),Average annual wages,I,JPN,Japan,WG,Wages,USD_PPP,"US dollars, PPP converted",A,Annual,Q,Constant prices,MEAN,Mean,_Z,Not applicable,2016,,51358.827,,2025,,A,Normal value,0,Units,0,Zero
DATAFLOW,OECD.ELS.SAE:DSD_EARNINGS@AV_AN_WAGE(1.0),Average annual wages,I,JPN,Japan,WG,Wages,USD_PPP,"US dollars, PPP converted",A,Annual,Q,Constant prices,MEAN,Mean,_Z,Not applicable,2017,,51067.532,,2025,,A,Normal value,0,Units,0,Zero
DATAFLOW,OECD.ELS.SAE:DSD_EARNINGS@AV_AN_WAGE(1.0),Average annual wages,I,JPN,Japan,WG,Wages,USD_PPP,"US dollars, PPP converted",A,Annual,Q,Constant prices,MEAN,Mean,_Z,Not applicable,2018,,51826.955,,2025,,A,Normal value,0,Units,0,Zero
DATAFLOW,OECD.ELS.SAE:DSD_EARNINGS@AV_AN_WAGE(1.0),Average annual wages,I,JPN,Japan,WG,Wages,USD_PPP,"US dollars, PPP converted",A,Annual,Q,Constant prices,MEAN,Mean,_Z,Not applicable,2019,,52069.774,,2025,,A,Normal value,0,Units,0,Zero
DATAFLOW,OECD.ELS.SAE:DSD_EARNINGS@AV_AN_WAGE(1.0),Average annual wages,I,JPN,Japan,WG,Wages,USD_PPP,"US dollars, PPP converted",A,Annual,Q,Constant prices,MEAN,Mean,_Z,Not applicable,2020,,51293.862,,2025,,A,Normal value,0,Units,0,Zero
DATAFLOW,OECD.ELS.SAE:DSD_EARNINGS@AV_AN_WAGE(1.0),Average annual wages,I,JPN,Japan,WG,Wages,USD_PPP,"US dollars, PPP converted",A,Annual,Q,Constant prices,MEAN,Mean,_Z,Not applicable,2021,,51822.753,,2025,,A,Normal value,0,Units,0,Zero
DATAFLOW,OECD.ELS.SAE:DSD_EARNINGS@AV_AN_WAGE(1.0),Average annual wages,I,JPN,Japan,WG,Wages,USD_PPP,"US dollars, PPP converted",A,Annual,Q,Constant prices,MEAN,Mean,_Z,Not applicable,2022,,51129.005,,2025,,A,Normal value,0,Units,0,Zero
DATAFLOW,OECD.ELS.SAE:DSD_EARNINGS@AV_AN_WAGE(1.0),Average annual wages,I,JPN,Japan,WG,Wages,USD_PPP,"US dollars, PPP converted",A,Annual,Q,Constant prices,MEAN,Mean,_Z,Not applicable,2023,,49970.485,,2025,,A,Normal value,0,Units,0,Zero
DATAFLOW,OECD.ELS.SAE:DSD_EARNINGS@AV_AN_WAGE(1.0),Average annual wages,I,JPN,Japan,WG,Wages,USD_PPP,"US dollars, PPP converted",A,Annual,Q,Constant prices,MEAN,Mean,_Z,Not applicable,2024,,50421.41,,2025,,A,Normal value,0,Units,0,Zero
DATAFLOW,OECD.ELS.SAE:DSD_EARNINGS@AV_AN_WAGE(1.0),Average annual wages,I,JPN,Japan,WG,Wages,USD_PPP,"US dollars, PPP converted",A,Annual,Q,Constant prices,MEAN,Mean,_Z,Not applicable,2025,,50182.646,,2025,,A,Normal value,0,Units,0,Zero
DATAFLOW,OECD.ELS.SAE:DSD_EARNINGS@AV_AN_WAGE(1.0),Average annual wages,I,KOR,Korea,WG,Wages,USD_PPP,"US dollars, PPP converted",A,Annual,Q,Constant prices,MEAN,Mean,_Z,Not applicable,1990,,29498.107,,2025,,A,Normal value,0,Units,0,Zero
DATAFLOW,OECD.ELS.SAE:DSD_EARNINGS@AV_AN_WAGE(1.0),Average annual wages,I,KOR,Korea,WG,Wages,USD_PPP,"US dollars, PPP converted",A,Annual,Q,Constant prices,MEAN,Mean,_Z,Not applicable,1991,,30744.293,,2025,,A,Normal value,0,Units,0,Zero
DATAFLOW,OECD.ELS.SAE:DSD_EARNINGS@AV_AN_WAGE(1.0),Average annual wages,I,KOR,Korea,WG,Wages,USD_PPP,"US dollars, PPP converted",A,Annual,Q,Constant prices,MEAN,Mean,_Z,Not applicable,1992,,32190.246,,2025,,A,Normal value,0,Units,0,Zero
DATAFLOW,OECD.ELS.SAE:DSD_EARNINGS@AV_AN_WAGE(1.0),Average annual wages,I,KOR,Korea,WG,Wages,USD_PPP,"US dollars, PPP converted",A,Annual,Q,Constant prices,MEAN,Mean,_Z,Not applicable,1993,,34147.219,,2025,,A,Normal value,0,Units,0,Zero
DATAFLOW,OECD.ELS.SAE:DSD_EARNINGS@AV_AN_WAGE(1.0),Average annual wages,I,KOR,Korea,WG,Wages,USD_PPP,"US dollars, PPP converted",A,Annual,Q,Constant prices,MEAN,Mean,_Z,Not applicable,1994,,34948.816,,2025,,A,Normal value,0,Units,0,Zero
DATAFLOW,OECD.ELS.SAE:DSD_EARNINGS@AV_AN_WAGE(1.0),Average annual wages,I,KOR,Korea,WG,Wages,USD_PPP,"US dollars, PPP converted",A,Annual,Q,Constant prices,MEAN,Mean,_Z,Not applicable,1995,,38520.893,,2025,,A,Normal value,0,Units,0,Zero
DATAFLOW,OECD.ELS.SAE:DSD_EARNINGS@AV_AN_WAGE(1.0),Average annual wages,I,KOR,Korea,WG,Wages,USD_PPP,"US dollars, PPP converted",A,Annual,Q,Constant prices,MEAN,Mean,_Z,Not applicable,1996,,40347.543,,2025,,A,Normal value,0,Units,0,Zero
DATAFLOW,OECD.ELS.SAE:DSD_EARNINGS@AV_AN_WAGE(1.0),Average annual wages,I,KOR,Korea,WG,Wages,USD_PPP,"US dollars, PPP converted",A,Annual,Q,Constant prices,MEAN,Mean,_Z,Not applicable,1997,,39515.18,,2025,,A,Normal value,0,Units,0,Zero
DATAFLOW,OECD.ELS.SAE:DSD_EARNINGS@AV_AN_WAGE(1.0),Average annual wages,I,KOR,Korea,WG,Wages,USD_PPP,"US dollars, PPP converted",A,Annual,Q,Constant prices,MEAN,Mean,_Z,Not applicable,1998,,39179.312,,2025,,A,Normal value,0,Units,0,Zero
DATAFLOW,OECD.ELS.SAE:DSD_EARNINGS@AV_AN_WAGE(1.0),Average annual wages,I,KOR,Korea,WG,Wages,USD_PPP,"US dollars, PPP converted",A,Annual,Q,Constant prices,MEAN,Mean,_Z,Not applicable,1999,,39708.798,,2025,,A,Normal value,0,Units,0,Zero
DATAFLOW,OECD.ELS.SAE:DSD_EARNINGS@AV_AN_WAGE(1.0),Average annual wages,I,KOR,Korea,WG,Wages,USD_PPP,"US dollars, PPP converted",A,Annual,Q,Constant prices,MEAN,Mean,_Z,Not applicable,2000,,40011.25,,2025,,A,Normal value,0,Units,0,Zero
DATAFLOW,OECD.ELS.SAE:DSD_EARNINGS@AV_AN_WAGE(1.0),Average annual wages,I,KOR,Korea,WG,Wages,USD_PPP,"US dollars, PPP converted",A,Annual,Q,Constant prices,MEAN,Mean,_Z,Not applicable,2001,,41515.851,,2025,,A,Normal value,0,Units,0,Zero
DATAFLOW,OECD.ELS.SAE:DSD_EARNINGS@AV_AN_WAGE(1.0),Average annual wages,I,KOR,Korea,WG,Wages,USD_PPP,"US dollars, PPP converted",A,Annual,Q,Constant prices,MEAN,Mean,_Z,Not applicable,2002,,42970.906,,2025,,A,Normal value,0,Units,0,Zero
DATAFLOW,OECD.ELS.SAE:DSD_EARNINGS@AV_AN_WAGE(1.0),Average annual wages,I,KOR,Korea,WG,Wages,USD_PPP,"US dollars, PPP converted",A,Annual,Q,Constant prices,MEAN,Mean,_Z,Not applicable,2003,,44501.076,,2025,,A,Normal value,0,Units,0,Zero
DATAFLOW,OECD.ELS.SAE:DSD_EARNINGS@AV_AN_WAGE(1.0),Average annual wages,I,KOR,Korea,WG,Wages,USD_PPP,"US dollars, PPP converted",A,Annual,Q,Constant prices,MEAN,Mean,_Z,Not applicable,2004,,45501.367,,2025,,A,Normal value,0,Units,0,Zero
DATAFLOW,OECD.ELS.SAE:DSD_EARNINGS@AV_AN_WAGE(1.0),Average annual wages,I,KOR,Korea,WG,Wages,USD_PPP,"US dollars, PPP converted",A,Annual,Q,Constant prices,MEAN,Mean,_Z,Not applicable,2005,,46970.217,,2025,,A,Normal value,0,Units,0,Zero
DATAFLOW,OECD.ELS.SAE:DSD_EARNINGS@AV_AN_WAGE(1.0),Average annual wages,I,KOR,Korea,WG,Wages,USD_PPP,"US dollars, PPP converted",A,Annual,Q,Constant prices,MEAN,Mean,_Z,Not applicable,2006,,47638.933,,2025,,A,Normal value,0,Units,0,Zero
DATAFLOW,OECD.ELS.SAE:DSD_EARNINGS@AV_AN_WAGE(1.0),Average annual wages,I,KOR,Korea,WG,Wages,USD_PPP,"US dollars, PPP converted",A,Annual,Q,Constant prices,MEAN,Mean,_Z,Not applicable,2007,,48638.455,,2025,,A,Normal value,0,Units,0,Zero
DATAFLOW,OECD.ELS.SAE:DSD_EARNINGS@AV_AN_WAGE(1.0),Average annual wages,I,KOR,Korea,WG,Wages,USD_PPP,"US dollars, PPP converted",A,Annual,Q,Constant prices,MEAN,Mean,_Z,Not applicable,2008,,48523.843,,2025,,A,Normal value,0,Units,0,Zero
DATAFLOW,OECD.ELS.SAE:DSD_EARNINGS@AV_AN_WAGE(1.0),Average annual wages,I,KOR,Korea,WG,Wages,USD_PPP,"US dollars, PPP converted",A,Annual,Q,Constant prices,MEAN,Mean,_Z,Not applicable,2009,,48588.623,,2025,,A,Normal value,0,Units,0,Zero
DATAFLOW,OECD.ELS.SAE:DSD_EARNINGS@AV_AN_WAGE(1.0),Average annual wages,I,KOR,Korea,WG,Wages,USD_PPP,"US dollars, PPP converted",A,Annual,Q,Constant prices,MEAN,Mean,_Z,Not applicable,2010,,49550.265,,2025,,A,Normal value,0,Units,0,Zero
DATAFLOW,OECD.ELS.SAE:DSD_EARNINGS@AV_AN_WAGE(1.0),Average annual wages,I,KOR,Korea,WG,Wages,USD_PPP,"US dollars, PPP converted",A,Annual,Q,Constant prices,MEAN,Mean,_Z,Not applicable,2011,,50159.716,,2025,,A,Normal value,0,Units,0,Zero
DATAFLOW,OECD.ELS.SAE:DSD_EARNINGS@AV_AN_WAGE(1.0),Average annual wages,I,KOR,Korea,WG,Wages,USD_PPP,"US dollars, PPP converted",A,Annual,Q,Constant prices,MEAN,Mean,_Z,Not applicable,2012,,49250.725,,2025,,A,Normal value,0,Units,0,Zero
DATAFLOW,OECD.ELS.SAE:DSD_EARNINGS@AV_AN_WAGE(1.0),Average annual wages,I,KOR,Korea,WG,Wages,USD_PPP,"US dollars, PPP converted",A,Annual,Q,Constant prices,MEAN,Mean,_Z,Not applicable,2013,,50368.531,,2025,,A,Normal value,0,Units,0,Zero
DATAFLOW,OECD.ELS.SAE:DSD_EARNINGS@AV_AN_WAGE(1.0),Average annual wages,I,KOR,Korea,WG,Wages,USD_PPP,"US dollars, PPP converted",A,Annual,Q,Constant prices,MEAN,Mean,_Z,Not applicable,2014,,50476.464,,2025,,A,Normal value,0,Units,0,Zero
DATAFLOW,OECD.ELS.SAE:DSD_EARNINGS@AV_AN_WAGE(1.0),Average annual wages,I,KOR,Korea,WG,Wages,USD_PPP,"US dollars, PPP converted",A,Annual,Q,Constant prices,MEAN,Mean,_Z,Not applicable,2015,,51768.996,,2025,,A,Normal value,0,Units,0,Zero
DATAFLOW,OECD.ELS.SAE:DSD_EARNINGS@AV_AN_WAGE(1.0),Average annual wages,I,KOR,Korea,WG,Wages,USD_PPP,"US dollars, PPP converted",A,Annual,Q,Constant prices,MEAN,Mean,_Z,Not applicable,2016,,53213.789,,2025,,A,Normal value,0,Units,0,Zero
DATAFLOW,OECD.ELS.SAE:DSD_EARNINGS@AV_AN_WAGE(1.0),Average annual wages,I,KOR,Korea,WG,Wages,USD_PPP,"US dollars, PPP converted",A,Annual,Q,Constant prices,MEAN,Mean,_Z,Not applicable,2017,,54320.429,,2025,,A,Normal value,0,Units,0,Zero
DATAFLOW,OECD.ELS.SAE:DSD_EARNINGS@AV_AN_WAGE(1.0),Average annual wages,I,KOR,Korea,WG,Wages,USD_PPP,"US dollars, PPP converted",A,Annual,Q,Constant prices,MEAN,Mean,_Z,Not applicable,2018,,56175.921,,2025,,A,Normal value,0,Units,0,Zero
DATAFLOW,OECD.ELS.SAE:DSD_EARNINGS@AV_AN_WAGE(1.0),Average annual wages,I,KOR,Korea,WG,Wages,USD_PPP,"US dollars, PPP converted",A,Annual,Q,Constant prices,MEAN,Mean,_Z,Not applicable,2019,,58081.983,,2025,,A,Normal value,0,Units,0,Zero
DATAFLOW,OECD.ELS.SAE:DSD_EARNINGS@AV_AN_WAGE(1.0),Average annual wages,I,KOR,Korea,WG,Wages,USD_PPP,"US dollars, PPP converted",A,Annual,Q,Constant prices,MEAN,Mean,_Z,Not applicable,2020,,59418.876,,2025,,A,Normal value,0,Units,0,Zero
DATAFLOW,OECD.ELS.SAE:DSD_EARNINGS@AV_AN_WAGE(1.0),Average annual wages,I,KOR,Korea,WG,Wages,USD_PPP,"US dollars, PPP converted",A,Annual,Q,Constant prices,MEAN,Mean,_Z,Not applicable,2021,,59841.667,,2025,,A,Normal value,0,Units,0,Zero
DATAFLOW,OECD.ELS.SAE:DSD_EARNINGS@AV_AN_WAGE(1.0),Average annual wages,I,KOR,Korea,WG,Wages,USD_PPP,"US dollars, PPP converted",A,Annual,Q,Constant prices,MEAN,Mean,_Z,Not applicable,2022,,58696.806,,2025,,A,Normal value,0,Units,0,Zero
DATAFLOW,OECD.ELS.SAE:DSD_EARNINGS@AV_AN_WAGE(1.0),Average annual wages,I,KOR,Korea,WG,Wages,USD_PPP,"US dollars, PPP converted",A,Annual,Q,Constant prices,MEAN,Mean,_Z,Not applicable,2023,,59198.03,,2025,,A,Normal value,0,Units,0,Zero
DATAFLOW,OECD.ELS.SAE:DSD_EARNINGS@AV_AN_WAGE(1.0),Average annual wages,I,KOR,Korea,WG,Wages,USD_PPP,"US dollars, PPP converted",A,Annual,Q,Constant prices,MEAN,Mean,_Z,Not applicable,2024,,60908.807,,2025,,A,Normal value,0,Units,0,Zero
DATAFLOW,OECD.ELS.SAE:DSD_EARNINGS@AV_AN_WAGE(1.0),Average annual wages,I,KOR,Korea,WG,Wages,USD_PPP,"US dollars, PPP converted",A,Annual,Q,Constant prices,MEAN,Mean,_Z,Not applicable,2025,,61259.161,,2025,,A,Normal value,0,Units,0,Zero
DATAFLOW,OECD.ELS.SAE:DSD_EARNINGS@AV_AN_WAGE(1.0),Average annual wages,I,LVA,Latvia,WG,Wages,USD_PPP,"US dollars, PPP converted",A,Annual,Q,Constant prices,MEAN,Mean,_Z,Not applicable,1996,,12901.947,,2025,,A,Normal value,0,Units,0,Zero
DATAFLOW,OECD.ELS.SAE:DSD_EARNINGS@AV_AN_WAGE(1.0),Average annual wages,I,LVA,Latvia,WG,Wages,USD_PPP,"US dollars, PPP converted",A,Annual,Q,Constant prices,MEAN,Mean,_Z,Not applicable,1997,,13513.718,,2025,,A,Normal value,0,Units,0,Zero
DATAFLOW,OECD.ELS.SAE:DSD_EARNINGS@AV_AN_WAGE(1.0),Average annual wages,I,LVA,Latvia,WG,Wages,USD_PPP,"US dollars, PPP converted",A,Annual,Q,Constant prices,MEAN,Mean,_Z,Not applicable,1998,,13949.896,,2025,,A,Normal value,0,Units,0,Zero
DATAFLOW,OECD.ELS.SAE:DSD_EARNINGS@AV_AN_WAGE(1.0),Average annual wages,I,LVA,Latvia,WG,Wages,USD_PPP,"US dollars, PPP converted",A,Annual,Q,Constant prices,MEAN,Mean,_Z,Not applicable,1999,,14536.515,,2025,,A,Normal value,0,Units,0,Zero
DATAFLOW,OECD.ELS.SAE:DSD_EARNINGS@AV_AN_WAGE(1.0),Average annual wages,I,LVA,Latvia,WG,Wages,USD_PPP,"US dollars, PPP converted",A,Annual,Q,Constant prices,MEAN,Mean,_Z,Not applicable,2000,,15300.038,,2025,,A,Normal value,0,Units,0,Zero
DATAFLOW,OECD.ELS.SAE:DSD_EARNINGS@AV_AN_WAGE(1.0),Average annual wages,I,LVA,Latvia,WG,Wages,USD_PPP,"US dollars, PPP converted",A,Annual,Q,Constant prices,MEAN,Mean,_Z,Not applicable,2001,,15755.031,,2025,,A,Normal value,0,Units,0,Zero
DATAFLOW,OECD.ELS.SAE:DSD_EARNINGS@AV_AN_WAGE(1.0),Average annual wages,I,LVA,Latvia,WG,Wages,USD_PPP,"US dollars, PPP converted",A,Annual,Q,Constant prices,MEAN,Mean,_Z,Not applicable,2002,,15749.541,,2025,,A,Normal value,0,Units,0,Zero
DATAFLOW,OECD.ELS.SAE:DSD_EARNINGS@AV_AN_WAGE(1.0),Average annual wages,I,LVA,Latvia,WG,Wages,USD_PPP,"US dollars, PPP converted",A,Annual,Q,Constant prices,MEAN,Mean,_Z,Not applicable,2003,,17101.126,,2025,,A,Normal value,0,Units,0,Zero
DATAFLOW,OECD.ELS.SAE:DSD_EARNINGS@AV_AN_WAGE(1.0),Average annual wages,I,LVA,Latvia,WG,Wages,USD_PPP,"US dollars, PPP converted",A,Annual,Q,Constant prices,MEAN,Mean,_Z,Not applicable,2004,,18446.343,,2025,,A,Normal value,0,Units,0,Zero
DATAFLOW,OECD.ELS.SAE:DSD_EARNINGS@AV_AN_WAGE(1.0),Average annual wages,I,LVA,Latvia,WG,Wages,USD_PPP,"US dollars, PPP converted",A,Annual,Q,Constant prices,MEAN,Mean,_Z,Not applicable,2005,,21720.391,,2025,,A,Normal value,0,Units,0,Zero
DATAFLOW,OECD.ELS.SAE:DSD_EARNINGS@AV_AN_WAGE(1.0),Average annual wages,I,LVA,Latvia,WG,Wages,USD_PPP,"US dollars, PPP converted",A,Annual,Q,Constant prices,MEAN,Mean,_Z,Not applicable,2006,,24671.424,,2025,,A,Normal value,0,Units,0,Zero
DATAFLOW,OECD.ELS.SAE:DSD_EARNINGS@AV_AN_WAGE(1.0),Average annual wages,I,LVA,Latvia,WG,Wages,USD_PPP,"US dollars, PPP converted",A,Annual,Q,Constant prices,MEAN,Mean,_Z,Not applicable,2007,,30770.78,,2025,,A,Normal value,0,Units,0,Zero
DATAFLOW,OECD.ELS.SAE:DSD_EARNINGS@AV_AN_WAGE(1.0),Average annual wages,I,LVA,Latvia,WG,Wages,USD_PPP,"US dollars, PPP converted",A,Annual,Q,Constant prices,MEAN,Mean,_Z,Not applicable,2008,,31453.519,,2025,,A,Normal value,0,Units,0,Zero
DATAFLOW,OECD.ELS.SAE:DSD_EARNINGS@AV_AN_WAGE(1.0),Average annual wages,I,LVA,Latvia,WG,Wages,USD_PPP,"US dollars, PPP converted",A,Annual,Q,Constant prices,MEAN,Mean,_Z,Not applicable,2009,,26665.022,,2025,,A,Normal value,0,Units,0,Zero
DATAFLOW,OECD.ELS.SAE:DSD_EARNINGS@AV_AN_WAGE(1.0),Average annual wages,I,LVA,Latvia,WG,Wages,USD_PPP,"US dollars, PPP converted",A,Annual,Q,Constant prices,MEAN,Mean,_Z,Not applicable,2010,,25600.649,,2025,,A,Normal value,0,Units,0,Zero
DATAFLOW,OECD.ELS.SAE:DSD_EARNINGS@AV_AN_WAGE(1.0),Average annual wages,I,LVA,Latvia,WG,Wages,USD_PPP,"US dollars, PPP converted",A,Annual,Q,Constant prices,MEAN,Mean,_Z,Not applicable,2011,,25205.888,,2025,,A,Normal value,0,Units,0,Zero
DATAFLOW,OECD.ELS.SAE:DSD_EARNINGS@AV_AN_WAGE(1.0),Average annual wages,I,LVA,Latvia,WG,Wages,USD_PPP,"US dollars, PPP converted",A,Annual,Q,Constant prices,MEAN,Mean,_Z,Not applicable,2012,,26478.733,,2025,,A,Normal value,0,Units,0,Zero
DATAFLOW,OECD.ELS.SAE:DSD_EARNINGS@AV_AN_WAGE(1.0),Average annual wages,I,LVA,Latvia,WG,Wages,USD_PPP,"US dollars, PPP converted",A,Annual,Q,Constant prices,MEAN,Mean,_Z,Not applicable,2013,,27848.664,,2025,,A,Normal value,0,Units,0,Zero
DATAFLOW,OECD.ELS.SAE:DSD_EARNINGS@AV_AN_WAGE(1.0),Average annual wages,I,LVA,Latvia,WG,Wages,USD_PPP,"US dollars, PPP converted",A,Annual,Q,Constant prices,MEAN,Mean,_Z,Not applicable,2014,,29807.448,,2025,,A,Normal value,0,Units,0,Zero
DATAFLOW,OECD.ELS.SAE:DSD_EARNINGS@AV_AN_WAGE(1.0),Average annual wages,I,LVA,Latvia,WG,Wages,USD_PPP,"US dollars, PPP converted",A,Annual,Q,Constant prices,MEAN,Mean,_Z,Not applicable,2015,,32206.631,,2025,,A,Normal value,0,Units,0,Zero
DATAFLOW,OECD.ELS.SAE:DSD_EARNINGS@AV_AN_WAGE(1.0),Average annual wages,I,LVA,Latvia,WG,Wages,USD_PPP,"US dollars, PPP converted",A,Annual,Q,Constant prices,MEAN,Mean,_Z,Not applicable,2016,,33980.633,,2025,,A,Normal value,0,Units,0,Zero
DATAFLOW,OECD.ELS.SAE:DSD_EARNINGS@AV_AN_WAGE(1.0),Average annual wages,I,LVA,Latvia,WG,Wages,USD_PPP,"US dollars, PPP converted",A,Annual,Q,Constant prices,MEAN,Mean,_Z,Not applicable,2017,,35233.297,,2025,,A,Normal value,0,Units,0,Zero
DATAFLOW,OECD.ELS.SAE:DSD_EARNINGS@AV_AN_WAGE(1.0),Average annual wages,I,LVA,Latvia,WG,Wages,USD_PPP,"US dollars, PPP converted",A,Annual,Q,Constant prices,MEAN,Mean,_Z,Not applicable,2018,,36752.603,,2025,,A,Normal value,0,Units,0,Zero
DATAFLOW,OECD.ELS.SAE:DSD_EARNINGS@AV_AN_WAGE(1.0),Average annual wages,I,LVA,Latvia,WG,Wages,USD_PPP,"US dollars, PPP converted",A,Annual,Q,Constant prices,MEAN,Mean,_Z,Not applicable,2019,,38409.438,,2025,,A,Normal value,0,Units,0,Zero
DATAFLOW,OECD.ELS.SAE:DSD_EARNINGS@AV_AN_WAGE(1.0),Average annual wages,I,LVA,Latvia,WG,Wages,USD_PPP,"US dollars, PPP converted",A,Annual,Q,Constant prices,MEAN,Mean,_Z,Not applicable,2020,,39809.541,,2025,,A,Normal value,0,Units,0,Zero
DATAFLOW,OECD.ELS.SAE:DSD_EARNINGS@AV_AN_WAGE(1.0),Average annual wages,I,LVA,Latvia,WG,Wages,USD_PPP,"US dollars, PPP converted",A,Annual,Q,Constant prices,MEAN,Mean,_Z,Not applicable,2021,,42560.273,,2025,,A,Normal value,0,Units,0,Zero
DATAFLOW,OECD.ELS.SAE:DSD_EARNINGS@AV_AN_WAGE(1.0),Average annual wages,I,LVA,Latvia,WG,Wages,USD_PPP,"US dollars, PPP converted",A,Annual,Q,Constant prices,MEAN,Mean,_Z,Not applicable,2022,,40914.03,,2025,,A,Normal value,0,Units,0,Zero
DATAFLOW,OECD.ELS.SAE:DSD_EARNINGS@AV_AN_WAGE(1.0),Average annual wages,I,LVA,Latvia,WG,Wages,USD_PPP,"US dollars, PPP converted",A,Annual,Q,Constant prices,MEAN,Mean,_Z,Not applicable,2023,,40894.628,,2025,,A,Normal value,0,Units,0,Zero
DATAFLOW,OECD.ELS.SAE:DSD_EARNINGS@AV_AN_WAGE(1.0),Average annual wages,I,LVA,Latvia,WG,Wages,USD_PPP,"US dollars, PPP converted",A,Annual,Q,Constant prices,MEAN,Mean,_Z,Not applicable,2024,,43265.355,,2025,,A,Normal value,0,Units,0,Zero
DATAFLOW,OECD.ELS.SAE:DSD_EARNINGS@AV_AN_WAGE(1.0),Average annual wages,I,LVA,Latvia,WG,Wages,USD_PPP,"US dollars, PPP converted",A,Annual,Q,Constant prices,MEAN,Mean,_Z,Not applicable,2025,,44708.836,,2025,,A,Normal value,0,Units,0,Zero
DATAFLOW,OECD.ELS.SAE:DSD_EARNINGS@AV_AN_WAGE(1.0),Average annual wages,I,LTU,Lithuania,WG,Wages,USD_PPP,"US dollars, PPP converted",A,Annual,Q,Constant prices,MEAN,Mean,_Z,Not applicable,1995,,13353.35,,2025,,A,Normal value,0,Units,0,Zero
DATAFLOW,OECD.ELS.SAE:DSD_EARNINGS@AV_AN_WAGE(1.0),Average annual wages,I,LTU,Lithuania,WG,Wages,USD_PPP,"US dollars, PPP converted",A,Annual,Q,Constant prices,MEAN,Mean,_Z,Not applicable,1996,,14872.985,,2025,,A,Normal value,0,Units,0,Zero
DATAFLOW,OECD.ELS.SAE:DSD_EARNINGS@AV_AN_WAGE(1.0),Average annual wages,I,LTU,Lithuania,WG,Wages,USD_PPP,"US dollars, PPP converted",A,Annual,Q,Constant prices,MEAN,Mean,_Z,Not applicable,1997,,16443.864,,2025,,A,Normal value,0,Units,0,Zero
DATAFLOW,OECD.ELS.SAE:DSD_EARNINGS@AV_AN_WAGE(1.0),Average annual wages,I,LTU,Lithuania,WG,Wages,USD_PPP,"US dollars, PPP converted",A,Annual,Q,Constant prices,MEAN,Mean,_Z,Not applicable,1998,,17947.004,,2025,,A,Normal value,0,Units,0,Zero
DATAFLOW,OECD.ELS.SAE:DSD_EARNINGS@AV_AN_WAGE(1.0),Average annual wages,I,LTU,Lithuania,WG,Wages,USD_PPP,"US dollars, PPP converted",A,Annual,Q,Constant prices,MEAN,Mean,_Z,Not applicable,1999,,18752.488,,2025,,A,Normal value,0,Units,0,Zero
DATAFLOW,OECD.ELS.SAE:DSD_EARNINGS@AV_AN_WAGE(1.0),Average annual wages,I,LTU,Lithuania,WG,Wages,USD_PPP,"US dollars, PPP converted",A,Annual,Q,Constant prices,MEAN,Mean,_Z,Not applicable,2000,,18827.674,,2025,,A,Normal value,0,Units,0,Zero
DATAFLOW,OECD.ELS.SAE:DSD_EARNINGS@AV_AN_WAGE(1.0),Average annual wages,I,LTU,Lithuania,WG,Wages,USD_PPP,"US dollars, PPP converted",A,Annual,Q,Constant prices,MEAN,Mean,_Z,Not applicable,2001,,19863.109,,2025,,A,Normal value,0,Units,0,Zero
DATAFLOW,OECD.ELS.SAE:DSD_EARNINGS@AV_AN_WAGE(1.0),Average annual wages,I,LTU,Lithuania,WG,Wages,USD_PPP,"US dollars, PPP converted",A,Annual,Q,Constant prices,MEAN,Mean,_Z,Not applicable,2002,,21204.408,,2025,,A,Normal value,0,Units,0,Zero
DATAFLOW,OECD.ELS.SAE:DSD_EARNINGS@AV_AN_WAGE(1.0),Average annual wages,I,LTU,Lithuania,WG,Wages,USD_PPP,"US dollars, PPP converted",A,Annual,Q,Constant prices,MEAN,Mean,_Z,Not applicable,2003,,23492.532,,2025,,A,Normal value,0,Units,0,Zero
DATAFLOW,OECD.ELS.SAE:DSD_EARNINGS@AV_AN_WAGE(1.0),Average annual wages,I,LTU,Lithuania,WG,Wages,USD_PPP,"US dollars, PPP converted",A,Annual,Q,Constant prices,MEAN,Mean,_Z,Not applicable,2004,,26077.492,,2025,,A,Normal value,0,Units,0,Zero
DATAFLOW,OECD.ELS.SAE:DSD_EARNINGS@AV_AN_WAGE(1.0),Average annual wages,I,LTU,Lithuania,WG,Wages,USD_PPP,"US dollars, PPP converted",A,Annual,Q,Constant prices,MEAN,Mean,_Z,Not applicable,2005,,28814.765,,2025,,A,Normal value,0,Units,0,Zero
DATAFLOW,OECD.ELS.SAE:DSD_EARNINGS@AV_AN_WAGE(1.0),Average annual wages,I,LTU,Lithuania,WG,Wages,USD_PPP,"US dollars, PPP converted",A,Annual,Q,Constant prices,MEAN,Mean,_Z,Not applicable,2006,,32995.906,,2025,,A,Normal value,0,Units,0,Zero
DATAFLOW,OECD.ELS.SAE:DSD_EARNINGS@AV_AN_WAGE(1.0),Average annual wages,I,LTU,Lithuania,WG,Wages,USD_PPP,"US dollars, PPP converted",A,Annual,Q,Constant prices,MEAN,Mean,_Z,Not applicable,2007,,35138.234,,2025,,A,Normal value,0,Units,0,Zero
DATAFLOW,OECD.ELS.SAE:DSD_EARNINGS@AV_AN_WAGE(1.0),Average annual wages,I,LTU,Lithuania,WG,Wages,USD_PPP,"US dollars, PPP converted",A,Annual,Q,Constant prices,MEAN,Mean,_Z,Not applicable,2008,,35720.736,,2025,,A,Normal value,0,Units,0,Zero
DATAFLOW,OECD.ELS.SAE:DSD_EARNINGS@AV_AN_WAGE(1.0),Average annual wages,I,LTU,Lithuania,WG,Wages,USD_PPP,"US dollars, PPP converted",A,Annual,Q,Constant prices,MEAN,Mean,_Z,Not applicable,2009,,31160.42,,2025,,A,Normal value,0,Units,0,Zero
DATAFLOW,OECD.ELS.SAE:DSD_EARNINGS@AV_AN_WAGE(1.0),Average annual wages,I,LTU,Lithuania,WG,Wages,USD_PPP,"US dollars, PPP converted",A,Annual,Q,Constant prices,MEAN,Mean,_Z,Not applicable,2010,,31212.61,,2025,,A,Normal value,0,Units,0,Zero
DATAFLOW,OECD.ELS.SAE:DSD_EARNINGS@AV_AN_WAGE(1.0),Average annual wages,I,LTU,Lithuania,WG,Wages,USD_PPP,"US dollars, PPP converted",A,Annual,Q,Constant prices,MEAN,Mean,_Z,Not applicable,2011,,31920.31,,2025,,A,Normal value,0,Units,0,Zero
DATAFLOW,OECD.ELS.SAE:DSD_EARNINGS@AV_AN_WAGE(1.0),Average annual wages,I,LTU,Lithuania,WG,Wages,USD_PPP,"US dollars, PPP converted",A,Annual,Q,Constant prices,MEAN,Mean,_Z,Not applicable,2012,,32461.645,,2025,,A,Normal value,0,Units,0,Zero
DATAFLOW,OECD.ELS.SAE:DSD_EARNINGS@AV_AN_WAGE(1.0),Average annual wages,I,LTU,Lithuania,WG,Wages,USD_PPP,"US dollars, PPP converted",A,Annual,Q,Constant prices,MEAN,Mean,_Z,Not applicable,2013,,33629.834,,2025,,A,Normal value,0,Units,0,Zero
DATAFLOW,OECD.ELS.SAE:DSD_EARNINGS@AV_AN_WAGE(1.0),Average annual wages,I,LTU,Lithuania,WG,Wages,USD_PPP,"US dollars, PPP converted",A,Annual,Q,Constant prices,MEAN,Mean,_Z,Not applicable,2014,,35180.418,,2025,,A,Normal value,0,Units,0,Zero
DATAFLOW,OECD.ELS.SAE:DSD_EARNINGS@AV_AN_WAGE(1.0),Average annual wages,I,LTU,Lithuania,WG,Wages,USD_PPP,"US dollars, PPP converted",A,Annual,Q,Constant prices,MEAN,Mean,_Z,Not applicable,2015,,37409.382,,2025,,A,Normal value,0,Units,0,Zero
DATAFLOW,OECD.ELS.SAE:DSD_EARNINGS@AV_AN_WAGE(1.0),Average annual wages,I,LTU,Lithuania,WG,Wages,USD_PPP,"US dollars, PPP converted",A,Annual,Q,Constant prices,MEAN,Mean,_Z,Not applicable,2016,,39199.151,,2025,,A,Normal value,0,Units,0,Zero
DATAFLOW,OECD.ELS.SAE:DSD_EARNINGS@AV_AN_WAGE(1.0),Average annual wages,I,LTU,Lithuania,WG,Wages,USD_PPP,"US dollars, PPP converted",A,Annual,Q,Constant prices,MEAN,Mean,_Z,Not applicable,2017,,41295.105,,2025,,A,Normal value,0,Units,0,Zero
DATAFLOW,OECD.ELS.SAE:DSD_EARNINGS@AV_AN_WAGE(1.0),Average annual wages,I,LTU,Lithuania,WG,Wages,USD_PPP,"US dollars, PPP converted",A,Annual,Q,Constant prices,MEAN,Mean,_Z,Not applicable,2018,,43189.999,,2025,,A,Normal value,0,Units,0,Zero
DATAFLOW,OECD.ELS.SAE:DSD_EARNINGS@AV_AN_WAGE(1.0),Average annual wages,I,LTU,Lithuania,WG,Wages,USD_PPP,"US dollars, PPP converted",A,Annual,Q,Constant prices,MEAN,Mean,_Z,Not applicable,2019,,47651.1,,2025,,A,Normal value,0,Units,0,Zero
DATAFLOW,OECD.ELS.SAE:DSD_EARNINGS@AV_AN_WAGE(1.0),Average annual wages,I,LTU,Lithuania,WG,Wages,USD_PPP,"US dollars, PPP converted",A,Annual,Q,Constant prices,MEAN,Mean,_Z,Not applicable,2020,,50122.828,,2025,,A,Normal value,0,Units,0,Zero
DATAFLOW,OECD.ELS.SAE:DSD_EARNINGS@AV_AN_WAGE(1.0),Average annual wages,I,LTU,Lithuania,WG,Wages,USD_PPP,"US dollars, PPP converted",A,Annual,Q,Constant prices,MEAN,Mean,_Z,Not applicable,2021,,53233.452,,2025,,A,Normal value,0,Units,0,Zero
DATAFLOW,OECD.ELS.SAE:DSD_EARNINGS@AV_AN_WAGE(1.0),Average annual wages,I,LTU,Lithuania,WG,Wages,USD_PPP,"US dollars, PPP converted",A,Annual,Q,Constant prices,MEAN,Mean,_Z,Not applicable,2022,,50200.658,,2025,,A,Normal value,0,Units,0,Zero
DATAFLOW,OECD.ELS.SAE:DSD_EARNINGS@AV_AN_WAGE(1.0),Average annual wages,I,LTU,Lithuania,WG,Wages,USD_PPP,"US dollars, PPP converted",A,Annual,Q,Constant prices,MEAN,Mean,_Z,Not applicable,2023,,51780.754,,2025,,A,Normal value,0,Units,0,Zero
DATAFLOW,OECD.ELS.SAE:DSD_EARNINGS@AV_AN_WAGE(1.0),Average annual wages,I,LTU,Lithuania,WG,Wages,USD_PPP,"US dollars, PPP converted",A,Annual,Q,Constant prices,MEAN,Mean,_Z,Not applicable,2024,,54865.033,,2025,,A,Normal value,0,Units,0,Zero
DATAFLOW,OECD.ELS.SAE:DSD_EARNINGS@AV_AN_WAGE(1.0),Average annual wages,I,LTU,Lithuania,WG,Wages,USD_PPP,"US dollars, PPP converted",A,Annual,Q,Constant prices,MEAN,Mean,_Z,Not applicable,2025,,58111.602,,2025,,A,Normal value,0,Units,0,Zero
DATAFLOW,OECD.ELS.SAE:DSD_EARNINGS@AV_AN_WAGE(1.0),Average annual wages,I,LUX,Luxembourg,WG,Wages,USD_PPP,"US dollars, PPP converted",A,Annual,Q,Constant prices,MEAN,Mean,_Z,Not applicable,1990,,64782.19,,2025,,A,Normal value,0,Units,0,Zero
DATAFLOW,OECD.ELS.SAE:DSD_EARNINGS@AV_AN_WAGE(1.0),Average annual wages,I,LUX,Luxembourg,WG,Wages,USD_PPP,"US dollars, PPP converted",A,Annual,Q,Constant prices,MEAN,Mean,_Z,Not applicable,1991,,66613.015,,2025,,A,Normal value,0,Units,0,Zero
DATAFLOW,OECD.ELS.SAE:DSD_EARNINGS@AV_AN_WAGE(1.0),Average annual wages,I,LUX,Luxembourg,WG,Wages,USD_PPP,"US dollars, PPP converted",A,Annual,Q,Constant prices,MEAN,Mean,_Z,Not applicable,1992,,68382.913,,2025,,A,Normal value,0,Units,0,Zero
DATAFLOW,OECD.ELS.SAE:DSD_EARNINGS@AV_AN_WAGE(1.0),Average annual wages,I,LUX,Luxembourg,WG,Wages,USD_PPP,"US dollars, PPP converted",A,Annual,Q,Constant prices,MEAN,Mean,_Z,Not applicable,1993,,69707.873,,2025,,A,Normal value,0,Units,0,Zero
DATAFLOW,OECD.ELS.SAE:DSD_EARNINGS@AV_AN_WAGE(1.0),Average annual wages,I,LUX,Luxembourg,WG,Wages,USD_PPP,"US dollars, PPP converted",A,Annual,Q,Constant prices,MEAN,Mean,_Z,Not applicable,1994,,70836.173,,2025,,A,Normal value,0,Units,0,Zero
DATAFLOW,OECD.ELS.SAE:DSD_EARNINGS@AV_AN_WAGE(1.0),Average annual wages,I,LUX,Luxembourg,WG,Wages,USD_PPP,"US dollars, PPP converted",A,Annual,Q,Constant prices,MEAN,Mean,_Z,Not applicable,1995,,70788.184,,2025,,A,Normal value,0,Units,0,Zero
DATAFLOW,OECD.ELS.SAE:DSD_EARNINGS@AV_AN_WAGE(1.0),Average annual wages,I,LUX,Luxembourg,WG,Wages,USD_PPP,"US dollars, PPP converted",A,Annual,Q,Constant prices,MEAN,Mean,_Z,Not applicable,1996,,72658.288,,2025,,A,Normal value,0,Units,0,Zero
DATAFLOW,OECD.ELS.SAE:DSD_EARNINGS@AV_AN_WAGE(1.0),Average annual wages,I,LUX,Luxembourg,WG,Wages,USD_PPP,"US dollars, PPP converted",A,Annual,Q,Constant prices,MEAN,Mean,_Z,Not applicable,1997,,73550.993,,2025,,A,Normal value,0,Units,0,Zero
DATAFLOW,OECD.ELS.SAE:DSD_EARNINGS@AV_AN_WAGE(1.0),Average annual wages,I,LUX,Luxembourg,WG,Wages,USD_PPP,"US dollars, PPP converted",A,Annual,Q,Constant prices,MEAN,Mean,_Z,Not applicable,1998,,73687.617,,2025,,A,Normal value,0,Units,0,Zero
DATAFLOW,OECD.ELS.SAE:DSD_EARNINGS@AV_AN_WAGE(1.0),Average annual wages,I,LUX,Luxembourg,WG,Wages,USD_PPP,"US dollars, PPP converted",A,Annual,Q,Constant prices,MEAN,Mean,_Z,Not applicable,1999,,75539.588,,2025,,A,Normal value,0,Units,0,Zero
DATAFLOW,OECD.ELS.SAE:DSD_EARNINGS@AV_AN_WAGE(1.0),Average annual wages,I,LUX,Luxembourg,WG,Wages,USD_PPP,"US dollars, PPP converted",A,Annual,Q,Constant prices,MEAN,Mean,_Z,Not applicable,2000,,77472.97,,2025,,A,Normal value,0,Units,0,Zero
DATAFLOW,OECD.ELS.SAE:DSD_EARNINGS@AV_AN_WAGE(1.0),Average annual wages,I,LUX,Luxembourg,WG,Wages,USD_PPP,"US dollars, PPP converted",A,Annual,Q,Constant prices,MEAN,Mean,_Z,Not applicable,2001,,78039.486,,2025,,A,Normal value,0,Units,0,Zero
DATAFLOW,OECD.ELS.SAE:DSD_EARNINGS@AV_AN_WAGE(1.0),Average annual wages,I,LUX,Luxembourg,WG,Wages,USD_PPP,"US dollars, PPP converted",A,Annual,Q,Constant prices,MEAN,Mean,_Z,Not applicable,2002,,80212.972,,2025,,A,Normal value,0,Units,0,Zero
DATAFLOW,OECD.ELS.SAE:DSD_EARNINGS@AV_AN_WAGE(1.0),Average annual wages,I,LUX,Luxembourg,WG,Wages,USD_PPP,"US dollars, PPP converted",A,Annual,Q,Constant prices,MEAN,Mean,_Z,Not applicable,2003,,79399.684,,2025,,A,Normal value,0,Units,0,Zero
DATAFLOW,OECD.ELS.SAE:DSD_EARNINGS@AV_AN_WAGE(1.0),Average annual wages,I,LUX,Luxembourg,WG,Wages,USD_PPP,"US dollars, PPP converted",A,Annual,Q,Constant prices,MEAN,Mean,_Z,Not applicable,2004,,80554.518,,2025,,A,Normal value,0,Units,0,Zero
DATAFLOW,OECD.ELS.SAE:DSD_EARNINGS@AV_AN_WAGE(1.0),Average annual wages,I,LUX,Luxembourg,WG,Wages,USD_PPP,"US dollars, PPP converted",A,Annual,Q,Constant prices,MEAN,Mean,_Z,Not applicable,2005,,80785.46,,2025,,A,Normal value,0,Units,0,Zero
DATAFLOW,OECD.ELS.SAE:DSD_EARNINGS@AV_AN_WAGE(1.0),Average annual wages,I,LUX,Luxembourg,WG,Wages,USD_PPP,"US dollars, PPP converted",A,Annual,Q,Constant prices,MEAN,Mean,_Z,Not applicable,2006,,81285.654,,2025,,A,Normal value,0,Units,0,Zero
DATAFLOW,OECD.ELS.SAE:DSD_EARNINGS@AV_AN_WAGE(1.0),Average annual wages,I,LUX,Luxembourg,WG,Wages,USD_PPP,"US dollars, PPP converted",A,Annual,Q,Constant prices,MEAN,Mean,_Z,Not applicable,2007,,83687.275,,2025,,A,Normal value,0,Units,0,Zero
DATAFLOW,OECD.ELS.SAE:DSD_EARNINGS@AV_AN_WAGE(1.0),Average annual wages,I,LUX,Luxembourg,WG,Wages,USD_PPP,"US dollars, PPP converted",A,Annual,Q,Constant prices,MEAN,Mean,_Z,Not applicable,2008,,83926.516,,2025,,A,Normal value,0,Units,0,Zero
DATAFLOW,OECD.ELS.SAE:DSD_EARNINGS@AV_AN_WAGE(1.0),Average annual wages,I,LUX,Luxembourg,WG,Wages,USD_PPP,"US dollars, PPP converted",A,Annual,Q,Constant prices,MEAN,Mean,_Z,Not applicable,2009,,86083.568,,2025,,A,Normal value,0,Units,0,Zero
DATAFLOW,OECD.ELS.SAE:DSD_EARNINGS@AV_AN_WAGE(1.0),Average annual wages,I,LUX,Luxembourg,WG,Wages,USD_PPP,"US dollars, PPP converted",A,Annual,Q,Constant prices,MEAN,Mean,_Z,Not applicable,2010,,86178.239,,2025,,A,Normal value,0,Units,0,Zero
DATAFLOW,OECD.ELS.SAE:DSD_EARNINGS@AV_AN_WAGE(1.0),Average annual wages,I,LUX,Luxembourg,WG,Wages,USD_PPP,"US dollars, PPP converted",A,Annual,Q,Constant prices,MEAN,Mean,_Z,Not applicable,2011,,86649.526,,2025,,A,Normal value,0,Units,0,Zero
DATAFLOW,OECD.ELS.SAE:DSD_EARNINGS@AV_AN_WAGE(1.0),Average annual wages,I,LUX,Luxembourg,WG,Wages,USD_PPP,"US dollars, PPP converted",A,Annual,Q,Constant prices,MEAN,Mean,_Z,Not applicable,2012,,85777.424,,2025,,A,Normal value,0,Units,0,Zero
DATAFLOW,OECD.ELS.SAE:DSD_EARNINGS@AV_AN_WAGE(1.0),Average annual wages,I,LUX,Luxembourg,WG,Wages,USD_PPP,"US dollars, PPP converted",A,Annual,Q,Constant prices,MEAN,Mean,_Z,Not applicable,2013,,86826.969,,2025,,A,Normal value,0,Units,0,Zero
DATAFLOW,OECD.ELS.SAE:DSD_EARNINGS@AV_AN_WAGE(1.0),Average annual wages,I,LUX,Luxembourg,WG,Wages,USD_PPP,"US dollars, PPP converted",A,Annual,Q,Constant prices,MEAN,Mean,_Z,Not applicable,2014,,88253.799,,2025,,A,Normal value,0,Units,0,Zero
DATAFLOW,OECD.ELS.SAE:DSD_EARNINGS@AV_AN_WAGE(1.0),Average annual wages,I,LUX,Luxembourg,WG,Wages,USD_PPP,"US dollars, PPP converted",A,Annual,Q,Constant prices,MEAN,Mean,_Z,Not applicable,2015,,88737.165,,2025,,A,Normal value,0,Units,0,Zero
DATAFLOW,OECD.ELS.SAE:DSD_EARNINGS@AV_AN_WAGE(1.0),Average annual wages,I,LUX,Luxembourg,WG,Wages,USD_PPP,"US dollars, PPP converted",A,Annual,Q,Constant prices,MEAN,Mean,_Z,Not applicable,2016,,88494.766,,2025,,A,Normal value,0,Units,0,Zero
DATAFLOW,OECD.ELS.SAE:DSD_EARNINGS@AV_AN_WAGE(1.0),Average annual wages,I,LUX,Luxembourg,WG,Wages,USD_PPP,"US dollars, PPP converted",A,Annual,Q,Constant prices,MEAN,Mean,_Z,Not applicable,2017,,89589.608,,2025,,A,Normal value,0,Units,0,Zero
DATAFLOW,OECD.ELS.SAE:DSD_EARNINGS@AV_AN_WAGE(1.0),Average annual wages,I,LUX,Luxembourg,WG,Wages,USD_PPP,"US dollars, PPP converted",A,Annual,Q,Constant prices,MEAN,Mean,_Z,Not applicable,2018,,90137.864,,2025,,A,Normal value,0,Units,0,Zero
DATAFLOW,OECD.ELS.SAE:DSD_EARNINGS@AV_AN_WAGE(1.0),Average annual wages,I,LUX,Luxembourg,WG,Wages,USD_PPP,"US dollars, PPP converted",A,Annual,Q,Constant prices,MEAN,Mean,_Z,Not applicable,2019,,90216.315,,2025,,A,Normal value,0,Units,0,Zero
DATAFLOW,OECD.ELS.SAE:DSD_EARNINGS@AV_AN_WAGE(1.0),Average annual wages,I,LUX,Luxembourg,WG,Wages,USD_PPP,"US dollars, PPP converted",A,Annual,Q,Constant prices,MEAN,Mean,_Z,Not applicable,2020,,90996.88,,2025,,A,Normal value,0,Units,0,Zero
DATAFLOW,OECD.ELS.SAE:DSD_EARNINGS@AV_AN_WAGE(1.0),Average annual wages,I,LUX,Luxembourg,WG,Wages,USD_PPP,"US dollars, PPP converted",A,Annual,Q,Constant prices,MEAN,Mean,_Z,Not applicable,2021,,95322.584,,2025,,A,Normal value,0,Units,0,Zero
DATAFLOW,OECD.ELS.SAE:DSD_EARNINGS@AV_AN_WAGE(1.0),Average annual wages,I,LUX,Luxembourg,WG,Wages,USD_PPP,"US dollars, PPP converted",A,Annual,Q,Constant prices,MEAN,Mean,_Z,Not applicable,2022,,93761.908,,2025,,A,Normal value,0,Units,0,Zero
DATAFLOW,OECD.ELS.SAE:DSD_EARNINGS@AV_AN_WAGE(1.0),Average annual wages,I,LUX,Luxembourg,WG,Wages,USD_PPP,"US dollars, PPP converted",A,Annual,Q,Constant prices,MEAN,Mean,_Z,Not applicable,2023,,96365.066,,2025,,A,Normal value,0,Units,0,Zero
DATAFLOW,OECD.ELS.SAE:DSD_EARNINGS@AV_AN_WAGE(1.0),Average annual wages,I,LUX,Luxembourg,WG,Wages,USD_PPP,"US dollars, PPP converted",A,Annual,Q,Constant prices,MEAN,Mean,_Z,Not applicable,2024,,97462.05,,2025,,A,Normal value,0,Units,0,Zero
DATAFLOW,OECD.ELS.SAE:DSD_EARNINGS@AV_AN_WAGE(1.0),Average annual wages,I,LUX,Luxembourg,WG,Wages,USD_PPP,"US dollars, PPP converted",A,Annual,Q,Constant prices,MEAN,Mean,_Z,Not applicable,2025,,98529.748,,2025,,A,Normal value,0,Units,0,Zero
DATAFLOW,OECD.ELS.SAE:DSD_EARNINGS@AV_AN_WAGE(1.0),Average annual wages,I,MEX,Mexico,WG,Wages,USD_PPP,"US dollars, PPP converted",A,Annual,Q,Constant prices,MEAN,Mean,_Z,Not applicable,1990,,22429.48,,2025,,A,Normal value,0,Units,0,Zero
DATAFLOW,OECD.ELS.SAE:DSD_EARNINGS@AV_AN_WAGE(1.0),Average annual wages,I,MEX,Mexico,WG,Wages,USD_PPP,"US dollars, PPP converted",A,Annual,Q,Constant prices,MEAN,Mean,_Z,Not applicable,1991,,23615.078,,2025,,A,Normal value,0,Units,0,Zero
DATAFLOW,OECD.ELS.SAE:DSD_EARNINGS@AV_AN_WAGE(1.0),Average annual wages,I,MEX,Mexico,WG,Wages,USD_PPP,"US dollars, PPP converted",A,Annual,Q,Constant prices,MEAN,Mean,_Z,Not applicable,1992,,24900.143,,2025,,A,Normal value,0,Units,0,Zero
DATAFLOW,OECD.ELS.SAE:DSD_EARNINGS@AV_AN_WAGE(1.0),Average annual wages,I,MEX,Mexico,WG,Wages,USD_PPP,"US dollars, PPP converted",A,Annual,Q,Constant prices,MEAN,Mean,_Z,Not applicable,1993,,26164.827,,2025,,A,Normal value,0,Units,0,Zero
DATAFLOW,OECD.ELS.SAE:DSD_EARNINGS@AV_AN_WAGE(1.0),Average annual wages,I,MEX,Mexico,WG,Wages,USD_PPP,"US dollars, PPP converted",A,Annual,Q,Constant prices,MEAN,Mean,_Z,Not applicable,1994,,27014.444,,2025,,A,Normal value,0,Units,0,Zero
DATAFLOW,OECD.ELS.SAE:DSD_EARNINGS@AV_AN_WAGE(1.0),Average annual wages,I,MEX,Mexico,WG,Wages,USD_PPP,"US dollars, PPP converted",A,Annual,Q,Constant prices,MEAN,Mean,_Z,Not applicable,1995,,21828.9,,2025,,A,Normal value,0,Units,0,Zero
DATAFLOW,OECD.ELS.SAE:DSD_EARNINGS@AV_AN_WAGE(1.0),Average annual wages,I,MEX,Mexico,WG,Wages,USD_PPP,"US dollars, PPP converted",A,Annual,Q,Constant prices,MEAN,Mean,_Z,Not applicable,1996,,20262.614,,2025,,A,Normal value,0,Units,0,Zero
DATAFLOW,OECD.ELS.SAE:DSD_EARNINGS@AV_AN_WAGE(1.0),Average annual wages,I,MEX,Mexico,WG,Wages,USD_PPP,"US dollars, PPP converted",A,Annual,Q,Constant prices,MEAN,Mean,_Z,Not applicable,1997,,21467.228,,2025,,A,Normal value,0,Units,0,Zero
DATAFLOW,OECD.ELS.SAE:DSD_EARNINGS@AV_AN_WAGE(1.0),Average annual wages,I,MEX,Mexico,WG,Wages,USD_PPP,"US dollars, PPP converted",A,Annual,Q,Constant prices,MEAN,Mean,_Z,Not applicable,1998,,22033.476,,2025,,A,Normal value,0,Units,0,Zero
DATAFLOW,OECD.ELS.SAE:DSD_EARNINGS@AV_AN_WAGE(1.0),Average annual wages,I,MEX,Mexico,WG,Wages,USD_PPP,"US dollars, PPP converted",A,Annual,Q,Constant prices,MEAN,Mean,_Z,Not applicable,1999,,23008.732,,2025,,A,Normal value,0,Units,0,Zero
DATAFLOW,OECD.ELS.SAE:DSD_EARNINGS@AV_AN_WAGE(1.0),Average annual wages,I,MEX,Mexico,WG,Wages,USD_PPP,"US dollars, PPP converted",A,Annual,Q,Constant prices,MEAN,Mean,_Z,Not applicable,2000,,23912.192,,2025,,A,Normal value,0,Units,0,Zero
DATAFLOW,OECD.ELS.SAE:DSD_EARNINGS@AV_AN_WAGE(1.0),Average annual wages,I,MEX,Mexico,WG,Wages,USD_PPP,"US dollars, PPP converted",A,Annual,Q,Constant prices,MEAN,Mean,_Z,Not applicable,2001,,25575.474,,2025,,A,Normal value,0,Units,0,Zero
DATAFLOW,OECD.ELS.SAE:DSD_EARNINGS@AV_AN_WAGE(1.0),Average annual wages,I,MEX,Mexico,WG,Wages,USD_PPP,"US dollars, PPP converted",A,Annual,Q,Constant prices,MEAN,Mean,_Z,Not applicable,2002,,25884.478,,2025,,A,Normal value,0,Units,0,Zero
DATAFLOW,OECD.ELS.SAE:DSD_EARNINGS@AV_AN_WAGE(1.0),Average annual wages,I,MEX,Mexico,WG,Wages,USD_PPP,"US dollars, PPP converted",A,Annual,Q,Constant prices,MEAN,Mean,_Z,Not applicable,2003,,26005.509,,2025,,A,Normal value,0,Units,0,Zero
DATAFLOW,OECD.ELS.SAE:DSD_EARNINGS@AV_AN_WAGE(1.0),Average annual wages,I,MEX,Mexico,WG,Wages,USD_PPP,"US dollars, PPP converted",A,Annual,Q,Constant prices,MEAN,Mean,_Z,Not applicable,2004,,25070.54,,2025,,A,Normal value,0,Units,0,Zero
DATAFLOW,OECD.ELS.SAE:DSD_EARNINGS@AV_AN_WAGE(1.0),Average annual wages,I,MEX,Mexico,WG,Wages,USD_PPP,"US dollars, PPP converted",A,Annual,Q,Constant prices,MEAN,Mean,_Z,Not applicable,2005,,23771.138,,2025,,A,Normal value,0,Units,0,Zero
DATAFLOW,OECD.ELS.SAE:DSD_EARNINGS@AV_AN_WAGE(1.0),Average annual wages,I,MEX,Mexico,WG,Wages,USD_PPP,"US dollars, PPP converted",A,Annual,Q,Constant prices,MEAN,Mean,_Z,Not applicable,2006,,23832.87,,2025,,A,Normal value,0,Units,0,Zero
DATAFLOW,OECD.ELS.SAE:DSD_EARNINGS@AV_AN_WAGE(1.0),Average annual wages,I,MEX,Mexico,WG,Wages,USD_PPP,"US dollars, PPP converted",A,Annual,Q,Constant prices,MEAN,Mean,_Z,Not applicable,2007,,23346.028,,2025,,A,Normal value,0,Units,0,Zero
DATAFLOW,OECD.ELS.SAE:DSD_EARNINGS@AV_AN_WAGE(1.0),Average annual wages,I,MEX,Mexico,WG,Wages,USD_PPP,"US dollars, PPP converted",A,Annual,Q,Constant prices,MEAN,Mean,_Z,Not applicable,2008,,22728.704,,2025,,A,Normal value,0,Units,0,Zero
DATAFLOW,OECD.ELS.SAE:DSD_EARNINGS@AV_AN_WAGE(1.0),Average annual wages,I,MEX,Mexico,WG,Wages,USD_PPP,"US dollars, PPP converted",A,Annual,Q,Constant prices,MEAN,Mean,_Z,Not applicable,2009,,22383.981,,2025,,A,Normal value,0,Units,0,Zero
DATAFLOW,OECD.ELS.SAE:DSD_EARNINGS@AV_AN_WAGE(1.0),Average annual wages,I,MEX,Mexico,WG,Wages,USD_PPP,"US dollars, PPP converted",A,Annual,Q,Constant prices,MEAN,Mean,_Z,Not applicable,2010,,21522.526,,2025,,A,Normal value,0,Units,0,Zero
DATAFLOW,OECD.ELS.SAE:DSD_EARNINGS@AV_AN_WAGE(1.0),Average annual wages,I,MEX,Mexico,WG,Wages,USD_PPP,"US dollars, PPP converted",A,Annual,Q,Constant prices,MEAN,Mean,_Z,Not applicable,2011,,21965.228,,2025,,A,Normal value,0,Units,0,Zero
DATAFLOW,OECD.ELS.SAE:DSD_EARNINGS@AV_AN_WAGE(1.0),Average annual wages,I,MEX,Mexico,WG,Wages,USD_PPP,"US dollars, PPP converted",A,Annual,Q,Constant prices,MEAN,Mean,_Z,Not applicable,2012,,21736.157,,2025,,A,Normal value,0,Units,0,Zero
DATAFLOW,OECD.ELS.SAE:DSD_EARNINGS@AV_AN_WAGE(1.0),Average annual wages,I,MEX,Mexico,WG,Wages,USD_PPP,"US dollars, PPP converted",A,Annual,Q,Constant prices,MEAN,Mean,_Z,Not applicable,2013,,22109.46,,2025,,A,Normal value,0,Units,0,Zero
DATAFLOW,OECD.ELS.SAE:DSD_EARNINGS@AV_AN_WAGE(1.0),Average annual wages,I,MEX,Mexico,WG,Wages,USD_PPP,"US dollars, PPP converted",A,Annual,Q,Constant prices,MEAN,Mean,_Z,Not applicable,2014,,21831.356,,2025,,A,Normal value,0,Units,0,Zero
DATAFLOW,OECD.ELS.SAE:DSD_EARNINGS@AV_AN_WAGE(1.0),Average annual wages,I,MEX,Mexico,WG,Wages,USD_PPP,"US dollars, PPP converted",A,Annual,Q,Constant prices,MEAN,Mean,_Z,Not applicable,2015,,22303.701,,2025,,A,Normal value,0,Units,0,Zero
DATAFLOW,OECD.ELS.SAE:DSD_EARNINGS@AV_AN_WAGE(1.0),Average annual wages,I,MEX,Mexico,WG,Wages,USD_PPP,"US dollars, PPP converted",A,Annual,Q,Constant prices,MEAN,Mean,_Z,Not applicable,2016,,21565.884,,2025,,A,Normal value,0,Units,0,Zero
DATAFLOW,OECD.ELS.SAE:DSD_EARNINGS@AV_AN_WAGE(1.0),Average annual wages,I,MEX,Mexico,WG,Wages,USD_PPP,"US dollars, PPP converted",A,Annual,Q,Constant prices,MEAN,Mean,_Z,Not applicable,2017,,21289.401,,2025,,A,Normal value,0,Units,0,Zero
DATAFLOW,OECD.ELS.SAE:DSD_EARNINGS@AV_AN_WAGE(1.0),Average annual wages,I,MEX,Mexico,WG,Wages,USD_PPP,"US dollars, PPP converted",A,Annual,Q,Constant prices,MEAN,Mean,_Z,Not applicable,2018,,21379.306,,2025,,A,Normal value,0,Units,0,Zero
DATAFLOW,OECD.ELS.SAE:DSD_EARNINGS@AV_AN_WAGE(1.0),Average annual wages,I,MEX,Mexico,WG,Wages,USD_PPP,"US dollars, PPP converted",A,Annual,Q,Constant prices,MEAN,Mean,_Z,Not applicable,2019,,21747.066,,2025,,A,Normal value,0,Units,0,Zero
DATAFLOW,OECD.ELS.SAE:DSD_EARNINGS@AV_AN_WAGE(1.0),Average annual wages,I,MEX,Mexico,WG,Wages,USD_PPP,"US dollars, PPP converted",A,Annual,Q,Constant prices,MEAN,Mean,_Z,Not applicable,2020,,22465.132,,2025,,A,Normal value,0,Units,0,Zero
DATAFLOW,OECD.ELS.SAE:DSD_EARNINGS@AV_AN_WAGE(1.0),Average annual wages,I,MEX,Mexico,WG,Wages,USD_PPP,"US dollars, PPP converted",A,Annual,Q,Constant prices,MEAN,Mean,_Z,Not applicable,2021,,22171.447,,2025,,A,Normal value,0,Units,0,Zero
DATAFLOW,OECD.ELS.SAE:DSD_EARNINGS@AV_AN_WAGE(1.0),Average annual wages,I,MEX,Mexico,WG,Wages,USD_PPP,"US dollars, PPP converted",A,Annual,Q,Constant prices,MEAN,Mean,_Z,Not applicable,2022,,21902.195,,2025,,A,Normal value,0,Units,0,Zero
DATAFLOW,OECD.ELS.SAE:DSD_EARNINGS@AV_AN_WAGE(1.0),Average annual wages,I,MEX,Mexico,WG,Wages,USD_PPP,"US dollars, PPP converted",A,Annual,Q,Constant prices,MEAN,Mean,_Z,Not applicable,2023,,23148.979,,2025,,A,Normal value,0,Units,0,Zero
DATAFLOW,OECD.ELS.SAE:DSD_EARNINGS@AV_AN_WAGE(1.0),Average annual wages,I,MEX,Mexico,WG,Wages,USD_PPP,"US dollars, PPP converted",A,Annual,Q,Constant prices,MEAN,Mean,_Z,Not applicable,2024,,24139.675,,2025,,A,Normal value,0,Units,0,Zero
DATAFLOW,OECD.ELS.SAE:DSD_EARNINGS@AV_AN_WAGE(1.0),Average annual wages,I,MEX,Mexico,WG,Wages,USD_PPP,"US dollars, PPP converted",A,Annual,Q,Constant prices,MEAN,Mean,_Z,Not applicable,2025,,24463.122,,2025,,A,Normal value,0,Units,0,Zero
DATAFLOW,OECD.ELS.SAE:DSD_EARNINGS@AV_AN_WAGE(1.0),Average annual wages,I,NLD,Netherlands,WG,Wages,USD_PPP,"US dollars, PPP converted",A,Annual,Q,Constant prices,MEAN,Mean,_Z,Not applicable,1990,,72715.176,,2025,,A,Normal value,0,Units,0,Zero
DATAFLOW,OECD.ELS.SAE:DSD_EARNINGS@AV_AN_WAGE(1.0),Average annual wages,I,NLD,Netherlands,WG,Wages,USD_PPP,"US dollars, PPP converted",A,Annual,Q,Constant prices,MEAN,Mean,_Z,Not applicable,1991,,73284.701,,2025,,A,Normal value,0,Units,0,Zero
DATAFLOW,OECD.ELS.SAE:DSD_EARNINGS@AV_AN_WAGE(1.0),Average annual wages,I,NLD,Netherlands,WG,Wages,USD_PPP,"US dollars, PPP converted",A,Annual,Q,Constant prices,MEAN,Mean,_Z,Not applicable,1992,,73671.186,,2025,,A,Normal value,0,Units,0,Zero
DATAFLOW,OECD.ELS.SAE:DSD_EARNINGS@AV_AN_WAGE(1.0),Average annual wages,I,NLD,Netherlands,WG,Wages,USD_PPP,"US dollars, PPP converted",A,Annual,Q,Constant prices,MEAN,Mean,_Z,Not applicable,1993,,74911.506,,2025,,A,Normal value,0,Units,0,Zero
DATAFLOW,OECD.ELS.SAE:DSD_EARNINGS@AV_AN_WAGE(1.0),Average annual wages,I,NLD,Netherlands,WG,Wages,USD_PPP,"US dollars, PPP converted",A,Annual,Q,Constant prices,MEAN,Mean,_Z,Not applicable,1994,,75455.341,,2025,,A,Normal value,0,Units,0,Zero
DATAFLOW,OECD.ELS.SAE:DSD_EARNINGS@AV_AN_WAGE(1.0),Average annual wages,I,NLD,Netherlands,WG,Wages,USD_PPP,"US dollars, PPP converted",A,Annual,Q,Constant prices,MEAN,Mean,_Z,Not applicable,1995,,73988.734,,2025,,A,Normal value,0,Units,0,Zero
DATAFLOW,OECD.ELS.SAE:DSD_EARNINGS@AV_AN_WAGE(1.0),Average annual wages,I,NLD,Netherlands,WG,Wages,USD_PPP,"US dollars, PPP converted",A,Annual,Q,Constant prices,MEAN,Mean,_Z,Not applicable,1996,,73766.933,,2025,,A,Normal value,0,Units,0,Zero
DATAFLOW,OECD.ELS.SAE:DSD_EARNINGS@AV_AN_WAGE(1.0),Average annual wages,I,NLD,Netherlands,WG,Wages,USD_PPP,"US dollars, PPP converted",A,Annual,Q,Constant prices,MEAN,Mean,_Z,Not applicable,1997,,74074.259,,2025,,A,Normal value,0,Units,0,Zero
DATAFLOW,OECD.ELS.SAE:DSD_EARNINGS@AV_AN_WAGE(1.0),Average annual wages,I,NLD,Netherlands,WG,Wages,USD_PPP,"US dollars, PPP converted",A,Annual,Q,Constant prices,MEAN,Mean,_Z,Not applicable,1998,,71836.503,,2025,,A,Normal value,0,Units,0,Zero
DATAFLOW,OECD.ELS.SAE:DSD_EARNINGS@AV_AN_WAGE(1.0),Average annual wages,I,NLD,Netherlands,WG,Wages,USD_PPP,"US dollars, PPP converted",A,Annual,Q,Constant prices,MEAN,Mean,_Z,Not applicable,1999,,73243.659,,2025,,A,Normal value,0,Units,0,Zero
DATAFLOW,OECD.ELS.SAE:DSD_EARNINGS@AV_AN_WAGE(1.0),Average annual wages,I,NLD,Netherlands,WG,Wages,USD_PPP,"US dollars, PPP converted",A,Annual,Q,Constant prices,MEAN,Mean,_Z,Not applicable,2000,,75116.463,,2025,,A,Normal value,0,Units,0,Zero
DATAFLOW,OECD.ELS.SAE:DSD_EARNINGS@AV_AN_WAGE(1.0),Average annual wages,I,NLD,Netherlands,WG,Wages,USD_PPP,"US dollars, PPP converted",A,Annual,Q,Constant prices,MEAN,Mean,_Z,Not applicable,2001,,76236.468,,2025,,A,Normal value,0,Units,0,Zero
DATAFLOW,OECD.ELS.SAE:DSD_EARNINGS@AV_AN_WAGE(1.0),Average annual wages,I,NLD,Netherlands,WG,Wages,USD_PPP,"US dollars, PPP converted",A,Annual,Q,Constant prices,MEAN,Mean,_Z,Not applicable,2002,,76263.991,,2025,,A,Normal value,0,Units,0,Zero
DATAFLOW,OECD.ELS.SAE:DSD_EARNINGS@AV_AN_WAGE(1.0),Average annual wages,I,NLD,Netherlands,WG,Wages,USD_PPP,"US dollars, PPP converted",A,Annual,Q,Constant prices,MEAN,Mean,_Z,Not applicable,2003,,76758.876,,2025,,A,Normal value,0,Units,0,Zero
DATAFLOW,OECD.ELS.SAE:DSD_EARNINGS@AV_AN_WAGE(1.0),Average annual wages,I,NLD,Netherlands,WG,Wages,USD_PPP,"US dollars, PPP converted",A,Annual,Q,Constant prices,MEAN,Mean,_Z,Not applicable,2004,,77890.342,,2025,,A,Normal value,0,Units,0,Zero
DATAFLOW,OECD.ELS.SAE:DSD_EARNINGS@AV_AN_WAGE(1.0),Average annual wages,I,NLD,Netherlands,WG,Wages,USD_PPP,"US dollars, PPP converted",A,Annual,Q,Constant prices,MEAN,Mean,_Z,Not applicable,2005,,77998.998,,2025,,A,Normal value,0,Units,0,Zero
DATAFLOW,OECD.ELS.SAE:DSD_EARNINGS@AV_AN_WAGE(1.0),Average annual wages,I,NLD,Netherlands,WG,Wages,USD_PPP,"US dollars, PPP converted",A,Annual,Q,Constant prices,MEAN,Mean,_Z,Not applicable,2006,,77803.955,,2025,,A,Normal value,0,Units,0,Zero
DATAFLOW,OECD.ELS.SAE:DSD_EARNINGS@AV_AN_WAGE(1.0),Average annual wages,I,NLD,Netherlands,WG,Wages,USD_PPP,"US dollars, PPP converted",A,Annual,Q,Constant prices,MEAN,Mean,_Z,Not applicable,2007,,78845.577,,2025,,A,Normal value,0,Units,0,Zero
DATAFLOW,OECD.ELS.SAE:DSD_EARNINGS@AV_AN_WAGE(1.0),Average annual wages,I,NLD,Netherlands,WG,Wages,USD_PPP,"US dollars, PPP converted",A,Annual,Q,Constant prices,MEAN,Mean,_Z,Not applicable,2008,,79097.091,,2025,,A,Normal value,0,Units,0,Zero
DATAFLOW,OECD.ELS.SAE:DSD_EARNINGS@AV_AN_WAGE(1.0),Average annual wages,I,NLD,Netherlands,WG,Wages,USD_PPP,"US dollars, PPP converted",A,Annual,Q,Constant prices,MEAN,Mean,_Z,Not applicable,2009,,81825.766,,2025,,A,Normal value,0,Units,0,Zero
DATAFLOW,OECD.ELS.SAE:DSD_EARNINGS@AV_AN_WAGE(1.0),Average annual wages,I,NLD,Netherlands,WG,Wages,USD_PPP,"US dollars, PPP converted",A,Annual,Q,Constant prices,MEAN,Mean,_Z,Not applicable,2010,,81995.82,,2025,,A,Normal value,0,Units,0,Zero
DATAFLOW,OECD.ELS.SAE:DSD_EARNINGS@AV_AN_WAGE(1.0),Average annual wages,I,NLD,Netherlands,WG,Wages,USD_PPP,"US dollars, PPP converted",A,Annual,Q,Constant prices,MEAN,Mean,_Z,Not applicable,2011,,81266.441,,2025,,A,Normal value,0,Units,0,Zero
DATAFLOW,OECD.ELS.SAE:DSD_EARNINGS@AV_AN_WAGE(1.0),Average annual wages,I,NLD,Netherlands,WG,Wages,USD_PPP,"US dollars, PPP converted",A,Annual,Q,Constant prices,MEAN,Mean,_Z,Not applicable,2012,,81739.488,,2025,,A,Normal value,0,Units,0,Zero
DATAFLOW,OECD.ELS.SAE:DSD_EARNINGS@AV_AN_WAGE(1.0),Average annual wages,I,NLD,Netherlands,WG,Wages,USD_PPP,"US dollars, PPP converted",A,Annual,Q,Constant prices,MEAN,Mean,_Z,Not applicable,2013,,82107.56,,2025,,A,Normal value,0,Units,0,Zero
DATAFLOW,OECD.ELS.SAE:DSD_EARNINGS@AV_AN_WAGE(1.0),Average annual wages,I,NLD,Netherlands,WG,Wages,USD_PPP,"US dollars, PPP converted",A,Annual,Q,Constant prices,MEAN,Mean,_Z,Not applicable,2014,,81669.921,,2025,,A,Normal value,0,Units,0,Zero
DATAFLOW,OECD.ELS.SAE:DSD_EARNINGS@AV_AN_WAGE(1.0),Average annual wages,I,NLD,Netherlands,WG,Wages,USD_PPP,"US dollars, PPP converted",A,Annual,Q,Constant prices,MEAN,Mean,_Z,Not applicable,2015,,82711.004,,2025,,A,Normal value,0,Units,0,Zero
DATAFLOW,OECD.ELS.SAE:DSD_EARNINGS@AV_AN_WAGE(1.0),Average annual wages,I,NLD,Netherlands,WG,Wages,USD_PPP,"US dollars, PPP converted",A,Annual,Q,Constant prices,MEAN,Mean,_Z,Not applicable,2016,,83103.165,,2025,,A,Normal value,0,Units,0,Zero
DATAFLOW,OECD.ELS.SAE:DSD_EARNINGS@AV_AN_WAGE(1.0),Average annual wages,I,NLD,Netherlands,WG,Wages,USD_PPP,"US dollars, PPP converted",A,Annual,Q,Constant prices,MEAN,Mean,_Z,Not applicable,2017,,81827.574,,2025,,A,Normal value,0,Units,0,Zero
DATAFLOW,OECD.ELS.SAE:DSD_EARNINGS@AV_AN_WAGE(1.0),Average annual wages,I,NLD,Netherlands,WG,Wages,USD_PPP,"US dollars, PPP converted",A,Annual,Q,Constant prices,MEAN,Mean,_Z,Not applicable,2018,,81126.313,,2025,,A,Normal value,0,Units,0,Zero
DATAFLOW,OECD.ELS.SAE:DSD_EARNINGS@AV_AN_WAGE(1.0),Average annual wages,I,NLD,Netherlands,WG,Wages,USD_PPP,"US dollars, PPP converted",A,Annual,Q,Constant prices,MEAN,Mean,_Z,Not applicable,2019,,80831.238,,2025,,A,Normal value,0,Units,0,Zero
DATAFLOW,OECD.ELS.SAE:DSD_EARNINGS@AV_AN_WAGE(1.0),Average annual wages,I,NLD,Netherlands,WG,Wages,USD_PPP,"US dollars, PPP converted",A,Annual,Q,Constant prices,MEAN,Mean,_Z,Not applicable,2020,,81771.956,,2025,,A,Normal value,0,Units,0,Zero
DATAFLOW,OECD.ELS.SAE:DSD_EARNINGS@AV_AN_WAGE(1.0),Average annual wages,I,NLD,Netherlands,WG,Wages,USD_PPP,"US dollars, PPP converted",A,Annual,Q,Constant prices,MEAN,Mean,_Z,Not applicable,2021,,80400.832,,2025,,A,Normal value,0,Units,0,Zero
DATAFLOW,OECD.ELS.SAE:DSD_EARNINGS@AV_AN_WAGE(1.0),Average annual wages,I,NLD,Netherlands,WG,Wages,USD_PPP,"US dollars, PPP converted",A,Annual,Q,Constant prices,MEAN,Mean,_Z,Not applicable,2022,,76314.649,,2025,,A,Normal value,0,Units,0,Zero
DATAFLOW,OECD.ELS.SAE:DSD_EARNINGS@AV_AN_WAGE(1.0),Average annual wages,I,NLD,Netherlands,WG,Wages,USD_PPP,"US dollars, PPP converted",A,Annual,Q,Constant prices,MEAN,Mean,_Z,Not applicable,2023,,76028.493,,2025,,A,Normal value,0,Units,0,Zero
DATAFLOW,OECD.ELS.SAE:DSD_EARNINGS@AV_AN_WAGE(1.0),Average annual wages,I,NLD,Netherlands,WG,Wages,USD_PPP,"US dollars, PPP converted",A,Annual,Q,Constant prices,MEAN,Mean,_Z,Not applicable,2024,,78682.989,,2025,,A,Normal value,0,Units,0,Zero
DATAFLOW,OECD.ELS.SAE:DSD_EARNINGS@AV_AN_WAGE(1.0),Average annual wages,I,NLD,Netherlands,WG,Wages,USD_PPP,"US dollars, PPP converted",A,Annual,Q,Constant prices,MEAN,Mean,_Z,Not applicable,2025,,80136.33,,2025,,A,Normal value,0,Units,0,Zero
DATAFLOW,OECD.ELS.SAE:DSD_EARNINGS@AV_AN_WAGE(1.0),Average annual wages,I,NZL,New Zealand,WG,Wages,USD_PPP,"US dollars, PPP converted",A,Annual,Q,Constant prices,MEAN,Mean,_Z,Not applicable,1990,,39514.408,,2025,,A,Normal value,0,Units,0,Zero
DATAFLOW,OECD.ELS.SAE:DSD_EARNINGS@AV_AN_WAGE(1.0),Average annual wages,I,NZL,New Zealand,WG,Wages,USD_PPP,"US dollars, PPP converted",A,Annual,Q,Constant prices,MEAN,Mean,_Z,Not applicable,1991,,37953.171,,2025,,A,Normal value,0,Units,0,Zero
DATAFLOW,OECD.ELS.SAE:DSD_EARNINGS@AV_AN_WAGE(1.0),Average annual wages,I,NZL,New Zealand,WG,Wages,USD_PPP,"US dollars, PPP converted",A,Annual,Q,Constant prices,MEAN,Mean,_Z,Not applicable,1992,,39627.487,,2025,,A,Normal value,0,Units,0,Zero
DATAFLOW,OECD.ELS.SAE:DSD_EARNINGS@AV_AN_WAGE(1.0),Average annual wages,I,NZL,New Zealand,WG,Wages,USD_PPP,"US dollars, PPP converted",A,Annual,Q,Constant prices,MEAN,Mean,_Z,Not applicable,1993,,40652.822,,2025,,A,Normal value,0,Units,0,Zero
DATAFLOW,OECD.ELS.SAE:DSD_EARNINGS@AV_AN_WAGE(1.0),Average annual wages,I,NZL,New Zealand,WG,Wages,USD_PPP,"US dollars, PPP converted",A,Annual,Q,Constant prices,MEAN,Mean,_Z,Not applicable,1994,,41371.274,,2025,,A,Normal value,0,Units,0,Zero
DATAFLOW,OECD.ELS.SAE:DSD_EARNINGS@AV_AN_WAGE(1.0),Average annual wages,I,NZL,New Zealand,WG,Wages,USD_PPP,"US dollars, PPP converted",A,Annual,Q,Constant prices,MEAN,Mean,_Z,Not applicable,1995,,41188.527,,2025,,A,Normal value,0,Units,0,Zero
DATAFLOW,OECD.ELS.SAE:DSD_EARNINGS@AV_AN_WAGE(1.0),Average annual wages,I,NZL,New Zealand,WG,Wages,USD_PPP,"US dollars, PPP converted",A,Annual,Q,Constant prices,MEAN,Mean,_Z,Not applicable,1996,,41863.475,,2025,,A,Normal value,0,Units,0,Zero
DATAFLOW,OECD.ELS.SAE:DSD_EARNINGS@AV_AN_WAGE(1.0),Average annual wages,I,NZL,New Zealand,WG,Wages,USD_PPP,"US dollars, PPP converted",A,Annual,Q,Constant prices,MEAN,Mean,_Z,Not applicable,1997,,43052.821,,2025,,A,Normal value,0,Units,0,Zero
DATAFLOW,OECD.ELS.SAE:DSD_EARNINGS@AV_AN_WAGE(1.0),Average annual wages,I,NZL,New Zealand,WG,Wages,USD_PPP,"US dollars, PPP converted",A,Annual,Q,Constant prices,MEAN,Mean,_Z,Not applicable,1998,,42346.428,,2025,,A,Normal value,0,Units,0,Zero
DATAFLOW,OECD.ELS.SAE:DSD_EARNINGS@AV_AN_WAGE(1.0),Average annual wages,I,NZL,New Zealand,WG,Wages,USD_PPP,"US dollars, PPP converted",A,Annual,Q,Constant prices,MEAN,Mean,_Z,Not applicable,1999,,41817.219,,2025,,A,Normal value,0,Units,0,Zero
DATAFLOW,OECD.ELS.SAE:DSD_EARNINGS@AV_AN_WAGE(1.0),Average annual wages,I,NZL,New Zealand,WG,Wages,USD_PPP,"US dollars, PPP converted",A,Annual,Q,Constant prices,MEAN,Mean,_Z,Not applicable,2000,,41985.531,,2025,,A,Normal value,0,Units,0,Zero
DATAFLOW,OECD.ELS.SAE:DSD_EARNINGS@AV_AN_WAGE(1.0),Average annual wages,I,NZL,New Zealand,WG,Wages,USD_PPP,"US dollars, PPP converted",A,Annual,Q,Constant prices,MEAN,Mean,_Z,Not applicable,2001,,42780.934,,2025,,A,Normal value,0,Units,0,Zero
DATAFLOW,OECD.ELS.SAE:DSD_EARNINGS@AV_AN_WAGE(1.0),Average annual wages,I,NZL,New Zealand,WG,Wages,USD_PPP,"US dollars, PPP converted",A,Annual,Q,Constant prices,MEAN,Mean,_Z,Not applicable,2002,,43571.96,,2025,,A,Normal value,0,Units,0,Zero
DATAFLOW,OECD.ELS.SAE:DSD_EARNINGS@AV_AN_WAGE(1.0),Average annual wages,I,NZL,New Zealand,WG,Wages,USD_PPP,"US dollars, PPP converted",A,Annual,Q,Constant prices,MEAN,Mean,_Z,Not applicable,2003,,45187.357,,2025,,A,Normal value,0,Units,0,Zero
DATAFLOW,OECD.ELS.SAE:DSD_EARNINGS@AV_AN_WAGE(1.0),Average annual wages,I,NZL,New Zealand,WG,Wages,USD_PPP,"US dollars, PPP converted",A,Annual,Q,Constant prices,MEAN,Mean,_Z,Not applicable,2004,,46769.727,,2025,,A,Normal value,0,Units,0,Zero
DATAFLOW,OECD.ELS.SAE:DSD_EARNINGS@AV_AN_WAGE(1.0),Average annual wages,I,NZL,New Zealand,WG,Wages,USD_PPP,"US dollars, PPP converted",A,Annual,Q,Constant prices,MEAN,Mean,_Z,Not applicable,2005,,47561.06,,2025,,A,Normal value,0,Units,0,Zero
DATAFLOW,OECD.ELS.SAE:DSD_EARNINGS@AV_AN_WAGE(1.0),Average annual wages,I,NZL,New Zealand,WG,Wages,USD_PPP,"US dollars, PPP converted",A,Annual,Q,Constant prices,MEAN,Mean,_Z,Not applicable,2006,,47852.727,,2025,,A,Normal value,0,Units,0,Zero
DATAFLOW,OECD.ELS.SAE:DSD_EARNINGS@AV_AN_WAGE(1.0),Average annual wages,I,NZL,New Zealand,WG,Wages,USD_PPP,"US dollars, PPP converted",A,Annual,Q,Constant prices,MEAN,Mean,_Z,Not applicable,2007,,50647.771,,2025,,A,Normal value,0,Units,0,Zero
DATAFLOW,OECD.ELS.SAE:DSD_EARNINGS@AV_AN_WAGE(1.0),Average annual wages,I,NZL,New Zealand,WG,Wages,USD_PPP,"US dollars, PPP converted",A,Annual,Q,Constant prices,MEAN,Mean,_Z,Not applicable,2008,,50060.754,,2025,,A,Normal value,0,Units,0,Zero
DATAFLOW,OECD.ELS.SAE:DSD_EARNINGS@AV_AN_WAGE(1.0),Average annual wages,I,NZL,New Zealand,WG,Wages,USD_PPP,"US dollars, PPP converted",A,Annual,Q,Constant prices,MEAN,Mean,_Z,Not applicable,2009,,50670.738,,2025,,A,Normal value,0,Units,0,Zero
DATAFLOW,OECD.ELS.SAE:DSD_EARNINGS@AV_AN_WAGE(1.0),Average annual wages,I,NZL,New Zealand,WG,Wages,USD_PPP,"US dollars, PPP converted",A,Annual,Q,Constant prices,MEAN,Mean,_Z,Not applicable,2010,,51225.754,,2025,,A,Normal value,0,Units,0,Zero
DATAFLOW,OECD.ELS.SAE:DSD_EARNINGS@AV_AN_WAGE(1.0),Average annual wages,I,NZL,New Zealand,WG,Wages,USD_PPP,"US dollars, PPP converted",A,Annual,Q,Constant prices,MEAN,Mean,_Z,Not applicable,2011,,51188.335,,2025,,A,Normal value,0,Units,0,Zero
DATAFLOW,OECD.ELS.SAE:DSD_EARNINGS@AV_AN_WAGE(1.0),Average annual wages,I,NZL,New Zealand,WG,Wages,USD_PPP,"US dollars, PPP converted",A,Annual,Q,Constant prices,MEAN,Mean,_Z,Not applicable,2012,,52294.744,,2025,,A,Normal value,0,Units,0,Zero
DATAFLOW,OECD.ELS.SAE:DSD_EARNINGS@AV_AN_WAGE(1.0),Average annual wages,I,NZL,New Zealand,WG,Wages,USD_PPP,"US dollars, PPP converted",A,Annual,Q,Constant prices,MEAN,Mean,_Z,Not applicable,2013,,51592.725,,2025,,A,Normal value,0,Units,0,Zero
DATAFLOW,OECD.ELS.SAE:DSD_EARNINGS@AV_AN_WAGE(1.0),Average annual wages,I,NZL,New Zealand,WG,Wages,USD_PPP,"US dollars, PPP converted",A,Annual,Q,Constant prices,MEAN,Mean,_Z,Not applicable,2014,,51793.939,,2025,,A,Normal value,0,Units,0,Zero
DATAFLOW,OECD.ELS.SAE:DSD_EARNINGS@AV_AN_WAGE(1.0),Average annual wages,I,NZL,New Zealand,WG,Wages,USD_PPP,"US dollars, PPP converted",A,Annual,Q,Constant prices,MEAN,Mean,_Z,Not applicable,2015,,52726.556,,2025,,A,Normal value,0,Units,0,Zero
DATAFLOW,OECD.ELS.SAE:DSD_EARNINGS@AV_AN_WAGE(1.0),Average annual wages,I,NZL,New Zealand,WG,Wages,USD_PPP,"US dollars, PPP converted",A,Annual,Q,Constant prices,MEAN,Mean,_Z,Not applicable,2016,,54442.809,,2025,,A,Normal value,0,Units,0,Zero
DATAFLOW,OECD.ELS.SAE:DSD_EARNINGS@AV_AN_WAGE(1.0),Average annual wages,I,NZL,New Zealand,WG,Wages,USD_PPP,"US dollars, PPP converted",A,Annual,Q,Constant prices,MEAN,Mean,_Z,Not applicable,2017,,54816.497,,2025,,A,Normal value,0,Units,0,Zero
DATAFLOW,OECD.ELS.SAE:DSD_EARNINGS@AV_AN_WAGE(1.0),Average annual wages,I,NZL,New Zealand,WG,Wages,USD_PPP,"US dollars, PPP converted",A,Annual,Q,Constant prices,MEAN,Mean,_Z,Not applicable,2018,,56182.612,,2025,,A,Normal value,0,Units,0,Zero
DATAFLOW,OECD.ELS.SAE:DSD_EARNINGS@AV_AN_WAGE(1.0),Average annual wages,I,NZL,New Zealand,WG,Wages,USD_PPP,"US dollars, PPP converted",A,Annual,Q,Constant prices,MEAN,Mean,_Z,Not applicable,2019,,57833.991,,2025,,A,Normal value,0,Units,0,Zero
DATAFLOW,OECD.ELS.SAE:DSD_EARNINGS@AV_AN_WAGE(1.0),Average annual wages,I,NZL,New Zealand,WG,Wages,USD_PPP,"US dollars, PPP converted",A,Annual,Q,Constant prices,MEAN,Mean,_Z,Not applicable,2020,,59356.605,,2025,,A,Normal value,0,Units,0,Zero
DATAFLOW,OECD.ELS.SAE:DSD_EARNINGS@AV_AN_WAGE(1.0),Average annual wages,I,NZL,New Zealand,WG,Wages,USD_PPP,"US dollars, PPP converted",A,Annual,Q,Constant prices,MEAN,Mean,_Z,Not applicable,2021,,62033.736,,2025,,A,Normal value,0,Units,0,Zero
DATAFLOW,OECD.ELS.SAE:DSD_EARNINGS@AV_AN_WAGE(1.0),Average annual wages,I,NZL,New Zealand,WG,Wages,USD_PPP,"US dollars, PPP converted",A,Annual,Q,Constant prices,MEAN,Mean,_Z,Not applicable,2022,,60826.985,,2025,,A,Normal value,0,Units,0,Zero
DATAFLOW,OECD.ELS.SAE:DSD_EARNINGS@AV_AN_WAGE(1.0),Average annual wages,I,NZL,New Zealand,WG,Wages,USD_PPP,"US dollars, PPP converted",A,Annual,Q,Constant prices,MEAN,Mean,_Z,Not applicable,2023,,60115.109,,2025,,A,Normal value,0,Units,0,Zero
DATAFLOW,OECD.ELS.SAE:DSD_EARNINGS@AV_AN_WAGE(1.0),Average annual wages,I,NZL,New Zealand,WG,Wages,USD_PPP,"US dollars, PPP converted",A,Annual,Q,Constant prices,MEAN,Mean,_Z,Not applicable,2024,,60468.692,,2025,,A,Normal value,0,Units,0,Zero
DATAFLOW,OECD.ELS.SAE:DSD_EARNINGS@AV_AN_WAGE(1.0),Average annual wages,I,NZL,New Zealand,WG,Wages,USD_PPP,"US dollars, PPP converted",A,Annual,Q,Constant prices,MEAN,Mean,_Z,Not applicable,2025,,60896.229,,2025,,A,Normal value,0,Units,0,Zero
DATAFLOW,OECD.ELS.SAE:DSD_EARNINGS@AV_AN_WAGE(1.0),Average annual wages,I,NOR,Norway,WG,Wages,USD_PPP,"US dollars, PPP converted",A,Annual,Q,Constant prices,MEAN,Mean,_Z,Not applicable,1990,,38399.533,,2025,,A,Normal value,0,Units,0,Zero
DATAFLOW,OECD.ELS.SAE:DSD_EARNINGS@AV_AN_WAGE(1.0),Average annual wages,I,NOR,Norway,WG,Wages,USD_PPP,"US dollars, PPP converted",A,Annual,Q,Constant prices,MEAN,Mean,_Z,Not applicable,1991,,38819.835,,2025,,A,Normal value,0,Units,0,Zero
DATAFLOW,OECD.ELS.SAE:DSD_EARNINGS@AV_AN_WAGE(1.0),Average annual wages,I,NOR,Norway,WG,Wages,USD_PPP,"US dollars, PPP converted",A,Annual,Q,Constant prices,MEAN,Mean,_Z,Not applicable,1992,,39314.946,,2025,,A,Normal value,0,Units,0,Zero
DATAFLOW,OECD.ELS.SAE:DSD_EARNINGS@AV_AN_WAGE(1.0),Average annual wages,I,NOR,Norway,WG,Wages,USD_PPP,"US dollars, PPP converted",A,Annual,Q,Constant prices,MEAN,Mean,_Z,Not applicable,1993,,39687.756,,2025,,A,Normal value,0,Units,0,Zero
DATAFLOW,OECD.ELS.SAE:DSD_EARNINGS@AV_AN_WAGE(1.0),Average annual wages,I,NOR,Norway,WG,Wages,USD_PPP,"US dollars, PPP converted",A,Annual,Q,Constant prices,MEAN,Mean,_Z,Not applicable,1994,,40493.847,,2025,,A,Normal value,0,Units,0,Zero
DATAFLOW,OECD.ELS.SAE:DSD_EARNINGS@AV_AN_WAGE(1.0),Average annual wages,I,NOR,Norway,WG,Wages,USD_PPP,"US dollars, PPP converted",A,Annual,Q,Constant prices,MEAN,Mean,_Z,Not applicable,1995,,40874.8,,2025,,A,Normal value,0,Units,0,Zero
DATAFLOW,OECD.ELS.SAE:DSD_EARNINGS@AV_AN_WAGE(1.0),Average annual wages,I,NOR,Norway,WG,Wages,USD_PPP,"US dollars, PPP converted",A,Annual,Q,Constant prices,MEAN,Mean,_Z,Not applicable,1996,,42101.049,,2025,,A,Normal value,0,Units,0,Zero
DATAFLOW,OECD.ELS.SAE:DSD_EARNINGS@AV_AN_WAGE(1.0),Average annual wages,I,NOR,Norway,WG,Wages,USD_PPP,"US dollars, PPP converted",A,Annual,Q,Constant prices,MEAN,Mean,_Z,Not applicable,1997,,43032.671,,2025,,A,Normal value,0,Units,0,Zero
DATAFLOW,OECD.ELS.SAE:DSD_EARNINGS@AV_AN_WAGE(1.0),Average annual wages,I,NOR,Norway,WG,Wages,USD_PPP,"US dollars, PPP converted",A,Annual,Q,Constant prices,MEAN,Mean,_Z,Not applicable,1998,,44599.978,,2025,,A,Normal value,0,Units,0,Zero
DATAFLOW,OECD.ELS.SAE:DSD_EARNINGS@AV_AN_WAGE(1.0),Average annual wages,I,NOR,Norway,WG,Wages,USD_PPP,"US dollars, PPP converted",A,Annual,Q,Constant prices,MEAN,Mean,_Z,Not applicable,1999,,46051.077,,2025,,A,Normal value,0,Units,0,Zero
DATAFLOW,OECD.ELS.SAE:DSD_EARNINGS@AV_AN_WAGE(1.0),Average annual wages,I,NOR,Norway,WG,Wages,USD_PPP,"US dollars, PPP converted",A,Annual,Q,Constant prices,MEAN,Mean,_Z,Not applicable,2000,,46455.269,,2025,,A,Normal value,0,Units,0,Zero
DATAFLOW,OECD.ELS.SAE:DSD_EARNINGS@AV_AN_WAGE(1.0),Average annual wages,I,NOR,Norway,WG,Wages,USD_PPP,"US dollars, PPP converted",A,Annual,Q,Constant prices,MEAN,Mean,_Z,Not applicable,2001,,47724.188,,2025,,A,Normal value,0,Units,0,Zero
DATAFLOW,OECD.ELS.SAE:DSD_EARNINGS@AV_AN_WAGE(1.0),Average annual wages,I,NOR,Norway,WG,Wages,USD_PPP,"US dollars, PPP converted",A,Annual,Q,Constant prices,MEAN,Mean,_Z,Not applicable,2002,,49422.026,,2025,,A,Normal value,0,Units,0,Zero
DATAFLOW,OECD.ELS.SAE:DSD_EARNINGS@AV_AN_WAGE(1.0),Average annual wages,I,NOR,Norway,WG,Wages,USD_PPP,"US dollars, PPP converted",A,Annual,Q,Constant prices,MEAN,Mean,_Z,Not applicable,2003,,50017.689,,2025,,A,Normal value,0,Units,0,Zero
DATAFLOW,OECD.ELS.SAE:DSD_EARNINGS@AV_AN_WAGE(1.0),Average annual wages,I,NOR,Norway,WG,Wages,USD_PPP,"US dollars, PPP converted",A,Annual,Q,Constant prices,MEAN,Mean,_Z,Not applicable,2004,,51606.73,,2025,,A,Normal value,0,Units,0,Zero
DATAFLOW,OECD.ELS.SAE:DSD_EARNINGS@AV_AN_WAGE(1.0),Average annual wages,I,NOR,Norway,WG,Wages,USD_PPP,"US dollars, PPP converted",A,Annual,Q,Constant prices,MEAN,Mean,_Z,Not applicable,2005,,53044.039,,2025,,A,Normal value,0,Units,0,Zero
DATAFLOW,OECD.ELS.SAE:DSD_EARNINGS@AV_AN_WAGE(1.0),Average annual wages,I,NOR,Norway,WG,Wages,USD_PPP,"US dollars, PPP converted",A,Annual,Q,Constant prices,MEAN,Mean,_Z,Not applicable,2006,,55068.074,,2025,,A,Normal value,0,Units,0,Zero
DATAFLOW,OECD.ELS.SAE:DSD_EARNINGS@AV_AN_WAGE(1.0),Average annual wages,I,NOR,Norway,WG,Wages,USD_PPP,"US dollars, PPP converted",A,Annual,Q,Constant prices,MEAN,Mean,_Z,Not applicable,2007,,57447.02,,2025,,A,Normal value,0,Units,0,Zero
DATAFLOW,OECD.ELS.SAE:DSD_EARNINGS@AV_AN_WAGE(1.0),Average annual wages,I,NOR,Norway,WG,Wages,USD_PPP,"US dollars, PPP converted",A,Annual,Q,Constant prices,MEAN,Mean,_Z,Not applicable,2008,,58679.135,,2025,,A,Normal value,0,Units,0,Zero
DATAFLOW,OECD.ELS.SAE:DSD_EARNINGS@AV_AN_WAGE(1.0),Average annual wages,I,NOR,Norway,WG,Wages,USD_PPP,"US dollars, PPP converted",A,Annual,Q,Constant prices,MEAN,Mean,_Z,Not applicable,2009,,59491.154,,2025,,A,Normal value,0,Units,0,Zero
DATAFLOW,OECD.ELS.SAE:DSD_EARNINGS@AV_AN_WAGE(1.0),Average annual wages,I,NOR,Norway,WG,Wages,USD_PPP,"US dollars, PPP converted",A,Annual,Q,Constant prices,MEAN,Mean,_Z,Not applicable,2010,,60441.824,,2025,,A,Normal value,0,Units,0,Zero
DATAFLOW,OECD.ELS.SAE:DSD_EARNINGS@AV_AN_WAGE(1.0),Average annual wages,I,NOR,Norway,WG,Wages,USD_PPP,"US dollars, PPP converted",A,Annual,Q,Constant prices,MEAN,Mean,_Z,Not applicable,2011,,62649.109,,2025,,A,Normal value,0,Units,0,Zero
DATAFLOW,OECD.ELS.SAE:DSD_EARNINGS@AV_AN_WAGE(1.0),Average annual wages,I,NOR,Norway,WG,Wages,USD_PPP,"US dollars, PPP converted",A,Annual,Q,Constant prices,MEAN,Mean,_Z,Not applicable,2012,,64471.684,,2025,,A,Normal value,0,Units,0,Zero
DATAFLOW,OECD.ELS.SAE:DSD_EARNINGS@AV_AN_WAGE(1.0),Average annual wages,I,NOR,Norway,WG,Wages,USD_PPP,"US dollars, PPP converted",A,Annual,Q,Constant prices,MEAN,Mean,_Z,Not applicable,2013,,65909.992,,2025,,A,Normal value,0,Units,0,Zero
DATAFLOW,OECD.ELS.SAE:DSD_EARNINGS@AV_AN_WAGE(1.0),Average annual wages,I,NOR,Norway,WG,Wages,USD_PPP,"US dollars, PPP converted",A,Annual,Q,Constant prices,MEAN,Mean,_Z,Not applicable,2014,,66488.331,,2025,,A,Normal value,0,Units,0,Zero
DATAFLOW,OECD.ELS.SAE:DSD_EARNINGS@AV_AN_WAGE(1.0),Average annual wages,I,NOR,Norway,WG,Wages,USD_PPP,"US dollars, PPP converted",A,Annual,Q,Constant prices,MEAN,Mean,_Z,Not applicable,2015,,67127.451,,2025,,A,Normal value,0,Units,0,Zero
DATAFLOW,OECD.ELS.SAE:DSD_EARNINGS@AV_AN_WAGE(1.0),Average annual wages,I,NOR,Norway,WG,Wages,USD_PPP,"US dollars, PPP converted",A,Annual,Q,Constant prices,MEAN,Mean,_Z,Not applicable,2016,,66181.341,,2025,,A,Normal value,0,Units,0,Zero
DATAFLOW,OECD.ELS.SAE:DSD_EARNINGS@AV_AN_WAGE(1.0),Average annual wages,I,NOR,Norway,WG,Wages,USD_PPP,"US dollars, PPP converted",A,Annual,Q,Constant prices,MEAN,Mean,_Z,Not applicable,2017,,66343.492,,2025,,A,Normal value,0,Units,0,Zero
DATAFLOW,OECD.ELS.SAE:DSD_EARNINGS@AV_AN_WAGE(1.0),Average annual wages,I,NOR,Norway,WG,Wages,USD_PPP,"US dollars, PPP converted",A,Annual,Q,Constant prices,MEAN,Mean,_Z,Not applicable,2018,,67051.001,,2025,,A,Normal value,0,Units,0,Zero
DATAFLOW,OECD.ELS.SAE:DSD_EARNINGS@AV_AN_WAGE(1.0),Average annual wages,I,NOR,Norway,WG,Wages,USD_PPP,"US dollars, PPP converted",A,Annual,Q,Constant prices,MEAN,Mean,_Z,Not applicable,2019,,68745.751,,2025,,A,Normal value,0,Units,0,Zero
DATAFLOW,OECD.ELS.SAE:DSD_EARNINGS@AV_AN_WAGE(1.0),Average annual wages,I,NOR,Norway,WG,Wages,USD_PPP,"US dollars, PPP converted",A,Annual,Q,Constant prices,MEAN,Mean,_Z,Not applicable,2020,,69331.539,,2025,,A,Normal value,0,Units,0,Zero
DATAFLOW,OECD.ELS.SAE:DSD_EARNINGS@AV_AN_WAGE(1.0),Average annual wages,I,NOR,Norway,WG,Wages,USD_PPP,"US dollars, PPP converted",A,Annual,Q,Constant prices,MEAN,Mean,_Z,Not applicable,2021,,71701.069,,2025,,A,Normal value,0,Units,0,Zero
DATAFLOW,OECD.ELS.SAE:DSD_EARNINGS@AV_AN_WAGE(1.0),Average annual wages,I,NOR,Norway,WG,Wages,USD_PPP,"US dollars, PPP converted",A,Annual,Q,Constant prices,MEAN,Mean,_Z,Not applicable,2022,,71309.763,,2025,,A,Normal value,0,Units,0,Zero
DATAFLOW,OECD.ELS.SAE:DSD_EARNINGS@AV_AN_WAGE(1.0),Average annual wages,I,NOR,Norway,WG,Wages,USD_PPP,"US dollars, PPP converted",A,Annual,Q,Constant prices,MEAN,Mean,_Z,Not applicable,2023,,71375.864,,2025,,A,Normal value,0,Units,0,Zero
DATAFLOW,OECD.ELS.SAE:DSD_EARNINGS@AV_AN_WAGE(1.0),Average annual wages,I,NOR,Norway,WG,Wages,USD_PPP,"US dollars, PPP converted",A,Annual,Q,Constant prices,MEAN,Mean,_Z,Not applicable,2024,,72294.026,,2025,,A,Normal value,0,Units,0,Zero
DATAFLOW,OECD.ELS.SAE:DSD_EARNINGS@AV_AN_WAGE(1.0),Average annual wages,I,NOR,Norway,WG,Wages,USD_PPP,"US dollars, PPP converted",A,Annual,Q,Constant prices,MEAN,Mean,_Z,Not applicable,2025,,73461.545,,2025,,A,Normal value,0,Units,0,Zero
DATAFLOW,OECD.ELS.SAE:DSD_EARNINGS@AV_AN_WAGE(1.0),Average annual wages,I,POL,Poland,WG,Wages,USD_PPP,"US dollars, PPP converted",A,Annual,Q,Constant prices,MEAN,Mean,_Z,Not applicable,1995,,21872.086,,2025,,A,Normal value,0,Units,0,Zero
DATAFLOW,OECD.ELS.SAE:DSD_EARNINGS@AV_AN_WAGE(1.0),Average annual wages,I,POL,Poland,WG,Wages,USD_PPP,"US dollars, PPP converted",A,Annual,Q,Constant prices,MEAN,Mean,_Z,Not applicable,1996,,23619.72,,2025,,A,Normal value,0,Units,0,Zero
DATAFLOW,OECD.ELS.SAE:DSD_EARNINGS@AV_AN_WAGE(1.0),Average annual wages,I,POL,Poland,WG,Wages,USD_PPP,"US dollars, PPP converted",A,Annual,Q,Constant prices,MEAN,Mean,_Z,Not applicable,1997,,24823.316,,2025,,A,Normal value,0,Units,0,Zero
DATAFLOW,OECD.ELS.SAE:DSD_EARNINGS@AV_AN_WAGE(1.0),Average annual wages,I,POL,Poland,WG,Wages,USD_PPP,"US dollars, PPP converted",A,Annual,Q,Constant prices,MEAN,Mean,_Z,Not applicable,1998,,25524.195,,2025,,A,Normal value,0,Units,0,Zero
DATAFLOW,OECD.ELS.SAE:DSD_EARNINGS@AV_AN_WAGE(1.0),Average annual wages,I,POL,Poland,WG,Wages,USD_PPP,"US dollars, PPP converted",A,Annual,Q,Constant prices,MEAN,Mean,_Z,Not applicable,1999,,27734.66,,2025,,A,Normal value,0,Units,0,Zero
DATAFLOW,OECD.ELS.SAE:DSD_EARNINGS@AV_AN_WAGE(1.0),Average annual wages,I,POL,Poland,WG,Wages,USD_PPP,"US dollars, PPP converted",A,Annual,Q,Constant prices,MEAN,Mean,_Z,Not applicable,2000,,27945.67,,2025,,A,Normal value,0,Units,0,Zero
DATAFLOW,OECD.ELS.SAE:DSD_EARNINGS@AV_AN_WAGE(1.0),Average annual wages,I,POL,Poland,WG,Wages,USD_PPP,"US dollars, PPP converted",A,Annual,Q,Constant prices,MEAN,Mean,_Z,Not applicable,2001,,29517.975,,2025,,A,Normal value,0,Units,0,Zero
DATAFLOW,OECD.ELS.SAE:DSD_EARNINGS@AV_AN_WAGE(1.0),Average annual wages,I,POL,Poland,WG,Wages,USD_PPP,"US dollars, PPP converted",A,Annual,Q,Constant prices,MEAN,Mean,_Z,Not applicable,2002,,29407.894,,2025,,A,Normal value,0,Units,0,Zero
DATAFLOW,OECD.ELS.SAE:DSD_EARNINGS@AV_AN_WAGE(1.0),Average annual wages,I,POL,Poland,WG,Wages,USD_PPP,"US dollars, PPP converted",A,Annual,Q,Constant prices,MEAN,Mean,_Z,Not applicable,2003,,29768.024,,2025,,A,Normal value,0,Units,0,Zero
DATAFLOW,OECD.ELS.SAE:DSD_EARNINGS@AV_AN_WAGE(1.0),Average annual wages,I,POL,Poland,WG,Wages,USD_PPP,"US dollars, PPP converted",A,Annual,Q,Constant prices,MEAN,Mean,_Z,Not applicable,2004,,29202.355,,2025,,A,Normal value,0,Units,0,Zero
DATAFLOW,OECD.ELS.SAE:DSD_EARNINGS@AV_AN_WAGE(1.0),Average annual wages,I,POL,Poland,WG,Wages,USD_PPP,"US dollars, PPP converted",A,Annual,Q,Constant prices,MEAN,Mean,_Z,Not applicable,2005,,29084.814,,2025,,A,Normal value,0,Units,0,Zero
DATAFLOW,OECD.ELS.SAE:DSD_EARNINGS@AV_AN_WAGE(1.0),Average annual wages,I,POL,Poland,WG,Wages,USD_PPP,"US dollars, PPP converted",A,Annual,Q,Constant prices,MEAN,Mean,_Z,Not applicable,2006,,29351.143,,2025,,A,Normal value,0,Units,0,Zero
DATAFLOW,OECD.ELS.SAE:DSD_EARNINGS@AV_AN_WAGE(1.0),Average annual wages,I,POL,Poland,WG,Wages,USD_PPP,"US dollars, PPP converted",A,Annual,Q,Constant prices,MEAN,Mean,_Z,Not applicable,2007,,30198.302,,2025,,A,Normal value,0,Units,0,Zero
DATAFLOW,OECD.ELS.SAE:DSD_EARNINGS@AV_AN_WAGE(1.0),Average annual wages,I,POL,Poland,WG,Wages,USD_PPP,"US dollars, PPP converted",A,Annual,Q,Constant prices,MEAN,Mean,_Z,Not applicable,2008,,31752.067,,2025,,A,Normal value,0,Units,0,Zero
DATAFLOW,OECD.ELS.SAE:DSD_EARNINGS@AV_AN_WAGE(1.0),Average annual wages,I,POL,Poland,WG,Wages,USD_PPP,"US dollars, PPP converted",A,Annual,Q,Constant prices,MEAN,Mean,_Z,Not applicable,2009,,31698.581,,2025,,A,Normal value,0,Units,0,Zero
DATAFLOW,OECD.ELS.SAE:DSD_EARNINGS@AV_AN_WAGE(1.0),Average annual wages,I,POL,Poland,WG,Wages,USD_PPP,"US dollars, PPP converted",A,Annual,Q,Constant prices,MEAN,Mean,_Z,Not applicable,2010,,32757.667,,2025,,A,Normal value,0,Units,0,Zero
DATAFLOW,OECD.ELS.SAE:DSD_EARNINGS@AV_AN_WAGE(1.0),Average annual wages,I,POL,Poland,WG,Wages,USD_PPP,"US dollars, PPP converted",A,Annual,Q,Constant prices,MEAN,Mean,_Z,Not applicable,2011,,32968.165,,2025,,A,Normal value,0,Units,0,Zero
DATAFLOW,OECD.ELS.SAE:DSD_EARNINGS@AV_AN_WAGE(1.0),Average annual wages,I,POL,Poland,WG,Wages,USD_PPP,"US dollars, PPP converted",A,Annual,Q,Constant prices,MEAN,Mean,_Z,Not applicable,2012,,32670.799,,2025,,A,Normal value,0,Units,0,Zero
DATAFLOW,OECD.ELS.SAE:DSD_EARNINGS@AV_AN_WAGE(1.0),Average annual wages,I,POL,Poland,WG,Wages,USD_PPP,"US dollars, PPP converted",A,Annual,Q,Constant prices,MEAN,Mean,_Z,Not applicable,2013,,33001.213,,2025,,A,Normal value,0,Units,0,Zero
DATAFLOW,OECD.ELS.SAE:DSD_EARNINGS@AV_AN_WAGE(1.0),Average annual wages,I,POL,Poland,WG,Wages,USD_PPP,"US dollars, PPP converted",A,Annual,Q,Constant prices,MEAN,Mean,_Z,Not applicable,2014,,33736.611,,2025,,A,Normal value,0,Units,0,Zero
DATAFLOW,OECD.ELS.SAE:DSD_EARNINGS@AV_AN_WAGE(1.0),Average annual wages,I,POL,Poland,WG,Wages,USD_PPP,"US dollars, PPP converted",A,Annual,Q,Constant prices,MEAN,Mean,_Z,Not applicable,2015,,34550.927,,2025,,A,Normal value,0,Units,0,Zero
DATAFLOW,OECD.ELS.SAE:DSD_EARNINGS@AV_AN_WAGE(1.0),Average annual wages,I,POL,Poland,WG,Wages,USD_PPP,"US dollars, PPP converted",A,Annual,Q,Constant prices,MEAN,Mean,_Z,Not applicable,2016,,36377.002,,2025,,A,Normal value,0,Units,0,Zero
DATAFLOW,OECD.ELS.SAE:DSD_EARNINGS@AV_AN_WAGE(1.0),Average annual wages,I,POL,Poland,WG,Wages,USD_PPP,"US dollars, PPP converted",A,Annual,Q,Constant prices,MEAN,Mean,_Z,Not applicable,2017,,37860.336,,2025,,A,Normal value,0,Units,0,Zero
DATAFLOW,OECD.ELS.SAE:DSD_EARNINGS@AV_AN_WAGE(1.0),Average annual wages,I,POL,Poland,WG,Wages,USD_PPP,"US dollars, PPP converted",A,Annual,Q,Constant prices,MEAN,Mean,_Z,Not applicable,2018,,40306.819,,2025,,A,Normal value,0,Units,0,Zero
DATAFLOW,OECD.ELS.SAE:DSD_EARNINGS@AV_AN_WAGE(1.0),Average annual wages,I,POL,Poland,WG,Wages,USD_PPP,"US dollars, PPP converted",A,Annual,Q,Constant prices,MEAN,Mean,_Z,Not applicable,2019,,41594.904,,2025,,A,Normal value,0,Units,0,Zero
DATAFLOW,OECD.ELS.SAE:DSD_EARNINGS@AV_AN_WAGE(1.0),Average annual wages,I,POL,Poland,WG,Wages,USD_PPP,"US dollars, PPP converted",A,Annual,Q,Constant prices,MEAN,Mean,_Z,Not applicable,2020,,42179.334,,2025,,A,Normal value,0,Units,0,Zero
DATAFLOW,OECD.ELS.SAE:DSD_EARNINGS@AV_AN_WAGE(1.0),Average annual wages,I,POL,Poland,WG,Wages,USD_PPP,"US dollars, PPP converted",A,Annual,Q,Constant prices,MEAN,Mean,_Z,Not applicable,2021,,41926.165,,2025,,A,Normal value,0,Units,0,Zero
DATAFLOW,OECD.ELS.SAE:DSD_EARNINGS@AV_AN_WAGE(1.0),Average annual wages,I,POL,Poland,WG,Wages,USD_PPP,"US dollars, PPP converted",A,Annual,Q,Constant prices,MEAN,Mean,_Z,Not applicable,2022,,41288.692,,2025,,A,Normal value,0,Units,0,Zero
DATAFLOW,OECD.ELS.SAE:DSD_EARNINGS@AV_AN_WAGE(1.0),Average annual wages,I,POL,Poland,WG,Wages,USD_PPP,"US dollars, PPP converted",A,Annual,Q,Constant prices,MEAN,Mean,_Z,Not applicable,2023,,43102.791,,2025,,A,Normal value,0,Units,0,Zero
DATAFLOW,OECD.ELS.SAE:DSD_EARNINGS@AV_AN_WAGE(1.0),Average annual wages,I,POL,Poland,WG,Wages,USD_PPP,"US dollars, PPP converted",A,Annual,Q,Constant prices,MEAN,Mean,_Z,Not applicable,2024,,46916.197,,2025,,A,Normal value,0,Units,0,Zero
DATAFLOW,OECD.ELS.SAE:DSD_EARNINGS@AV_AN_WAGE(1.0),Average annual wages,I,POL,Poland,WG,Wages,USD_PPP,"US dollars, PPP converted",A,Annual,Q,Constant prices,MEAN,Mean,_Z,Not applicable,2025,,49074.08,,2025,,A,Normal value,0,Units,0,Zero
DATAFLOW,OECD.ELS.SAE:DSD_EARNINGS@AV_AN_WAGE(1.0),Average annual wages,I,PRT,Portugal,WG,Wages,USD_PPP,"US dollars, PPP converted",A,Annual,Q,Constant prices,MEAN,Mean,_Z,Not applicable,1995,,34209.207,,2025,,A,Normal value,0,Units,0,Zero
DATAFLOW,OECD.ELS.SAE:DSD_EARNINGS@AV_AN_WAGE(1.0),Average annual wages,I,PRT,Portugal,WG,Wages,USD_PPP,"US dollars, PPP converted",A,Annual,Q,Constant prices,MEAN,Mean,_Z,Not applicable,1996,,35476.066,,2025,,A,Normal value,0,Units,0,Zero
DATAFLOW,OECD.ELS.SAE:DSD_EARNINGS@AV_AN_WAGE(1.0),Average annual wages,I,PRT,Portugal,WG,Wages,USD_PPP,"US dollars, PPP converted",A,Annual,Q,Constant prices,MEAN,Mean,_Z,Not applicable,1997,,36394.718,,2025,,A,Normal value,0,Units,0,Zero
DATAFLOW,OECD.ELS.SAE:DSD_EARNINGS@AV_AN_WAGE(1.0),Average annual wages,I,PRT,Portugal,WG,Wages,USD_PPP,"US dollars, PPP converted",A,Annual,Q,Constant prices,MEAN,Mean,_Z,Not applicable,1998,,36826.278,,2025,,A,Normal value,0,Units,0,Zero
DATAFLOW,OECD.ELS.SAE:DSD_EARNINGS@AV_AN_WAGE(1.0),Average annual wages,I,PRT,Portugal,WG,Wages,USD_PPP,"US dollars, PPP converted",A,Annual,Q,Constant prices,MEAN,Mean,_Z,Not applicable,1999,,38085.07,,2025,,A,Normal value,0,Units,0,Zero
DATAFLOW,OECD.ELS.SAE:DSD_EARNINGS@AV_AN_WAGE(1.0),Average annual wages,I,PRT,Portugal,WG,Wages,USD_PPP,"US dollars, PPP converted",A,Annual,Q,Constant prices,MEAN,Mean,_Z,Not applicable,2000,,38603.888,,2025,,A,Normal value,0,Units,0,Zero
DATAFLOW,OECD.ELS.SAE:DSD_EARNINGS@AV_AN_WAGE(1.0),Average annual wages,I,PRT,Portugal,WG,Wages,USD_PPP,"US dollars, PPP converted",A,Annual,Q,Constant prices,MEAN,Mean,_Z,Not applicable,2001,,38751.741,,2025,,A,Normal value,0,Units,0,Zero
DATAFLOW,OECD.ELS.SAE:DSD_EARNINGS@AV_AN_WAGE(1.0),Average annual wages,I,PRT,Portugal,WG,Wages,USD_PPP,"US dollars, PPP converted",A,Annual,Q,Constant prices,MEAN,Mean,_Z,Not applicable,2002,,38741.065,,2025,,A,Normal value,0,Units,0,Zero
DATAFLOW,OECD.ELS.SAE:DSD_EARNINGS@AV_AN_WAGE(1.0),Average annual wages,I,PRT,Portugal,WG,Wages,USD_PPP,"US dollars, PPP converted",A,Annual,Q,Constant prices,MEAN,Mean,_Z,Not applicable,2003,,38650.876,,2025,,A,Normal value,0,Units,0,Zero
DATAFLOW,OECD.ELS.SAE:DSD_EARNINGS@AV_AN_WAGE(1.0),Average annual wages,I,PRT,Portugal,WG,Wages,USD_PPP,"US dollars, PPP converted",A,Annual,Q,Constant prices,MEAN,Mean,_Z,Not applicable,2004,,38695.393,,2025,,A,Normal value,0,Units,0,Zero
DATAFLOW,OECD.ELS.SAE:DSD_EARNINGS@AV_AN_WAGE(1.0),Average annual wages,I,PRT,Portugal,WG,Wages,USD_PPP,"US dollars, PPP converted",A,Annual,Q,Constant prices,MEAN,Mean,_Z,Not applicable,2005,,38488.643,,2025,,A,Normal value,0,Units,0,Zero
DATAFLOW,OECD.ELS.SAE:DSD_EARNINGS@AV_AN_WAGE(1.0),Average annual wages,I,PRT,Portugal,WG,Wages,USD_PPP,"US dollars, PPP converted",A,Annual,Q,Constant prices,MEAN,Mean,_Z,Not applicable,2006,,37649.321,,2025,,A,Normal value,0,Units,0,Zero
DATAFLOW,OECD.ELS.SAE:DSD_EARNINGS@AV_AN_WAGE(1.0),Average annual wages,I,PRT,Portugal,WG,Wages,USD_PPP,"US dollars, PPP converted",A,Annual,Q,Constant prices,MEAN,Mean,_Z,Not applicable,2007,,37890.913,,2025,,A,Normal value,0,Units,0,Zero
DATAFLOW,OECD.ELS.SAE:DSD_EARNINGS@AV_AN_WAGE(1.0),Average annual wages,I,PRT,Portugal,WG,Wages,USD_PPP,"US dollars, PPP converted",A,Annual,Q,Constant prices,MEAN,Mean,_Z,Not applicable,2008,,37765.253,,2025,,A,Normal value,0,Units,0,Zero
DATAFLOW,OECD.ELS.SAE:DSD_EARNINGS@AV_AN_WAGE(1.0),Average annual wages,I,PRT,Portugal,WG,Wages,USD_PPP,"US dollars, PPP converted",A,Annual,Q,Constant prices,MEAN,Mean,_Z,Not applicable,2009,,39243.799,,2025,,A,Normal value,0,Units,0,Zero
DATAFLOW,OECD.ELS.SAE:DSD_EARNINGS@AV_AN_WAGE(1.0),Average annual wages,I,PRT,Portugal,WG,Wages,USD_PPP,"US dollars, PPP converted",A,Annual,Q,Constant prices,MEAN,Mean,_Z,Not applicable,2010,,39084.241,,2025,,A,Normal value,0,Units,0,Zero
DATAFLOW,OECD.ELS.SAE:DSD_EARNINGS@AV_AN_WAGE(1.0),Average annual wages,I,PRT,Portugal,WG,Wages,USD_PPP,"US dollars, PPP converted",A,Annual,Q,Constant prices,MEAN,Mean,_Z,Not applicable,2011,,38175.927,,2025,,A,Normal value,0,Units,0,Zero
DATAFLOW,OECD.ELS.SAE:DSD_EARNINGS@AV_AN_WAGE(1.0),Average annual wages,I,PRT,Portugal,WG,Wages,USD_PPP,"US dollars, PPP converted",A,Annual,Q,Constant prices,MEAN,Mean,_Z,Not applicable,2012,,36473.318,,2025,,A,Normal value,0,Units,0,Zero
DATAFLOW,OECD.ELS.SAE:DSD_EARNINGS@AV_AN_WAGE(1.0),Average annual wages,I,PRT,Portugal,WG,Wages,USD_PPP,"US dollars, PPP converted",A,Annual,Q,Constant prices,MEAN,Mean,_Z,Not applicable,2013,,37155.293,,2025,,A,Normal value,0,Units,0,Zero
DATAFLOW,OECD.ELS.SAE:DSD_EARNINGS@AV_AN_WAGE(1.0),Average annual wages,I,PRT,Portugal,WG,Wages,USD_PPP,"US dollars, PPP converted",A,Annual,Q,Constant prices,MEAN,Mean,_Z,Not applicable,2014,,36537.765,,2025,,A,Normal value,0,Units,0,Zero
DATAFLOW,OECD.ELS.SAE:DSD_EARNINGS@AV_AN_WAGE(1.0),Average annual wages,I,PRT,Portugal,WG,Wages,USD_PPP,"US dollars, PPP converted",A,Annual,Q,Constant prices,MEAN,Mean,_Z,Not applicable,2015,,36520.317,,2025,,A,Normal value,0,Units,0,Zero
DATAFLOW,OECD.ELS.SAE:DSD_EARNINGS@AV_AN_WAGE(1.0),Average annual wages,I,PRT,Portugal,WG,Wages,USD_PPP,"US dollars, PPP converted",A,Annual,Q,Constant prices,MEAN,Mean,_Z,Not applicable,2016,,36501.388,,2025,,A,Normal value,0,Units,0,Zero
DATAFLOW,OECD.ELS.SAE:DSD_EARNINGS@AV_AN_WAGE(1.0),Average annual wages,I,PRT,Portugal,WG,Wages,USD_PPP,"US dollars, PPP converted",A,Annual,Q,Constant prices,MEAN,Mean,_Z,Not applicable,2017,,36646.441,,2025,,A,Normal value,0,Units,0,Zero
DATAFLOW,OECD.ELS.SAE:DSD_EARNINGS@AV_AN_WAGE(1.0),Average annual wages,I,PRT,Portugal,WG,Wages,USD_PPP,"US dollars, PPP converted",A,Annual,Q,Constant prices,MEAN,Mean,_Z,Not applicable,2018,,37322.861,,2025,,A,Normal value,0,Units,0,Zero
DATAFLOW,OECD.ELS.SAE:DSD_EARNINGS@AV_AN_WAGE(1.0),Average annual wages,I,PRT,Portugal,WG,Wages,USD_PPP,"US dollars, PPP converted",A,Annual,Q,Constant prices,MEAN,Mean,_Z,Not applicable,2019,,38940.377,,2025,,A,Normal value,0,Units,0,Zero
DATAFLOW,OECD.ELS.SAE:DSD_EARNINGS@AV_AN_WAGE(1.0),Average annual wages,I,PRT,Portugal,WG,Wages,USD_PPP,"US dollars, PPP converted",A,Annual,Q,Constant prices,MEAN,Mean,_Z,Not applicable,2020,,39460.921,,2025,,A,Normal value,0,Units,0,Zero
DATAFLOW,OECD.ELS.SAE:DSD_EARNINGS@AV_AN_WAGE(1.0),Average annual wages,I,PRT,Portugal,WG,Wages,USD_PPP,"US dollars, PPP converted",A,Annual,Q,Constant prices,MEAN,Mean,_Z,Not applicable,2021,,40734.342,,2025,,A,Normal value,0,Units,0,Zero
DATAFLOW,OECD.ELS.SAE:DSD_EARNINGS@AV_AN_WAGE(1.0),Average annual wages,I,PRT,Portugal,WG,Wages,USD_PPP,"US dollars, PPP converted",A,Annual,Q,Constant prices,MEAN,Mean,_Z,Not applicable,2022,,40469.94,,2025,,A,Normal value,0,Units,0,Zero
DATAFLOW,OECD.ELS.SAE:DSD_EARNINGS@AV_AN_WAGE(1.0),Average annual wages,I,PRT,Portugal,WG,Wages,USD_PPP,"US dollars, PPP converted",A,Annual,Q,Constant prices,MEAN,Mean,_Z,Not applicable,2023,,42356.507,,2025,,A,Normal value,0,Units,0,Zero
DATAFLOW,OECD.ELS.SAE:DSD_EARNINGS@AV_AN_WAGE(1.0),Average annual wages,I,PRT,Portugal,WG,Wages,USD_PPP,"US dollars, PPP converted",A,Annual,Q,Constant prices,MEAN,Mean,_Z,Not applicable,2024,,44144.449,,2025,,A,Normal value,0,Units,0,Zero
DATAFLOW,OECD.ELS.SAE:DSD_EARNINGS@AV_AN_WAGE(1.0),Average annual wages,I,PRT,Portugal,WG,Wages,USD_PPP,"US dollars, PPP converted",A,Annual,Q,Constant prices,MEAN,Mean,_Z,Not applicable,2025,,44937.011,,2025,,A,Normal value,0,Units,0,Zero
DATAFLOW,OECD.ELS.SAE:DSD_EARNINGS@AV_AN_WAGE(1.0),Average annual wages,I,SVK,Slovak Republic,WG,Wages,USD_PPP,"US dollars, PPP converted",A,Annual,Q,Constant prices,MEAN,Mean,_Z,Not applicable,1994,,16042.254,,2025,,A,Normal value,0,Units,0,Zero
DATAFLOW,OECD.ELS.SAE:DSD_EARNINGS@AV_AN_WAGE(1.0),Average annual wages,I,SVK,Slovak Republic,WG,Wages,USD_PPP,"US dollars, PPP converted",A,Annual,Q,Constant prices,MEAN,Mean,_Z,Not applicable,1995,,17277.993,,2025,,A,Normal value,0,Units,0,Zero
DATAFLOW,OECD.ELS.SAE:DSD_EARNINGS@AV_AN_WAGE(1.0),Average annual wages,I,SVK,Slovak Republic,WG,Wages,USD_PPP,"US dollars, PPP converted",A,Annual,Q,Constant prices,MEAN,Mean,_Z,Not applicable,1996,,18656.415,,2025,,A,Normal value,0,Units,0,Zero
DATAFLOW,OECD.ELS.SAE:DSD_EARNINGS@AV_AN_WAGE(1.0),Average annual wages,I,SVK,Slovak Republic,WG,Wages,USD_PPP,"US dollars, PPP converted",A,Annual,Q,Constant prices,MEAN,Mean,_Z,Not applicable,1997,,21061.319,,2025,,A,Normal value,0,Units,0,Zero
DATAFLOW,OECD.ELS.SAE:DSD_EARNINGS@AV_AN_WAGE(1.0),Average annual wages,I,SVK,Slovak Republic,WG,Wages,USD_PPP,"US dollars, PPP converted",A,Annual,Q,Constant prices,MEAN,Mean,_Z,Not applicable,1998,,21882.976,,2025,,A,Normal value,0,Units,0,Zero
DATAFLOW,OECD.ELS.SAE:DSD_EARNINGS@AV_AN_WAGE(1.0),Average annual wages,I,SVK,Slovak Republic,WG,Wages,USD_PPP,"US dollars, PPP converted",A,Annual,Q,Constant prices,MEAN,Mean,_Z,Not applicable,1999,,21367.668,,2025,,A,Normal value,0,Units,0,Zero
DATAFLOW,OECD.ELS.SAE:DSD_EARNINGS@AV_AN_WAGE(1.0),Average annual wages,I,SVK,Slovak Republic,WG,Wages,USD_PPP,"US dollars, PPP converted",A,Annual,Q,Constant prices,MEAN,Mean,_Z,Not applicable,2000,,22206.296,,2025,,A,Normal value,0,Units,0,Zero
DATAFLOW,OECD.ELS.SAE:DSD_EARNINGS@AV_AN_WAGE(1.0),Average annual wages,I,SVK,Slovak Republic,WG,Wages,USD_PPP,"US dollars, PPP converted",A,Annual,Q,Constant prices,MEAN,Mean,_Z,Not applicable,2001,,22141.843,,2025,,A,Normal value,0,Units,0,Zero
DATAFLOW,OECD.ELS.SAE:DSD_EARNINGS@AV_AN_WAGE(1.0),Average annual wages,I,SVK,Slovak Republic,WG,Wages,USD_PPP,"US dollars, PPP converted",A,Annual,Q,Constant prices,MEAN,Mean,_Z,Not applicable,2002,,23271.095,,2025,,A,Normal value,0,Units,0,Zero
DATAFLOW,OECD.ELS.SAE:DSD_EARNINGS@AV_AN_WAGE(1.0),Average annual wages,I,SVK,Slovak Republic,WG,Wages,USD_PPP,"US dollars, PPP converted",A,Annual,Q,Constant prices,MEAN,Mean,_Z,Not applicable,2003,,23667.364,,2025,,A,Normal value,0,Units,0,Zero
DATAFLOW,OECD.ELS.SAE:DSD_EARNINGS@AV_AN_WAGE(1.0),Average annual wages,I,SVK,Slovak Republic,WG,Wages,USD_PPP,"US dollars, PPP converted",A,Annual,Q,Constant prices,MEAN,Mean,_Z,Not applicable,2004,,23822.367,,2025,,A,Normal value,0,Units,0,Zero
DATAFLOW,OECD.ELS.SAE:DSD_EARNINGS@AV_AN_WAGE(1.0),Average annual wages,I,SVK,Slovak Republic,WG,Wages,USD_PPP,"US dollars, PPP converted",A,Annual,Q,Constant prices,MEAN,Mean,_Z,Not applicable,2005,,25177.628,,2025,,A,Normal value,0,Units,0,Zero
DATAFLOW,OECD.ELS.SAE:DSD_EARNINGS@AV_AN_WAGE(1.0),Average annual wages,I,SVK,Slovak Republic,WG,Wages,USD_PPP,"US dollars, PPP converted",A,Annual,Q,Constant prices,MEAN,Mean,_Z,Not applicable,2006,,26103.975,,2025,,A,Normal value,0,Units,0,Zero
DATAFLOW,OECD.ELS.SAE:DSD_EARNINGS@AV_AN_WAGE(1.0),Average annual wages,I,SVK,Slovak Republic,WG,Wages,USD_PPP,"US dollars, PPP converted",A,Annual,Q,Constant prices,MEAN,Mean,_Z,Not applicable,2007,,27789.749,,2025,,A,Normal value,0,Units,0,Zero
DATAFLOW,OECD.ELS.SAE:DSD_EARNINGS@AV_AN_WAGE(1.0),Average annual wages,I,SVK,Slovak Republic,WG,Wages,USD_PPP,"US dollars, PPP converted",A,Annual,Q,Constant prices,MEAN,Mean,_Z,Not applicable,2008,,28108.021,,2025,,A,Normal value,0,Units,0,Zero
DATAFLOW,OECD.ELS.SAE:DSD_EARNINGS@AV_AN_WAGE(1.0),Average annual wages,I,SVK,Slovak Republic,WG,Wages,USD_PPP,"US dollars, PPP converted",A,Annual,Q,Constant prices,MEAN,Mean,_Z,Not applicable,2009,,29043.023,,2025,,A,Normal value,0,Units,0,Zero
DATAFLOW,OECD.ELS.SAE:DSD_EARNINGS@AV_AN_WAGE(1.0),Average annual wages,I,SVK,Slovak Republic,WG,Wages,USD_PPP,"US dollars, PPP converted",A,Annual,Q,Constant prices,MEAN,Mean,_Z,Not applicable,2010,,30352.565,,2025,,A,Normal value,0,Units,0,Zero
DATAFLOW,OECD.ELS.SAE:DSD_EARNINGS@AV_AN_WAGE(1.0),Average annual wages,I,SVK,Slovak Republic,WG,Wages,USD_PPP,"US dollars, PPP converted",A,Annual,Q,Constant prices,MEAN,Mean,_Z,Not applicable,2011,,30120.396,,2025,,A,Normal value,0,Units,0,Zero
DATAFLOW,OECD.ELS.SAE:DSD_EARNINGS@AV_AN_WAGE(1.0),Average annual wages,I,SVK,Slovak Republic,WG,Wages,USD_PPP,"US dollars, PPP converted",A,Annual,Q,Constant prices,MEAN,Mean,_Z,Not applicable,2012,,29779.85,,2025,,A,Normal value,0,Units,0,Zero
DATAFLOW,OECD.ELS.SAE:DSD_EARNINGS@AV_AN_WAGE(1.0),Average annual wages,I,SVK,Slovak Republic,WG,Wages,USD_PPP,"US dollars, PPP converted",A,Annual,Q,Constant prices,MEAN,Mean,_Z,Not applicable,2013,,30052.411,,2025,,A,Normal value,0,Units,0,Zero
DATAFLOW,OECD.ELS.SAE:DSD_EARNINGS@AV_AN_WAGE(1.0),Average annual wages,I,SVK,Slovak Republic,WG,Wages,USD_PPP,"US dollars, PPP converted",A,Annual,Q,Constant prices,MEAN,Mean,_Z,Not applicable,2014,,30635.152,,2025,,A,Normal value,0,Units,0,Zero
DATAFLOW,OECD.ELS.SAE:DSD_EARNINGS@AV_AN_WAGE(1.0),Average annual wages,I,SVK,Slovak Republic,WG,Wages,USD_PPP,"US dollars, PPP converted",A,Annual,Q,Constant prices,MEAN,Mean,_Z,Not applicable,2015,,31798.381,,2025,,A,Normal value,0,Units,0,Zero
DATAFLOW,OECD.ELS.SAE:DSD_EARNINGS@AV_AN_WAGE(1.0),Average annual wages,I,SVK,Slovak Republic,WG,Wages,USD_PPP,"US dollars, PPP converted",A,Annual,Q,Constant prices,MEAN,Mean,_Z,Not applicable,2016,,32831.886,,2025,,A,Normal value,0,Units,0,Zero
DATAFLOW,OECD.ELS.SAE:DSD_EARNINGS@AV_AN_WAGE(1.0),Average annual wages,I,SVK,Slovak Republic,WG,Wages,USD_PPP,"US dollars, PPP converted",A,Annual,Q,Constant prices,MEAN,Mean,_Z,Not applicable,2017,,33978.597,,2025,,A,Normal value,0,Units,0,Zero
DATAFLOW,OECD.ELS.SAE:DSD_EARNINGS@AV_AN_WAGE(1.0),Average annual wages,I,SVK,Slovak Republic,WG,Wages,USD_PPP,"US dollars, PPP converted",A,Annual,Q,Constant prices,MEAN,Mean,_Z,Not applicable,2018,,35072.255,,2025,,A,Normal value,0,Units,0,Zero
DATAFLOW,OECD.ELS.SAE:DSD_EARNINGS@AV_AN_WAGE(1.0),Average annual wages,I,SVK,Slovak Republic,WG,Wages,USD_PPP,"US dollars, PPP converted",A,Annual,Q,Constant prices,MEAN,Mean,_Z,Not applicable,2019,,36336.191,,2025,,A,Normal value,0,Units,0,Zero
DATAFLOW,OECD.ELS.SAE:DSD_EARNINGS@AV_AN_WAGE(1.0),Average annual wages,I,SVK,Slovak Republic,WG,Wages,USD_PPP,"US dollars, PPP converted",A,Annual,Q,Constant prices,MEAN,Mean,_Z,Not applicable,2020,,36846.048,,2025,,A,Normal value,0,Units,0,Zero
DATAFLOW,OECD.ELS.SAE:DSD_EARNINGS@AV_AN_WAGE(1.0),Average annual wages,I,SVK,Slovak Republic,WG,Wages,USD_PPP,"US dollars, PPP converted",A,Annual,Q,Constant prices,MEAN,Mean,_Z,Not applicable,2021,,37694.834,,2025,,A,Normal value,0,Units,0,Zero
DATAFLOW,OECD.ELS.SAE:DSD_EARNINGS@AV_AN_WAGE(1.0),Average annual wages,I,SVK,Slovak Republic,WG,Wages,USD_PPP,"US dollars, PPP converted",A,Annual,Q,Constant prices,MEAN,Mean,_Z,Not applicable,2022,,35896.074,,2025,,A,Normal value,0,Units,0,Zero
DATAFLOW,OECD.ELS.SAE:DSD_EARNINGS@AV_AN_WAGE(1.0),Average annual wages,I,SVK,Slovak Republic,WG,Wages,USD_PPP,"US dollars, PPP converted",A,Annual,Q,Constant prices,MEAN,Mean,_Z,Not applicable,2023,,35940.113,,2025,,A,Normal value,0,Units,0,Zero
DATAFLOW,OECD.ELS.SAE:DSD_EARNINGS@AV_AN_WAGE(1.0),Average annual wages,I,SVK,Slovak Republic,WG,Wages,USD_PPP,"US dollars, PPP converted",A,Annual,Q,Constant prices,MEAN,Mean,_Z,Not applicable,2024,,37247.747,,2025,,A,Normal value,0,Units,0,Zero
DATAFLOW,OECD.ELS.SAE:DSD_EARNINGS@AV_AN_WAGE(1.0),Average annual wages,I,SVK,Slovak Republic,WG,Wages,USD_PPP,"US dollars, PPP converted",A,Annual,Q,Constant prices,MEAN,Mean,_Z,Not applicable,2025,,37831.713,,2025,,A,Normal value,0,Units,0,Zero
DATAFLOW,OECD.ELS.SAE:DSD_EARNINGS@AV_AN_WAGE(1.0),Average annual wages,I,SVN,Slovenia,WG,Wages,USD_PPP,"US dollars, PPP converted",A,Annual,Q,Constant prices,MEAN,Mean,_Z,Not applicable,1995,,32381.861,,2025,,A,Normal value,0,Units,0,Zero
DATAFLOW,OECD.ELS.SAE:DSD_EARNINGS@AV_AN_WAGE(1.0),Average annual wages,I,SVN,Slovenia,WG,Wages,USD_PPP,"US dollars, PPP converted",A,Annual,Q,Constant prices,MEAN,Mean,_Z,Not applicable,1996,,34174.002,,2025,,A,Normal value,0,Units,0,Zero
DATAFLOW,OECD.ELS.SAE:DSD_EARNINGS@AV_AN_WAGE(1.0),Average annual wages,I,SVN,Slovenia,WG,Wages,USD_PPP,"US dollars, PPP converted",A,Annual,Q,Constant prices,MEAN,Mean,_Z,Not applicable,1997,,35982.477,,2025,,A,Normal value,0,Units,0,Zero
DATAFLOW,OECD.ELS.SAE:DSD_EARNINGS@AV_AN_WAGE(1.0),Average annual wages,I,SVN,Slovenia,WG,Wages,USD_PPP,"US dollars, PPP converted",A,Annual,Q,Constant prices,MEAN,Mean,_Z,Not applicable,1998,,36513.428,,2025,,A,Normal value,0,Units,0,Zero
DATAFLOW,OECD.ELS.SAE:DSD_EARNINGS@AV_AN_WAGE(1.0),Average annual wages,I,SVN,Slovenia,WG,Wages,USD_PPP,"US dollars, PPP converted",A,Annual,Q,Constant prices,MEAN,Mean,_Z,Not applicable,1999,,37194.951,,2025,,A,Normal value,0,Units,0,Zero
DATAFLOW,OECD.ELS.SAE:DSD_EARNINGS@AV_AN_WAGE(1.0),Average annual wages,I,SVN,Slovenia,WG,Wages,USD_PPP,"US dollars, PPP converted",A,Annual,Q,Constant prices,MEAN,Mean,_Z,Not applicable,2000,,38068.176,,2025,,A,Normal value,0,Units,0,Zero
DATAFLOW,OECD.ELS.SAE:DSD_EARNINGS@AV_AN_WAGE(1.0),Average annual wages,I,SVN,Slovenia,WG,Wages,USD_PPP,"US dollars, PPP converted",A,Annual,Q,Constant prices,MEAN,Mean,_Z,Not applicable,2001,,39600.394,,2025,,A,Normal value,0,Units,0,Zero
DATAFLOW,OECD.ELS.SAE:DSD_EARNINGS@AV_AN_WAGE(1.0),Average annual wages,I,SVN,Slovenia,WG,Wages,USD_PPP,"US dollars, PPP converted",A,Annual,Q,Constant prices,MEAN,Mean,_Z,Not applicable,2002,,39653.099,,2025,,A,Normal value,0,Units,0,Zero
DATAFLOW,OECD.ELS.SAE:DSD_EARNINGS@AV_AN_WAGE(1.0),Average annual wages,I,SVN,Slovenia,WG,Wages,USD_PPP,"US dollars, PPP converted",A,Annual,Q,Constant prices,MEAN,Mean,_Z,Not applicable,2003,,40588.751,,2025,,A,Normal value,0,Units,0,Zero
DATAFLOW,OECD.ELS.SAE:DSD_EARNINGS@AV_AN_WAGE(1.0),Average annual wages,I,SVN,Slovenia,WG,Wages,USD_PPP,"US dollars, PPP converted",A,Annual,Q,Constant prices,MEAN,Mean,_Z,Not applicable,2004,,42656.765,,2025,,A,Normal value,0,Units,0,Zero
DATAFLOW,OECD.ELS.SAE:DSD_EARNINGS@AV_AN_WAGE(1.0),Average annual wages,I,SVN,Slovenia,WG,Wages,USD_PPP,"US dollars, PPP converted",A,Annual,Q,Constant prices,MEAN,Mean,_Z,Not applicable,2005,,44253.758,,2025,,A,Normal value,0,Units,0,Zero
DATAFLOW,OECD.ELS.SAE:DSD_EARNINGS@AV_AN_WAGE(1.0),Average annual wages,I,SVN,Slovenia,WG,Wages,USD_PPP,"US dollars, PPP converted",A,Annual,Q,Constant prices,MEAN,Mean,_Z,Not applicable,2006,,45651.924,,2025,,A,Normal value,0,Units,0,Zero
DATAFLOW,OECD.ELS.SAE:DSD_EARNINGS@AV_AN_WAGE(1.0),Average annual wages,I,SVN,Slovenia,WG,Wages,USD_PPP,"US dollars, PPP converted",A,Annual,Q,Constant prices,MEAN,Mean,_Z,Not applicable,2007,,46623.513,,2025,,A,Normal value,0,Units,0,Zero
DATAFLOW,OECD.ELS.SAE:DSD_EARNINGS@AV_AN_WAGE(1.0),Average annual wages,I,SVN,Slovenia,WG,Wages,USD_PPP,"US dollars, PPP converted",A,Annual,Q,Constant prices,MEAN,Mean,_Z,Not applicable,2008,,47417.296,,2025,,A,Normal value,0,Units,0,Zero
DATAFLOW,OECD.ELS.SAE:DSD_EARNINGS@AV_AN_WAGE(1.0),Average annual wages,I,SVN,Slovenia,WG,Wages,USD_PPP,"US dollars, PPP converted",A,Annual,Q,Constant prices,MEAN,Mean,_Z,Not applicable,2009,,48429.416,,2025,,A,Normal value,0,Units,0,Zero
DATAFLOW,OECD.ELS.SAE:DSD_EARNINGS@AV_AN_WAGE(1.0),Average annual wages,I,SVN,Slovenia,WG,Wages,USD_PPP,"US dollars, PPP converted",A,Annual,Q,Constant prices,MEAN,Mean,_Z,Not applicable,2010,,49625.901,,2025,,A,Normal value,0,Units,0,Zero
DATAFLOW,OECD.ELS.SAE:DSD_EARNINGS@AV_AN_WAGE(1.0),Average annual wages,I,SVN,Slovenia,WG,Wages,USD_PPP,"US dollars, PPP converted",A,Annual,Q,Constant prices,MEAN,Mean,_Z,Not applicable,2011,,49180.23,,2025,,A,Normal value,0,Units,0,Zero
DATAFLOW,OECD.ELS.SAE:DSD_EARNINGS@AV_AN_WAGE(1.0),Average annual wages,I,SVN,Slovenia,WG,Wages,USD_PPP,"US dollars, PPP converted",A,Annual,Q,Constant prices,MEAN,Mean,_Z,Not applicable,2012,,47393.063,,2025,,A,Normal value,0,Units,0,Zero
DATAFLOW,OECD.ELS.SAE:DSD_EARNINGS@AV_AN_WAGE(1.0),Average annual wages,I,SVN,Slovenia,WG,Wages,USD_PPP,"US dollars, PPP converted",A,Annual,Q,Constant prices,MEAN,Mean,_Z,Not applicable,2013,,47029.238,,2025,,A,Normal value,0,Units,0,Zero
DATAFLOW,OECD.ELS.SAE:DSD_EARNINGS@AV_AN_WAGE(1.0),Average annual wages,I,SVN,Slovenia,WG,Wages,USD_PPP,"US dollars, PPP converted",A,Annual,Q,Constant prices,MEAN,Mean,_Z,Not applicable,2014,,47822.667,,2025,,A,Normal value,0,Units,0,Zero
DATAFLOW,OECD.ELS.SAE:DSD_EARNINGS@AV_AN_WAGE(1.0),Average annual wages,I,SVN,Slovenia,WG,Wages,USD_PPP,"US dollars, PPP converted",A,Annual,Q,Constant prices,MEAN,Mean,_Z,Not applicable,2015,,48985.3,,2025,,A,Normal value,0,Units,0,Zero
DATAFLOW,OECD.ELS.SAE:DSD_EARNINGS@AV_AN_WAGE(1.0),Average annual wages,I,SVN,Slovenia,WG,Wages,USD_PPP,"US dollars, PPP converted",A,Annual,Q,Constant prices,MEAN,Mean,_Z,Not applicable,2016,,50909.297,,2025,,A,Normal value,0,Units,0,Zero
DATAFLOW,OECD.ELS.SAE:DSD_EARNINGS@AV_AN_WAGE(1.0),Average annual wages,I,SVN,Slovenia,WG,Wages,USD_PPP,"US dollars, PPP converted",A,Annual,Q,Constant prices,MEAN,Mean,_Z,Not applicable,2017,,51813.34,,2025,,A,Normal value,0,Units,0,Zero
DATAFLOW,OECD.ELS.SAE:DSD_EARNINGS@AV_AN_WAGE(1.0),Average annual wages,I,SVN,Slovenia,WG,Wages,USD_PPP,"US dollars, PPP converted",A,Annual,Q,Constant prices,MEAN,Mean,_Z,Not applicable,2018,,52717.535,,2025,,A,Normal value,0,Units,0,Zero
DATAFLOW,OECD.ELS.SAE:DSD_EARNINGS@AV_AN_WAGE(1.0),Average annual wages,I,SVN,Slovenia,WG,Wages,USD_PPP,"US dollars, PPP converted",A,Annual,Q,Constant prices,MEAN,Mean,_Z,Not applicable,2019,,54494.697,,2025,,A,Normal value,0,Units,0,Zero
DATAFLOW,OECD.ELS.SAE:DSD_EARNINGS@AV_AN_WAGE(1.0),Average annual wages,I,SVN,Slovenia,WG,Wages,USD_PPP,"US dollars, PPP converted",A,Annual,Q,Constant prices,MEAN,Mean,_Z,Not applicable,2020,,56491.904,,2025,,A,Normal value,0,Units,0,Zero
DATAFLOW,OECD.ELS.SAE:DSD_EARNINGS@AV_AN_WAGE(1.0),Average annual wages,I,SVN,Slovenia,WG,Wages,USD_PPP,"US dollars, PPP converted",A,Annual,Q,Constant prices,MEAN,Mean,_Z,Not applicable,2021,,58866.069,,2025,,A,Normal value,0,Units,0,Zero
DATAFLOW,OECD.ELS.SAE:DSD_EARNINGS@AV_AN_WAGE(1.0),Average annual wages,I,SVN,Slovenia,WG,Wages,USD_PPP,"US dollars, PPP converted",A,Annual,Q,Constant prices,MEAN,Mean,_Z,Not applicable,2022,,56530.275,,2025,,A,Normal value,0,Units,0,Zero
DATAFLOW,OECD.ELS.SAE:DSD_EARNINGS@AV_AN_WAGE(1.0),Average annual wages,I,SVN,Slovenia,WG,Wages,USD_PPP,"US dollars, PPP converted",A,Annual,Q,Constant prices,MEAN,Mean,_Z,Not applicable,2023,,57731.753,,2025,,A,Normal value,0,Units,0,Zero
DATAFLOW,OECD.ELS.SAE:DSD_EARNINGS@AV_AN_WAGE(1.0),Average annual wages,I,SVN,Slovenia,WG,Wages,USD_PPP,"US dollars, PPP converted",A,Annual,Q,Constant prices,MEAN,Mean,_Z,Not applicable,2024,,60079.148,,2025,,A,Normal value,0,Units,0,Zero
DATAFLOW,OECD.ELS.SAE:DSD_EARNINGS@AV_AN_WAGE(1.0),Average annual wages,I,SVN,Slovenia,WG,Wages,USD_PPP,"US dollars, PPP converted",A,Annual,Q,Constant prices,MEAN,Mean,_Z,Not applicable,2025,,63375.61,,2025,,A,Normal value,0,Units,0,Zero
DATAFLOW,OECD.ELS.SAE:DSD_EARNINGS@AV_AN_WAGE(1.0),Average annual wages,I,ESP,Spain,WG,Wages,USD_PPP,"US dollars, PPP converted",A,Annual,Q,Constant prices,MEAN,Mean,_Z,Not applicable,1990,,49766.124,,2025,,A,Normal value,0,Units,0,Zero
DATAFLOW,OECD.ELS.SAE:DSD_EARNINGS@AV_AN_WAGE(1.0),Average annual wages,I,ESP,Spain,WG,Wages,USD_PPP,"US dollars, PPP converted",A,Annual,Q,Constant prices,MEAN,Mean,_Z,Not applicable,1991,,51353.138,,2025,,A,Normal value,0,Units,0,Zero
DATAFLOW,OECD.ELS.SAE:DSD_EARNINGS@AV_AN_WAGE(1.0),Average annual wages,I,ESP,Spain,WG,Wages,USD_PPP,"US dollars, PPP converted",A,Annual,Q,Constant prices,MEAN,Mean,_Z,Not applicable,1992,,53250.867,,2025,,A,Normal value,0,Units,0,Zero
DATAFLOW,OECD.ELS.SAE:DSD_EARNINGS@AV_AN_WAGE(1.0),Average annual wages,I,ESP,Spain,WG,Wages,USD_PPP,"US dollars, PPP converted",A,Annual,Q,Constant prices,MEAN,Mean,_Z,Not applicable,1993,,54101.485,,2025,,A,Normal value,0,Units,0,Zero
DATAFLOW,OECD.ELS.SAE:DSD_EARNINGS@AV_AN_WAGE(1.0),Average annual wages,I,ESP,Spain,WG,Wages,USD_PPP,"US dollars, PPP converted",A,Annual,Q,Constant prices,MEAN,Mean,_Z,Not applicable,1994,,54666.487,,2025,,A,Normal value,0,Units,0,Zero
DATAFLOW,OECD.ELS.SAE:DSD_EARNINGS@AV_AN_WAGE(1.0),Average annual wages,I,ESP,Spain,WG,Wages,USD_PPP,"US dollars, PPP converted",A,Annual,Q,Constant prices,MEAN,Mean,_Z,Not applicable,1995,,53581.697,,2025,,A,Normal value,0,Units,0,Zero
DATAFLOW,OECD.ELS.SAE:DSD_EARNINGS@AV_AN_WAGE(1.0),Average annual wages,I,ESP,Spain,WG,Wages,USD_PPP,"US dollars, PPP converted",A,Annual,Q,Constant prices,MEAN,Mean,_Z,Not applicable,1996,,54419,,2025,,A,Normal value,0,Units,0,Zero
DATAFLOW,OECD.ELS.SAE:DSD_EARNINGS@AV_AN_WAGE(1.0),Average annual wages,I,ESP,Spain,WG,Wages,USD_PPP,"US dollars, PPP converted",A,Annual,Q,Constant prices,MEAN,Mean,_Z,Not applicable,1997,,54385.539,,2025,,A,Normal value,0,Units,0,Zero
DATAFLOW,OECD.ELS.SAE:DSD_EARNINGS@AV_AN_WAGE(1.0),Average annual wages,I,ESP,Spain,WG,Wages,USD_PPP,"US dollars, PPP converted",A,Annual,Q,Constant prices,MEAN,Mean,_Z,Not applicable,1998,,54747.205,,2025,,A,Normal value,0,Units,0,Zero
DATAFLOW,OECD.ELS.SAE:DSD_EARNINGS@AV_AN_WAGE(1.0),Average annual wages,I,ESP,Spain,WG,Wages,USD_PPP,"US dollars, PPP converted",A,Annual,Q,Constant prices,MEAN,Mean,_Z,Not applicable,1999,,54654.569,,2025,,A,Normal value,0,Units,0,Zero
DATAFLOW,OECD.ELS.SAE:DSD_EARNINGS@AV_AN_WAGE(1.0),Average annual wages,I,ESP,Spain,WG,Wages,USD_PPP,"US dollars, PPP converted",A,Annual,Q,Constant prices,MEAN,Mean,_Z,Not applicable,2000,,53409.367,,2025,,A,Normal value,0,Units,0,Zero
DATAFLOW,OECD.ELS.SAE:DSD_EARNINGS@AV_AN_WAGE(1.0),Average annual wages,I,ESP,Spain,WG,Wages,USD_PPP,"US dollars, PPP converted",A,Annual,Q,Constant prices,MEAN,Mean,_Z,Not applicable,2001,,53110.488,,2025,,A,Normal value,0,Units,0,Zero
DATAFLOW,OECD.ELS.SAE:DSD_EARNINGS@AV_AN_WAGE(1.0),Average annual wages,I,ESP,Spain,WG,Wages,USD_PPP,"US dollars, PPP converted",A,Annual,Q,Constant prices,MEAN,Mean,_Z,Not applicable,2002,,53347.391,,2025,,A,Normal value,0,Units,0,Zero
DATAFLOW,OECD.ELS.SAE:DSD_EARNINGS@AV_AN_WAGE(1.0),Average annual wages,I,ESP,Spain,WG,Wages,USD_PPP,"US dollars, PPP converted",A,Annual,Q,Constant prices,MEAN,Mean,_Z,Not applicable,2003,,53088.447,,2025,,A,Normal value,0,Units,0,Zero
DATAFLOW,OECD.ELS.SAE:DSD_EARNINGS@AV_AN_WAGE(1.0),Average annual wages,I,ESP,Spain,WG,Wages,USD_PPP,"US dollars, PPP converted",A,Annual,Q,Constant prices,MEAN,Mean,_Z,Not applicable,2004,,52420.507,,2025,,A,Normal value,0,Units,0,Zero
DATAFLOW,OECD.ELS.SAE:DSD_EARNINGS@AV_AN_WAGE(1.0),Average annual wages,I,ESP,Spain,WG,Wages,USD_PPP,"US dollars, PPP converted",A,Annual,Q,Constant prices,MEAN,Mean,_Z,Not applicable,2005,,52654.789,,2025,,A,Normal value,0,Units,0,Zero
DATAFLOW,OECD.ELS.SAE:DSD_EARNINGS@AV_AN_WAGE(1.0),Average annual wages,I,ESP,Spain,WG,Wages,USD_PPP,"US dollars, PPP converted",A,Annual,Q,Constant prices,MEAN,Mean,_Z,Not applicable,2006,,52435.663,,2025,,A,Normal value,0,Units,0,Zero
DATAFLOW,OECD.ELS.SAE:DSD_EARNINGS@AV_AN_WAGE(1.0),Average annual wages,I,ESP,Spain,WG,Wages,USD_PPP,"US dollars, PPP converted",A,Annual,Q,Constant prices,MEAN,Mean,_Z,Not applicable,2007,,53017.966,,2025,,A,Normal value,0,Units,0,Zero
DATAFLOW,OECD.ELS.SAE:DSD_EARNINGS@AV_AN_WAGE(1.0),Average annual wages,I,ESP,Spain,WG,Wages,USD_PPP,"US dollars, PPP converted",A,Annual,Q,Constant prices,MEAN,Mean,_Z,Not applicable,2008,,54943.892,,2025,,A,Normal value,0,Units,0,Zero
DATAFLOW,OECD.ELS.SAE:DSD_EARNINGS@AV_AN_WAGE(1.0),Average annual wages,I,ESP,Spain,WG,Wages,USD_PPP,"US dollars, PPP converted",A,Annual,Q,Constant prices,MEAN,Mean,_Z,Not applicable,2009,,58456.084,,2025,,A,Normal value,0,Units,0,Zero
DATAFLOW,OECD.ELS.SAE:DSD_EARNINGS@AV_AN_WAGE(1.0),Average annual wages,I,ESP,Spain,WG,Wages,USD_PPP,"US dollars, PPP converted",A,Annual,Q,Constant prices,MEAN,Mean,_Z,Not applicable,2010,,58022.456,,2025,,A,Normal value,0,Units,0,Zero
DATAFLOW,OECD.ELS.SAE:DSD_EARNINGS@AV_AN_WAGE(1.0),Average annual wages,I,ESP,Spain,WG,Wages,USD_PPP,"US dollars, PPP converted",A,Annual,Q,Constant prices,MEAN,Mean,_Z,Not applicable,2011,,57002.26,,2025,,A,Normal value,0,Units,0,Zero
DATAFLOW,OECD.ELS.SAE:DSD_EARNINGS@AV_AN_WAGE(1.0),Average annual wages,I,ESP,Spain,WG,Wages,USD_PPP,"US dollars, PPP converted",A,Annual,Q,Constant prices,MEAN,Mean,_Z,Not applicable,2012,,55608.493,,2025,,A,Normal value,0,Units,0,Zero
DATAFLOW,OECD.ELS.SAE:DSD_EARNINGS@AV_AN_WAGE(1.0),Average annual wages,I,ESP,Spain,WG,Wages,USD_PPP,"US dollars, PPP converted",A,Annual,Q,Constant prices,MEAN,Mean,_Z,Not applicable,2013,,55491.752,,2025,,A,Normal value,0,Units,0,Zero
DATAFLOW,OECD.ELS.SAE:DSD_EARNINGS@AV_AN_WAGE(1.0),Average annual wages,I,ESP,Spain,WG,Wages,USD_PPP,"US dollars, PPP converted",A,Annual,Q,Constant prices,MEAN,Mean,_Z,Not applicable,2014,,55361.948,,2025,,A,Normal value,0,Units,0,Zero
DATAFLOW,OECD.ELS.SAE:DSD_EARNINGS@AV_AN_WAGE(1.0),Average annual wages,I,ESP,Spain,WG,Wages,USD_PPP,"US dollars, PPP converted",A,Annual,Q,Constant prices,MEAN,Mean,_Z,Not applicable,2015,,56334.079,,2025,,A,Normal value,0,Units,0,Zero
DATAFLOW,OECD.ELS.SAE:DSD_EARNINGS@AV_AN_WAGE(1.0),Average annual wages,I,ESP,Spain,WG,Wages,USD_PPP,"US dollars, PPP converted",A,Annual,Q,Constant prices,MEAN,Mean,_Z,Not applicable,2016,,56012.42,,2025,,A,Normal value,0,Units,0,Zero
DATAFLOW,OECD.ELS.SAE:DSD_EARNINGS@AV_AN_WAGE(1.0),Average annual wages,I,ESP,Spain,WG,Wages,USD_PPP,"US dollars, PPP converted",A,Annual,Q,Constant prices,MEAN,Mean,_Z,Not applicable,2017,,55305.588,,2025,,A,Normal value,0,Units,0,Zero
DATAFLOW,OECD.ELS.SAE:DSD_EARNINGS@AV_AN_WAGE(1.0),Average annual wages,I,ESP,Spain,WG,Wages,USD_PPP,"US dollars, PPP converted",A,Annual,Q,Constant prices,MEAN,Mean,_Z,Not applicable,2018,,55186.079,,2025,,A,Normal value,0,Units,0,Zero
DATAFLOW,OECD.ELS.SAE:DSD_EARNINGS@AV_AN_WAGE(1.0),Average annual wages,I,ESP,Spain,WG,Wages,USD_PPP,"US dollars, PPP converted",A,Annual,Q,Constant prices,MEAN,Mean,_Z,Not applicable,2019,,56009.134,,2025,,A,Normal value,0,Units,0,Zero
DATAFLOW,OECD.ELS.SAE:DSD_EARNINGS@AV_AN_WAGE(1.0),Average annual wages,I,ESP,Spain,WG,Wages,USD_PPP,"US dollars, PPP converted",A,Annual,Q,Constant prices,MEAN,Mean,_Z,Not applicable,2020,,55379.905,,2025,,A,Normal value,0,Units,0,Zero
DATAFLOW,OECD.ELS.SAE:DSD_EARNINGS@AV_AN_WAGE(1.0),Average annual wages,I,ESP,Spain,WG,Wages,USD_PPP,"US dollars, PPP converted",A,Annual,Q,Constant prices,MEAN,Mean,_Z,Not applicable,2021,,57624.703,,2025,,A,Normal value,0,Units,0,Zero
DATAFLOW,OECD.ELS.SAE:DSD_EARNINGS@AV_AN_WAGE(1.0),Average annual wages,I,ESP,Spain,WG,Wages,USD_PPP,"US dollars, PPP converted",A,Annual,Q,Constant prices,MEAN,Mean,_Z,Not applicable,2022,,56683.114,,2025,,A,Normal value,0,Units,0,Zero
DATAFLOW,OECD.ELS.SAE:DSD_EARNINGS@AV_AN_WAGE(1.0),Average annual wages,I,ESP,Spain,WG,Wages,USD_PPP,"US dollars, PPP converted",A,Annual,Q,Constant prices,MEAN,Mean,_Z,Not applicable,2023,,56285.834,,2025,,A,Normal value,0,Units,0,Zero
DATAFLOW,OECD.ELS.SAE:DSD_EARNINGS@AV_AN_WAGE(1.0),Average annual wages,I,ESP,Spain,WG,Wages,USD_PPP,"US dollars, PPP converted",A,Annual,Q,Constant prices,MEAN,Mean,_Z,Not applicable,2024,,57082.887,,2025,,A,Normal value,0,Units,0,Zero
DATAFLOW,OECD.ELS.SAE:DSD_EARNINGS@AV_AN_WAGE(1.0),Average annual wages,I,ESP,Spain,WG,Wages,USD_PPP,"US dollars, PPP converted",A,Annual,Q,Constant prices,MEAN,Mean,_Z,Not applicable,2025,,57778.662,,2025,,A,Normal value,0,Units,0,Zero
DATAFLOW,OECD.ELS.SAE:DSD_EARNINGS@AV_AN_WAGE(1.0),Average annual wages,I,SWE,Sweden,WG,Wages,USD_PPP,"US dollars, PPP converted",A,Annual,Q,Constant prices,MEAN,Mean,_Z,Not applicable,1990,,38220.442,,2025,,A,Normal value,0,Units,0,Zero
DATAFLOW,OECD.ELS.SAE:DSD_EARNINGS@AV_AN_WAGE(1.0),Average annual wages,I,SWE,Sweden,WG,Wages,USD_PPP,"US dollars, PPP converted",A,Annual,Q,Constant prices,MEAN,Mean,_Z,Not applicable,1991,,36400.575,,2025,,A,Normal value,0,Units,0,Zero
DATAFLOW,OECD.ELS.SAE:DSD_EARNINGS@AV_AN_WAGE(1.0),Average annual wages,I,SWE,Sweden,WG,Wages,USD_PPP,"US dollars, PPP converted",A,Annual,Q,Constant prices,MEAN,Mean,_Z,Not applicable,1992,,37541.203,,2025,,A,Normal value,0,Units,0,Zero
DATAFLOW,OECD.ELS.SAE:DSD_EARNINGS@AV_AN_WAGE(1.0),Average annual wages,I,SWE,Sweden,WG,Wages,USD_PPP,"US dollars, PPP converted",A,Annual,Q,Constant prices,MEAN,Mean,_Z,Not applicable,1993,,37049.318,,2025,,A,Normal value,0,Units,0,Zero
DATAFLOW,OECD.ELS.SAE:DSD_EARNINGS@AV_AN_WAGE(1.0),Average annual wages,I,SWE,Sweden,WG,Wages,USD_PPP,"US dollars, PPP converted",A,Annual,Q,Constant prices,MEAN,Mean,_Z,Not applicable,1994,,37944.068,,2025,,A,Normal value,0,Units,0,Zero
DATAFLOW,OECD.ELS.SAE:DSD_EARNINGS@AV_AN_WAGE(1.0),Average annual wages,I,SWE,Sweden,WG,Wages,USD_PPP,"US dollars, PPP converted",A,Annual,Q,Constant prices,MEAN,Mean,_Z,Not applicable,1995,,38069.773,,2025,,A,Normal value,0,Units,0,Zero
DATAFLOW,OECD.ELS.SAE:DSD_EARNINGS@AV_AN_WAGE(1.0),Average annual wages,I,SWE,Sweden,WG,Wages,USD_PPP,"US dollars, PPP converted",A,Annual,Q,Constant prices,MEAN,Mean,_Z,Not applicable,1996,,40269.288,,2025,,A,Normal value,0,Units,0,Zero
DATAFLOW,OECD.ELS.SAE:DSD_EARNINGS@AV_AN_WAGE(1.0),Average annual wages,I,SWE,Sweden,WG,Wages,USD_PPP,"US dollars, PPP converted",A,Annual,Q,Constant prices,MEAN,Mean,_Z,Not applicable,1997,,41931.546,,2025,,A,Normal value,0,Units,0,Zero
DATAFLOW,OECD.ELS.SAE:DSD_EARNINGS@AV_AN_WAGE(1.0),Average annual wages,I,SWE,Sweden,WG,Wages,USD_PPP,"US dollars, PPP converted",A,Annual,Q,Constant prices,MEAN,Mean,_Z,Not applicable,1998,,43324.8,,2025,,A,Normal value,0,Units,0,Zero
DATAFLOW,OECD.ELS.SAE:DSD_EARNINGS@AV_AN_WAGE(1.0),Average annual wages,I,SWE,Sweden,WG,Wages,USD_PPP,"US dollars, PPP converted",A,Annual,Q,Constant prices,MEAN,Mean,_Z,Not applicable,1999,,44240.339,,2025,,A,Normal value,0,Units,0,Zero
DATAFLOW,OECD.ELS.SAE:DSD_EARNINGS@AV_AN_WAGE(1.0),Average annual wages,I,SWE,Sweden,WG,Wages,USD_PPP,"US dollars, PPP converted",A,Annual,Q,Constant prices,MEAN,Mean,_Z,Not applicable,2000,,45862.569,,2025,,A,Normal value,0,Units,0,Zero
DATAFLOW,OECD.ELS.SAE:DSD_EARNINGS@AV_AN_WAGE(1.0),Average annual wages,I,SWE,Sweden,WG,Wages,USD_PPP,"US dollars, PPP converted",A,Annual,Q,Constant prices,MEAN,Mean,_Z,Not applicable,2001,,46401.04,,2025,,A,Normal value,0,Units,0,Zero
DATAFLOW,OECD.ELS.SAE:DSD_EARNINGS@AV_AN_WAGE(1.0),Average annual wages,I,SWE,Sweden,WG,Wages,USD_PPP,"US dollars, PPP converted",A,Annual,Q,Constant prices,MEAN,Mean,_Z,Not applicable,2002,,46984.079,,2025,,A,Normal value,0,Units,0,Zero
DATAFLOW,OECD.ELS.SAE:DSD_EARNINGS@AV_AN_WAGE(1.0),Average annual wages,I,SWE,Sweden,WG,Wages,USD_PPP,"US dollars, PPP converted",A,Annual,Q,Constant prices,MEAN,Mean,_Z,Not applicable,2003,,47351.099,,2025,,A,Normal value,0,Units,0,Zero
DATAFLOW,OECD.ELS.SAE:DSD_EARNINGS@AV_AN_WAGE(1.0),Average annual wages,I,SWE,Sweden,WG,Wages,USD_PPP,"US dollars, PPP converted",A,Annual,Q,Constant prices,MEAN,Mean,_Z,Not applicable,2004,,48891.415,,2025,,A,Normal value,0,Units,0,Zero
DATAFLOW,OECD.ELS.SAE:DSD_EARNINGS@AV_AN_WAGE(1.0),Average annual wages,I,SWE,Sweden,WG,Wages,USD_PPP,"US dollars, PPP converted",A,Annual,Q,Constant prices,MEAN,Mean,_Z,Not applicable,2005,,50096.459,,2025,,A,Normal value,0,Units,0,Zero
DATAFLOW,OECD.ELS.SAE:DSD_EARNINGS@AV_AN_WAGE(1.0),Average annual wages,I,SWE,Sweden,WG,Wages,USD_PPP,"US dollars, PPP converted",A,Annual,Q,Constant prices,MEAN,Mean,_Z,Not applicable,2006,,51516.182,,2025,,A,Normal value,0,Units,0,Zero
DATAFLOW,OECD.ELS.SAE:DSD_EARNINGS@AV_AN_WAGE(1.0),Average annual wages,I,SWE,Sweden,WG,Wages,USD_PPP,"US dollars, PPP converted",A,Annual,Q,Constant prices,MEAN,Mean,_Z,Not applicable,2007,,53286.202,,2025,,A,Normal value,0,Units,0,Zero
DATAFLOW,OECD.ELS.SAE:DSD_EARNINGS@AV_AN_WAGE(1.0),Average annual wages,I,SWE,Sweden,WG,Wages,USD_PPP,"US dollars, PPP converted",A,Annual,Q,Constant prices,MEAN,Mean,_Z,Not applicable,2008,,54401.706,,2025,,A,Normal value,0,Units,0,Zero
DATAFLOW,OECD.ELS.SAE:DSD_EARNINGS@AV_AN_WAGE(1.0),Average annual wages,I,SWE,Sweden,WG,Wages,USD_PPP,"US dollars, PPP converted",A,Annual,Q,Constant prices,MEAN,Mean,_Z,Not applicable,2009,,54592.024,,2025,,A,Normal value,0,Units,0,Zero
DATAFLOW,OECD.ELS.SAE:DSD_EARNINGS@AV_AN_WAGE(1.0),Average annual wages,I,SWE,Sweden,WG,Wages,USD_PPP,"US dollars, PPP converted",A,Annual,Q,Constant prices,MEAN,Mean,_Z,Not applicable,2010,,55267.148,,2025,,A,Normal value,0,Units,0,Zero
DATAFLOW,OECD.ELS.SAE:DSD_EARNINGS@AV_AN_WAGE(1.0),Average annual wages,I,SWE,Sweden,WG,Wages,USD_PPP,"US dollars, PPP converted",A,Annual,Q,Constant prices,MEAN,Mean,_Z,Not applicable,2011,,56095.417,,2025,,A,Normal value,0,Units,0,Zero
DATAFLOW,OECD.ELS.SAE:DSD_EARNINGS@AV_AN_WAGE(1.0),Average annual wages,I,SWE,Sweden,WG,Wages,USD_PPP,"US dollars, PPP converted",A,Annual,Q,Constant prices,MEAN,Mean,_Z,Not applicable,2012,,57350.178,,2025,,A,Normal value,0,Units,0,Zero
DATAFLOW,OECD.ELS.SAE:DSD_EARNINGS@AV_AN_WAGE(1.0),Average annual wages,I,SWE,Sweden,WG,Wages,USD_PPP,"US dollars, PPP converted",A,Annual,Q,Constant prices,MEAN,Mean,_Z,Not applicable,2013,,58006.867,,2025,,A,Normal value,0,Units,0,Zero
DATAFLOW,OECD.ELS.SAE:DSD_EARNINGS@AV_AN_WAGE(1.0),Average annual wages,I,SWE,Sweden,WG,Wages,USD_PPP,"US dollars, PPP converted",A,Annual,Q,Constant prices,MEAN,Mean,_Z,Not applicable,2014,,58722.209,,2025,,A,Normal value,0,Units,0,Zero
DATAFLOW,OECD.ELS.SAE:DSD_EARNINGS@AV_AN_WAGE(1.0),Average annual wages,I,SWE,Sweden,WG,Wages,USD_PPP,"US dollars, PPP converted",A,Annual,Q,Constant prices,MEAN,Mean,_Z,Not applicable,2015,,59542.107,,2025,,A,Normal value,0,Units,0,Zero
DATAFLOW,OECD.ELS.SAE:DSD_EARNINGS@AV_AN_WAGE(1.0),Average annual wages,I,SWE,Sweden,WG,Wages,USD_PPP,"US dollars, PPP converted",A,Annual,Q,Constant prices,MEAN,Mean,_Z,Not applicable,2016,,60388.019,,2025,,A,Normal value,0,Units,0,Zero
DATAFLOW,OECD.ELS.SAE:DSD_EARNINGS@AV_AN_WAGE(1.0),Average annual wages,I,SWE,Sweden,WG,Wages,USD_PPP,"US dollars, PPP converted",A,Annual,Q,Constant prices,MEAN,Mean,_Z,Not applicable,2017,,60738.055,,2025,,A,Normal value,0,Units,0,Zero
DATAFLOW,OECD.ELS.SAE:DSD_EARNINGS@AV_AN_WAGE(1.0),Average annual wages,I,SWE,Sweden,WG,Wages,USD_PPP,"US dollars, PPP converted",A,Annual,Q,Constant prices,MEAN,Mean,_Z,Not applicable,2018,,61008.929,,2025,,A,Normal value,0,Units,0,Zero
DATAFLOW,OECD.ELS.SAE:DSD_EARNINGS@AV_AN_WAGE(1.0),Average annual wages,I,SWE,Sweden,WG,Wages,USD_PPP,"US dollars, PPP converted",A,Annual,Q,Constant prices,MEAN,Mean,_Z,Not applicable,2019,,61692.938,,2025,,A,Normal value,0,Units,0,Zero
DATAFLOW,OECD.ELS.SAE:DSD_EARNINGS@AV_AN_WAGE(1.0),Average annual wages,I,SWE,Sweden,WG,Wages,USD_PPP,"US dollars, PPP converted",A,Annual,Q,Constant prices,MEAN,Mean,_Z,Not applicable,2020,,62495.441,,2025,,A,Normal value,0,Units,0,Zero
DATAFLOW,OECD.ELS.SAE:DSD_EARNINGS@AV_AN_WAGE(1.0),Average annual wages,I,SWE,Sweden,WG,Wages,USD_PPP,"US dollars, PPP converted",A,Annual,Q,Constant prices,MEAN,Mean,_Z,Not applicable,2021,,63922.77,,2025,,A,Normal value,0,Units,0,Zero
DATAFLOW,OECD.ELS.SAE:DSD_EARNINGS@AV_AN_WAGE(1.0),Average annual wages,I,SWE,Sweden,WG,Wages,USD_PPP,"US dollars, PPP converted",A,Annual,Q,Constant prices,MEAN,Mean,_Z,Not applicable,2022,,61819.296,,2025,,A,Normal value,0,Units,0,Zero
DATAFLOW,OECD.ELS.SAE:DSD_EARNINGS@AV_AN_WAGE(1.0),Average annual wages,I,SWE,Sweden,WG,Wages,USD_PPP,"US dollars, PPP converted",A,Annual,Q,Constant prices,MEAN,Mean,_Z,Not applicable,2023,,60122.215,,2025,,A,Normal value,0,Units,0,Zero
DATAFLOW,OECD.ELS.SAE:DSD_EARNINGS@AV_AN_WAGE(1.0),Average annual wages,I,SWE,Sweden,WG,Wages,USD_PPP,"US dollars, PPP converted",A,Annual,Q,Constant prices,MEAN,Mean,_Z,Not applicable,2024,,60905.178,,2025,,A,Normal value,0,Units,0,Zero
DATAFLOW,OECD.ELS.SAE:DSD_EARNINGS@AV_AN_WAGE(1.0),Average annual wages,I,SWE,Sweden,WG,Wages,USD_PPP,"US dollars, PPP converted",A,Annual,Q,Constant prices,MEAN,Mean,_Z,Not applicable,2025,,61443.422,,2025,,A,Normal value,0,Units,0,Zero
DATAFLOW,OECD.ELS.SAE:DSD_EARNINGS@AV_AN_WAGE(1.0),Average annual wages,I,CHE,Switzerland,WG,Wages,USD_PPP,"US dollars, PPP converted",A,Annual,Q,Constant prices,MEAN,Mean,_Z,Not applicable,1990,,68064.792,,2025,,A,Normal value,0,Units,0,Zero
DATAFLOW,OECD.ELS.SAE:DSD_EARNINGS@AV_AN_WAGE(1.0),Average annual wages,I,CHE,Switzerland,WG,Wages,USD_PPP,"US dollars, PPP converted",A,Annual,Q,Constant prices,MEAN,Mean,_Z,Not applicable,1991,,69328.93,,2025,,A,Normal value,0,Units,0,Zero
DATAFLOW,OECD.ELS.SAE:DSD_EARNINGS@AV_AN_WAGE(1.0),Average annual wages,I,CHE,Switzerland,WG,Wages,USD_PPP,"US dollars, PPP converted",A,Annual,Q,Constant prices,MEAN,Mean,_Z,Not applicable,1992,,69939.274,,2025,,A,Normal value,0,Units,0,Zero
DATAFLOW,OECD.ELS.SAE:DSD_EARNINGS@AV_AN_WAGE(1.0),Average annual wages,I,CHE,Switzerland,WG,Wages,USD_PPP,"US dollars, PPP converted",A,Annual,Q,Constant prices,MEAN,Mean,_Z,Not applicable,1993,,70435.359,,2025,,A,Normal value,0,Units,0,Zero
DATAFLOW,OECD.ELS.SAE:DSD_EARNINGS@AV_AN_WAGE(1.0),Average annual wages,I,CHE,Switzerland,WG,Wages,USD_PPP,"US dollars, PPP converted",A,Annual,Q,Constant prices,MEAN,Mean,_Z,Not applicable,1994,,71437.101,,2025,,A,Normal value,0,Units,0,Zero
DATAFLOW,OECD.ELS.SAE:DSD_EARNINGS@AV_AN_WAGE(1.0),Average annual wages,I,CHE,Switzerland,WG,Wages,USD_PPP,"US dollars, PPP converted",A,Annual,Q,Constant prices,MEAN,Mean,_Z,Not applicable,1995,,72225.232,,2025,,A,Normal value,0,Units,0,Zero
DATAFLOW,OECD.ELS.SAE:DSD_EARNINGS@AV_AN_WAGE(1.0),Average annual wages,I,CHE,Switzerland,WG,Wages,USD_PPP,"US dollars, PPP converted",A,Annual,Q,Constant prices,MEAN,Mean,_Z,Not applicable,1996,,70917.996,,2025,,A,Normal value,0,Units,0,Zero
DATAFLOW,OECD.ELS.SAE:DSD_EARNINGS@AV_AN_WAGE(1.0),Average annual wages,I,CHE,Switzerland,WG,Wages,USD_PPP,"US dollars, PPP converted",A,Annual,Q,Constant prices,MEAN,Mean,_Z,Not applicable,1997,,72250.759,,2025,,A,Normal value,0,Units,0,Zero
DATAFLOW,OECD.ELS.SAE:DSD_EARNINGS@AV_AN_WAGE(1.0),Average annual wages,I,CHE,Switzerland,WG,Wages,USD_PPP,"US dollars, PPP converted",A,Annual,Q,Constant prices,MEAN,Mean,_Z,Not applicable,1998,,72764.027,,2025,,A,Normal value,0,Units,0,Zero
DATAFLOW,OECD.ELS.SAE:DSD_EARNINGS@AV_AN_WAGE(1.0),Average annual wages,I,CHE,Switzerland,WG,Wages,USD_PPP,"US dollars, PPP converted",A,Annual,Q,Constant prices,MEAN,Mean,_Z,Not applicable,1999,,73566.02,,2025,,A,Normal value,0,Units,0,Zero
DATAFLOW,OECD.ELS.SAE:DSD_EARNINGS@AV_AN_WAGE(1.0),Average annual wages,I,CHE,Switzerland,WG,Wages,USD_PPP,"US dollars, PPP converted",A,Annual,Q,Constant prices,MEAN,Mean,_Z,Not applicable,2000,,74867.2,,2025,,A,Normal value,0,Units,0,Zero
DATAFLOW,OECD.ELS.SAE:DSD_EARNINGS@AV_AN_WAGE(1.0),Average annual wages,I,CHE,Switzerland,WG,Wages,USD_PPP,"US dollars, PPP converted",A,Annual,Q,Constant prices,MEAN,Mean,_Z,Not applicable,2001,,78869.7,,2025,,A,Normal value,0,Units,0,Zero
DATAFLOW,OECD.ELS.SAE:DSD_EARNINGS@AV_AN_WAGE(1.0),Average annual wages,I,CHE,Switzerland,WG,Wages,USD_PPP,"US dollars, PPP converted",A,Annual,Q,Constant prices,MEAN,Mean,_Z,Not applicable,2002,,80489.165,,2025,,A,Normal value,0,Units,0,Zero
DATAFLOW,OECD.ELS.SAE:DSD_EARNINGS@AV_AN_WAGE(1.0),Average annual wages,I,CHE,Switzerland,WG,Wages,USD_PPP,"US dollars, PPP converted",A,Annual,Q,Constant prices,MEAN,Mean,_Z,Not applicable,2003,,80197.872,,2025,,A,Normal value,0,Units,0,Zero
DATAFLOW,OECD.ELS.SAE:DSD_EARNINGS@AV_AN_WAGE(1.0),Average annual wages,I,CHE,Switzerland,WG,Wages,USD_PPP,"US dollars, PPP converted",A,Annual,Q,Constant prices,MEAN,Mean,_Z,Not applicable,2004,,79044.97,,2025,,A,Normal value,0,Units,0,Zero
DATAFLOW,OECD.ELS.SAE:DSD_EARNINGS@AV_AN_WAGE(1.0),Average annual wages,I,CHE,Switzerland,WG,Wages,USD_PPP,"US dollars, PPP converted",A,Annual,Q,Constant prices,MEAN,Mean,_Z,Not applicable,2005,,80327.852,,2025,,A,Normal value,0,Units,0,Zero
DATAFLOW,OECD.ELS.SAE:DSD_EARNINGS@AV_AN_WAGE(1.0),Average annual wages,I,CHE,Switzerland,WG,Wages,USD_PPP,"US dollars, PPP converted",A,Annual,Q,Constant prices,MEAN,Mean,_Z,Not applicable,2006,,80735.384,,2025,,A,Normal value,0,Units,0,Zero
DATAFLOW,OECD.ELS.SAE:DSD_EARNINGS@AV_AN_WAGE(1.0),Average annual wages,I,CHE,Switzerland,WG,Wages,USD_PPP,"US dollars, PPP converted",A,Annual,Q,Constant prices,MEAN,Mean,_Z,Not applicable,2007,,81532.933,,2025,,A,Normal value,0,Units,0,Zero
DATAFLOW,OECD.ELS.SAE:DSD_EARNINGS@AV_AN_WAGE(1.0),Average annual wages,I,CHE,Switzerland,WG,Wages,USD_PPP,"US dollars, PPP converted",A,Annual,Q,Constant prices,MEAN,Mean,_Z,Not applicable,2008,,82500.322,,2025,,A,Normal value,0,Units,0,Zero
DATAFLOW,OECD.ELS.SAE:DSD_EARNINGS@AV_AN_WAGE(1.0),Average annual wages,I,CHE,Switzerland,WG,Wages,USD_PPP,"US dollars, PPP converted",A,Annual,Q,Constant prices,MEAN,Mean,_Z,Not applicable,2009,,84008.869,,2025,,A,Normal value,0,Units,0,Zero
DATAFLOW,OECD.ELS.SAE:DSD_EARNINGS@AV_AN_WAGE(1.0),Average annual wages,I,CHE,Switzerland,WG,Wages,USD_PPP,"US dollars, PPP converted",A,Annual,Q,Constant prices,MEAN,Mean,_Z,Not applicable,2010,,83217.254,,2025,,A,Normal value,0,Units,0,Zero
DATAFLOW,OECD.ELS.SAE:DSD_EARNINGS@AV_AN_WAGE(1.0),Average annual wages,I,CHE,Switzerland,WG,Wages,USD_PPP,"US dollars, PPP converted",A,Annual,Q,Constant prices,MEAN,Mean,_Z,Not applicable,2011,,84072.935,,2025,,A,Normal value,0,Units,0,Zero
DATAFLOW,OECD.ELS.SAE:DSD_EARNINGS@AV_AN_WAGE(1.0),Average annual wages,I,CHE,Switzerland,WG,Wages,USD_PPP,"US dollars, PPP converted",A,Annual,Q,Constant prices,MEAN,Mean,_Z,Not applicable,2012,,85461.259,,2025,,A,Normal value,0,Units,0,Zero
DATAFLOW,OECD.ELS.SAE:DSD_EARNINGS@AV_AN_WAGE(1.0),Average annual wages,I,CHE,Switzerland,WG,Wages,USD_PPP,"US dollars, PPP converted",A,Annual,Q,Constant prices,MEAN,Mean,_Z,Not applicable,2013,,86764.327,,2025,,A,Normal value,0,Units,0,Zero
DATAFLOW,OECD.ELS.SAE:DSD_EARNINGS@AV_AN_WAGE(1.0),Average annual wages,I,CHE,Switzerland,WG,Wages,USD_PPP,"US dollars, PPP converted",A,Annual,Q,Constant prices,MEAN,Mean,_Z,Not applicable,2014,,86625.493,,2025,,A,Normal value,0,Units,0,Zero
DATAFLOW,OECD.ELS.SAE:DSD_EARNINGS@AV_AN_WAGE(1.0),Average annual wages,I,CHE,Switzerland,WG,Wages,USD_PPP,"US dollars, PPP converted",A,Annual,Q,Constant prices,MEAN,Mean,_Z,Not applicable,2015,,87261.734,,2025,,A,Normal value,0,Units,0,Zero
DATAFLOW,OECD.ELS.SAE:DSD_EARNINGS@AV_AN_WAGE(1.0),Average annual wages,I,CHE,Switzerland,WG,Wages,USD_PPP,"US dollars, PPP converted",A,Annual,Q,Constant prices,MEAN,Mean,_Z,Not applicable,2016,,87138.528,,2025,,A,Normal value,0,Units,0,Zero
DATAFLOW,OECD.ELS.SAE:DSD_EARNINGS@AV_AN_WAGE(1.0),Average annual wages,I,CHE,Switzerland,WG,Wages,USD_PPP,"US dollars, PPP converted",A,Annual,Q,Constant prices,MEAN,Mean,_Z,Not applicable,2017,,86652.231,,2025,,A,Normal value,0,Units,0,Zero
DATAFLOW,OECD.ELS.SAE:DSD_EARNINGS@AV_AN_WAGE(1.0),Average annual wages,I,CHE,Switzerland,WG,Wages,USD_PPP,"US dollars, PPP converted",A,Annual,Q,Constant prices,MEAN,Mean,_Z,Not applicable,2018,,86527.441,,2025,,A,Normal value,0,Units,0,Zero
DATAFLOW,OECD.ELS.SAE:DSD_EARNINGS@AV_AN_WAGE(1.0),Average annual wages,I,CHE,Switzerland,WG,Wages,USD_PPP,"US dollars, PPP converted",A,Annual,Q,Constant prices,MEAN,Mean,_Z,Not applicable,2019,,88210.573,,2025,,A,Normal value,0,Units,0,Zero
DATAFLOW,OECD.ELS.SAE:DSD_EARNINGS@AV_AN_WAGE(1.0),Average annual wages,I,CHE,Switzerland,WG,Wages,USD_PPP,"US dollars, PPP converted",A,Annual,Q,Constant prices,MEAN,Mean,_Z,Not applicable,2020,,86151.165,,2025,,A,Normal value,0,Units,0,Zero
DATAFLOW,OECD.ELS.SAE:DSD_EARNINGS@AV_AN_WAGE(1.0),Average annual wages,I,CHE,Switzerland,WG,Wages,USD_PPP,"US dollars, PPP converted",A,Annual,Q,Constant prices,MEAN,Mean,_Z,Not applicable,2021,,89575.26,,2025,,A,Normal value,0,Units,0,Zero
DATAFLOW,OECD.ELS.SAE:DSD_EARNINGS@AV_AN_WAGE(1.0),Average annual wages,I,CHE,Switzerland,WG,Wages,USD_PPP,"US dollars, PPP converted",A,Annual,Q,Constant prices,MEAN,Mean,_Z,Not applicable,2022,,90812.588,,2025,,A,Normal value,0,Units,0,Zero
DATAFLOW,OECD.ELS.SAE:DSD_EARNINGS@AV_AN_WAGE(1.0),Average annual wages,I,CHE,Switzerland,WG,Wages,USD_PPP,"US dollars, PPP converted",A,Annual,Q,Constant prices,MEAN,Mean,_Z,Not applicable,2023,,90810.341,,2025,,A,Normal value,0,Units,0,Zero
DATAFLOW,OECD.ELS.SAE:DSD_EARNINGS@AV_AN_WAGE(1.0),Average annual wages,I,CHE,Switzerland,WG,Wages,USD_PPP,"US dollars, PPP converted",A,Annual,Q,Constant prices,MEAN,Mean,_Z,Not applicable,2024,,92160.548,,2025,,A,Normal value,0,Units,0,Zero
DATAFLOW,OECD.ELS.SAE:DSD_EARNINGS@AV_AN_WAGE(1.0),Average annual wages,I,CHE,Switzerland,WG,Wages,USD_PPP,"US dollars, PPP converted",A,Annual,Q,Constant prices,MEAN,Mean,_Z,Not applicable,2025,,92285.059,,2025,,A,Normal value,0,Units,0,Zero
DATAFLOW,OECD.ELS.SAE:DSD_EARNINGS@AV_AN_WAGE(1.0),Average annual wages,I,TUR,Türkiye,WG,Wages,USD_PPP,"US dollars, PPP converted",A,Annual,Q,Constant prices,MEAN,Mean,_Z,Not applicable,1990,,24979.461,,2025,,A,Normal value,0,Units,0,Zero
DATAFLOW,OECD.ELS.SAE:DSD_EARNINGS@AV_AN_WAGE(1.0),Average annual wages,I,TUR,Türkiye,WG,Wages,USD_PPP,"US dollars, PPP converted",A,Annual,Q,Constant prices,MEAN,Mean,_Z,Not applicable,1991,,24979.461,,2025,,A,Normal value,0,Units,0,Zero
DATAFLOW,OECD.ELS.SAE:DSD_EARNINGS@AV_AN_WAGE(1.0),Average annual wages,I,TUR,Türkiye,WG,Wages,USD_PPP,"US dollars, PPP converted",A,Annual,Q,Constant prices,MEAN,Mean,_Z,Not applicable,1992,,24979.461,,2025,,A,Normal value,0,Units,0,Zero
DATAFLOW,OECD.ELS.SAE:DSD_EARNINGS@AV_AN_WAGE(1.0),Average annual wages,I,TUR,Türkiye,WG,Wages,USD_PPP,"US dollars, PPP converted",A,Annual,Q,Constant prices,MEAN,Mean,_Z,Not applicable,1993,,24979.461,,2025,,A,Normal value,0,Units,0,Zero
DATAFLOW,OECD.ELS.SAE:DSD_EARNINGS@AV_AN_WAGE(1.0),Average annual wages,I,TUR,Türkiye,WG,Wages,USD_PPP,"US dollars, PPP converted",A,Annual,Q,Constant prices,MEAN,Mean,_Z,Not applicable,1994,,24979.461,,2025,,A,Normal value,0,Units,0,Zero
DATAFLOW,OECD.ELS.SAE:DSD_EARNINGS@AV_AN_WAGE(1.0),Average annual wages,I,TUR,Türkiye,WG,Wages,USD_PPP,"US dollars, PPP converted",A,Annual,Q,Constant prices,MEAN,Mean,_Z,Not applicable,1995,,24979.461,,2025,,A,Normal value,0,Units,0,Zero
DATAFLOW,OECD.ELS.SAE:DSD_EARNINGS@AV_AN_WAGE(1.0),Average annual wages,I,TUR,Türkiye,WG,Wages,USD_PPP,"US dollars, PPP converted",A,Annual,Q,Constant prices,MEAN,Mean,_Z,Not applicable,1996,,24979.461,,2025,,A,Normal value,0,Units,0,Zero
DATAFLOW,OECD.ELS.SAE:DSD_EARNINGS@AV_AN_WAGE(1.0),Average annual wages,I,TUR,Türkiye,WG,Wages,USD_PPP,"US dollars, PPP converted",A,Annual,Q,Constant prices,MEAN,Mean,_Z,Not applicable,1997,,24979.461,,2025,,A,Normal value,0,Units,0,Zero
DATAFLOW,OECD.ELS.SAE:DSD_EARNINGS@AV_AN_WAGE(1.0),Average annual wages,I,TUR,Türkiye,WG,Wages,USD_PPP,"US dollars, PPP converted",A,Annual,Q,Constant prices,MEAN,Mean,_Z,Not applicable,1998,,24979.461,,2025,,A,Normal value,0,Units,0,Zero
DATAFLOW,OECD.ELS.SAE:DSD_EARNINGS@AV_AN_WAGE(1.0),Average annual wages,I,TUR,Türkiye,WG,Wages,USD_PPP,"US dollars, PPP converted",A,Annual,Q,Constant prices,MEAN,Mean,_Z,Not applicable,1999,,24979.461,,2025,,A,Normal value,0,Units,0,Zero
DATAFLOW,OECD.ELS.SAE:DSD_EARNINGS@AV_AN_WAGE(1.0),Average annual wages,I,TUR,Türkiye,WG,Wages,USD_PPP,"US dollars, PPP converted",A,Annual,Q,Constant prices,MEAN,Mean,_Z,Not applicable,2000,,24979.461,,2025,,A,Normal value,0,Units,0,Zero
DATAFLOW,OECD.ELS.SAE:DSD_EARNINGS@AV_AN_WAGE(1.0),Average annual wages,I,TUR,Türkiye,WG,Wages,USD_PPP,"US dollars, PPP converted",A,Annual,Q,Constant prices,MEAN,Mean,_Z,Not applicable,2001,,24979.461,,2025,,A,Normal value,0,Units,0,Zero
DATAFLOW,OECD.ELS.SAE:DSD_EARNINGS@AV_AN_WAGE(1.0),Average annual wages,I,TUR,Türkiye,WG,Wages,USD_PPP,"US dollars, PPP converted",A,Annual,Q,Constant prices,MEAN,Mean,_Z,Not applicable,2002,,24979.461,,2025,,A,Normal value,0,Units,0,Zero
DATAFLOW,OECD.ELS.SAE:DSD_EARNINGS@AV_AN_WAGE(1.0),Average annual wages,I,TUR,Türkiye,WG,Wages,USD_PPP,"US dollars, PPP converted",A,Annual,Q,Constant prices,MEAN,Mean,_Z,Not applicable,2003,,24979.461,,2025,,A,Normal value,0,Units,0,Zero
DATAFLOW,OECD.ELS.SAE:DSD_EARNINGS@AV_AN_WAGE(1.0),Average annual wages,I,TUR,Türkiye,WG,Wages,USD_PPP,"US dollars, PPP converted",A,Annual,Q,Constant prices,MEAN,Mean,_Z,Not applicable,2004,,24979.461,,2025,,A,Normal value,0,Units,0,Zero
DATAFLOW,OECD.ELS.SAE:DSD_EARNINGS@AV_AN_WAGE(1.0),Average annual wages,I,TUR,Türkiye,WG,Wages,USD_PPP,"US dollars, PPP converted",A,Annual,Q,Constant prices,MEAN,Mean,_Z,Not applicable,2005,,24979.461,,2025,,A,Normal value,0,Units,0,Zero
DATAFLOW,OECD.ELS.SAE:DSD_EARNINGS@AV_AN_WAGE(1.0),Average annual wages,I,TUR,Türkiye,WG,Wages,USD_PPP,"US dollars, PPP converted",A,Annual,Q,Constant prices,MEAN,Mean,_Z,Not applicable,2006,,24979.461,,2025,,A,Normal value,0,Units,0,Zero
DATAFLOW,OECD.ELS.SAE:DSD_EARNINGS@AV_AN_WAGE(1.0),Average annual wages,I,TUR,Türkiye,WG,Wages,USD_PPP,"US dollars, PPP converted",A,Annual,Q,Constant prices,MEAN,Mean,_Z,Not applicable,2007,,24979.461,,2025,,A,Normal value,0,Units,0,Zero
DATAFLOW,OECD.ELS.SAE:DSD_EARNINGS@AV_AN_WAGE(1.0),Average annual wages,I,TUR,Türkiye,WG,Wages,USD_PPP,"US dollars, PPP converted",A,Annual,Q,Constant prices,MEAN,Mean,_Z,Not applicable,2008,,24979.461,,2025,,A,Normal value,0,Units,0,Zero
DATAFLOW,OECD.ELS.SAE:DSD_EARNINGS@AV_AN_WAGE(1.0),Average annual wages,I,TUR,Türkiye,WG,Wages,USD_PPP,"US dollars, PPP converted",A,Annual,Q,Constant prices,MEAN,Mean,_Z,Not applicable,2009,,24979.461,,2025,,A,Normal value,0,Units,0,Zero
DATAFLOW,OECD.ELS.SAE:DSD_EARNINGS@AV_AN_WAGE(1.0),Average annual wages,I,TUR,Türkiye,WG,Wages,USD_PPP,"US dollars, PPP converted",A,Annual,Q,Constant prices,MEAN,Mean,_Z,Not applicable,2010,,25544.379,,2025,,A,Normal value,0,Units,0,Zero
DATAFLOW,OECD.ELS.SAE:DSD_EARNINGS@AV_AN_WAGE(1.0),Average annual wages,I,TUR,Türkiye,WG,Wages,USD_PPP,"US dollars, PPP converted",A,Annual,Q,Constant prices,MEAN,Mean,_Z,Not applicable,2011,,25931.154,,2025,,A,Normal value,0,Units,0,Zero
DATAFLOW,OECD.ELS.SAE:DSD_EARNINGS@AV_AN_WAGE(1.0),Average annual wages,I,TUR,Türkiye,WG,Wages,USD_PPP,"US dollars, PPP converted",A,Annual,Q,Constant prices,MEAN,Mean,_Z,Not applicable,2012,,26946.123,,2025,,A,Normal value,0,Units,0,Zero
DATAFLOW,OECD.ELS.SAE:DSD_EARNINGS@AV_AN_WAGE(1.0),Average annual wages,I,TUR,Türkiye,WG,Wages,USD_PPP,"US dollars, PPP converted",A,Annual,Q,Constant prices,MEAN,Mean,_Z,Not applicable,2013,,28202.341,,2025,,A,Normal value,0,Units,0,Zero
DATAFLOW,OECD.ELS.SAE:DSD_EARNINGS@AV_AN_WAGE(1.0),Average annual wages,I,TUR,Türkiye,WG,Wages,USD_PPP,"US dollars, PPP converted",A,Annual,Q,Constant prices,MEAN,Mean,_Z,Not applicable,2014,,29200.083,,2025,,A,Normal value,0,Units,0,Zero
DATAFLOW,OECD.ELS.SAE:DSD_EARNINGS@AV_AN_WAGE(1.0),Average annual wages,I,TUR,Türkiye,WG,Wages,USD_PPP,"US dollars, PPP converted",A,Annual,Q,Constant prices,MEAN,Mean,_Z,Not applicable,2015,,30432.453,,2025,,A,Normal value,0,Units,0,Zero
DATAFLOW,OECD.ELS.SAE:DSD_EARNINGS@AV_AN_WAGE(1.0),Average annual wages,I,TUR,Türkiye,WG,Wages,USD_PPP,"US dollars, PPP converted",A,Annual,Q,Constant prices,MEAN,Mean,_Z,Not applicable,2016,,33679.115,,2025,,A,Normal value,0,Units,0,Zero
DATAFLOW,OECD.ELS.SAE:DSD_EARNINGS@AV_AN_WAGE(1.0),Average annual wages,I,TUR,Türkiye,WG,Wages,USD_PPP,"US dollars, PPP converted",A,Annual,Q,Constant prices,MEAN,Mean,_Z,Not applicable,2017,,33063.678,,2025,,A,Normal value,0,Units,0,Zero
DATAFLOW,OECD.ELS.SAE:DSD_EARNINGS@AV_AN_WAGE(1.0),Average annual wages,I,TUR,Türkiye,WG,Wages,USD_PPP,"US dollars, PPP converted",A,Annual,Q,Constant prices,MEAN,Mean,_Z,Not applicable,2018,,33348.609,,2025,,A,Normal value,0,Units,0,Zero
DATAFLOW,OECD.ELS.SAE:DSD_EARNINGS@AV_AN_WAGE(1.0),Average annual wages,I,TUR,Türkiye,WG,Wages,USD_PPP,"US dollars, PPP converted",A,Annual,Q,Constant prices,MEAN,Mean,_Z,Not applicable,2019,,35569.343,,2025,,A,Normal value,0,Units,0,Zero
DATAFLOW,OECD.ELS.SAE:DSD_EARNINGS@AV_AN_WAGE(1.0),Average annual wages,I,TUR,Türkiye,WG,Wages,USD_PPP,"US dollars, PPP converted",A,Annual,Q,Constant prices,MEAN,Mean,_Z,Not applicable,2020,,35920.34,,2025,,A,Normal value,0,Units,0,Zero
DATAFLOW,OECD.ELS.SAE:DSD_EARNINGS@AV_AN_WAGE(1.0),Average annual wages,I,TUR,Türkiye,WG,Wages,USD_PPP,"US dollars, PPP converted",A,Annual,Q,Constant prices,MEAN,Mean,_Z,Not applicable,2021,,37396.006,,2025,,A,Normal value,0,Units,0,Zero
DATAFLOW,OECD.ELS.SAE:DSD_EARNINGS@AV_AN_WAGE(1.0),Average annual wages,I,TUR,Türkiye,WG,Wages,USD_PPP,"US dollars, PPP converted",A,Annual,Q,Constant prices,MEAN,Mean,_Z,Not applicable,2022,,36781.534,,2025,,A,Normal value,0,Units,0,Zero
DATAFLOW,OECD.ELS.SAE:DSD_EARNINGS@AV_AN_WAGE(1.0),Average annual wages,I,TUR,Türkiye,WG,Wages,USD_PPP,"US dollars, PPP converted",A,Annual,Q,Constant prices,MEAN,Mean,_Z,Not applicable,2023,,48123.806,,2025,,A,Normal value,0,Units,0,Zero
DATAFLOW,OECD.ELS.SAE:DSD_EARNINGS@AV_AN_WAGE(1.0),Average annual wages,I,TUR,Türkiye,WG,Wages,USD_PPP,"US dollars, PPP converted",A,Annual,Q,Constant prices,MEAN,Mean,_Z,Not applicable,2024,,57274.919,,2025,,A,Normal value,0,Units,0,Zero
DATAFLOW,OECD.ELS.SAE:DSD_EARNINGS@AV_AN_WAGE(1.0),Average annual wages,I,GBR,United Kingdom,WG,Wages,USD_PPP,"US dollars, PPP converted",A,Annual,Q,Constant prices,MEAN,Mean,_Z,Not applicable,1990,,45034.836,,2025,,A,Normal value,0,Units,0,Zero
DATAFLOW,OECD.ELS.SAE:DSD_EARNINGS@AV_AN_WAGE(1.0),Average annual wages,I,GBR,United Kingdom,WG,Wages,USD_PPP,"US dollars, PPP converted",A,Annual,Q,Constant prices,MEAN,Mean,_Z,Not applicable,1991,,45146.5,,2025,,A,Normal value,0,Units,0,Zero
DATAFLOW,OECD.ELS.SAE:DSD_EARNINGS@AV_AN_WAGE(1.0),Average annual wages,I,GBR,United Kingdom,WG,Wages,USD_PPP,"US dollars, PPP converted",A,Annual,Q,Constant prices,MEAN,Mean,_Z,Not applicable,1992,,46033.509,,2025,,A,Normal value,0,Units,0,Zero
DATAFLOW,OECD.ELS.SAE:DSD_EARNINGS@AV_AN_WAGE(1.0),Average annual wages,I,GBR,United Kingdom,WG,Wages,USD_PPP,"US dollars, PPP converted",A,Annual,Q,Constant prices,MEAN,Mean,_Z,Not applicable,1993,,46779.017,,2025,,A,Normal value,0,Units,0,Zero
DATAFLOW,OECD.ELS.SAE:DSD_EARNINGS@AV_AN_WAGE(1.0),Average annual wages,I,GBR,United Kingdom,WG,Wages,USD_PPP,"US dollars, PPP converted",A,Annual,Q,Constant prices,MEAN,Mean,_Z,Not applicable,1994,,47604.502,,2025,,A,Normal value,0,Units,0,Zero
DATAFLOW,OECD.ELS.SAE:DSD_EARNINGS@AV_AN_WAGE(1.0),Average annual wages,I,GBR,United Kingdom,WG,Wages,USD_PPP,"US dollars, PPP converted",A,Annual,Q,Constant prices,MEAN,Mean,_Z,Not applicable,1995,,47603.938,,2025,,A,Normal value,0,Units,0,Zero
DATAFLOW,OECD.ELS.SAE:DSD_EARNINGS@AV_AN_WAGE(1.0),Average annual wages,I,GBR,United Kingdom,WG,Wages,USD_PPP,"US dollars, PPP converted",A,Annual,Q,Constant prices,MEAN,Mean,_Z,Not applicable,1996,,47579.522,,2025,,A,Normal value,0,Units,0,Zero
DATAFLOW,OECD.ELS.SAE:DSD_EARNINGS@AV_AN_WAGE(1.0),Average annual wages,I,GBR,United Kingdom,WG,Wages,USD_PPP,"US dollars, PPP converted",A,Annual,Q,Constant prices,MEAN,Mean,_Z,Not applicable,1997,,49449.026,,2025,,A,Normal value,0,Units,0,Zero
DATAFLOW,OECD.ELS.SAE:DSD_EARNINGS@AV_AN_WAGE(1.0),Average annual wages,I,GBR,United Kingdom,WG,Wages,USD_PPP,"US dollars, PPP converted",A,Annual,Q,Constant prices,MEAN,Mean,_Z,Not applicable,1998,,50183.012,,2025,,A,Normal value,0,Units,0,Zero
DATAFLOW,OECD.ELS.SAE:DSD_EARNINGS@AV_AN_WAGE(1.0),Average annual wages,I,GBR,United Kingdom,WG,Wages,USD_PPP,"US dollars, PPP converted",A,Annual,Q,Constant prices,MEAN,Mean,_Z,Not applicable,1999,,52653.397,,2025,,A,Normal value,0,Units,0,Zero
DATAFLOW,OECD.ELS.SAE:DSD_EARNINGS@AV_AN_WAGE(1.0),Average annual wages,I,GBR,United Kingdom,WG,Wages,USD_PPP,"US dollars, PPP converted",A,Annual,Q,Constant prices,MEAN,Mean,_Z,Not applicable,2000,,55157.761,,2025,,A,Normal value,0,Units,0,Zero
DATAFLOW,OECD.ELS.SAE:DSD_EARNINGS@AV_AN_WAGE(1.0),Average annual wages,I,GBR,United Kingdom,WG,Wages,USD_PPP,"US dollars, PPP converted",A,Annual,Q,Constant prices,MEAN,Mean,_Z,Not applicable,2001,,57492.783,,2025,,A,Normal value,0,Units,0,Zero
DATAFLOW,OECD.ELS.SAE:DSD_EARNINGS@AV_AN_WAGE(1.0),Average annual wages,I,GBR,United Kingdom,WG,Wages,USD_PPP,"US dollars, PPP converted",A,Annual,Q,Constant prices,MEAN,Mean,_Z,Not applicable,2002,,58055.725,,2025,,A,Normal value,0,Units,0,Zero
DATAFLOW,OECD.ELS.SAE:DSD_EARNINGS@AV_AN_WAGE(1.0),Average annual wages,I,GBR,United Kingdom,WG,Wages,USD_PPP,"US dollars, PPP converted",A,Annual,Q,Constant prices,MEAN,Mean,_Z,Not applicable,2003,,59889.83,,2025,,A,Normal value,0,Units,0,Zero
DATAFLOW,OECD.ELS.SAE:DSD_EARNINGS@AV_AN_WAGE(1.0),Average annual wages,I,GBR,United Kingdom,WG,Wages,USD_PPP,"US dollars, PPP converted",A,Annual,Q,Constant prices,MEAN,Mean,_Z,Not applicable,2004,,61631.07,,2025,,A,Normal value,0,Units,0,Zero
DATAFLOW,OECD.ELS.SAE:DSD_EARNINGS@AV_AN_WAGE(1.0),Average annual wages,I,GBR,United Kingdom,WG,Wages,USD_PPP,"US dollars, PPP converted",A,Annual,Q,Constant prices,MEAN,Mean,_Z,Not applicable,2005,,62290.709,,2025,,A,Normal value,0,Units,0,Zero
DATAFLOW,OECD.ELS.SAE:DSD_EARNINGS@AV_AN_WAGE(1.0),Average annual wages,I,GBR,United Kingdom,WG,Wages,USD_PPP,"US dollars, PPP converted",A,Annual,Q,Constant prices,MEAN,Mean,_Z,Not applicable,2006,,63365.405,,2025,,A,Normal value,0,Units,0,Zero
DATAFLOW,OECD.ELS.SAE:DSD_EARNINGS@AV_AN_WAGE(1.0),Average annual wages,I,GBR,United Kingdom,WG,Wages,USD_PPP,"US dollars, PPP converted",A,Annual,Q,Constant prices,MEAN,Mean,_Z,Not applicable,2007,,66143.892,,2025,,A,Normal value,0,Units,0,Zero
DATAFLOW,OECD.ELS.SAE:DSD_EARNINGS@AV_AN_WAGE(1.0),Average annual wages,I,GBR,United Kingdom,WG,Wages,USD_PPP,"US dollars, PPP converted",A,Annual,Q,Constant prices,MEAN,Mean,_Z,Not applicable,2008,,64362.756,,2025,,A,Normal value,0,Units,0,Zero
DATAFLOW,OECD.ELS.SAE:DSD_EARNINGS@AV_AN_WAGE(1.0),Average annual wages,I,GBR,United Kingdom,WG,Wages,USD_PPP,"US dollars, PPP converted",A,Annual,Q,Constant prices,MEAN,Mean,_Z,Not applicable,2009,,64187.023,,2025,,A,Normal value,0,Units,0,Zero
DATAFLOW,OECD.ELS.SAE:DSD_EARNINGS@AV_AN_WAGE(1.0),Average annual wages,I,GBR,United Kingdom,WG,Wages,USD_PPP,"US dollars, PPP converted",A,Annual,Q,Constant prices,MEAN,Mean,_Z,Not applicable,2010,,64481.533,,2025,,A,Normal value,0,Units,0,Zero
DATAFLOW,OECD.ELS.SAE:DSD_EARNINGS@AV_AN_WAGE(1.0),Average annual wages,I,GBR,United Kingdom,WG,Wages,USD_PPP,"US dollars, PPP converted",A,Annual,Q,Constant prices,MEAN,Mean,_Z,Not applicable,2011,,63186.348,,2025,,A,Normal value,0,Units,0,Zero
DATAFLOW,OECD.ELS.SAE:DSD_EARNINGS@AV_AN_WAGE(1.0),Average annual wages,I,GBR,United Kingdom,WG,Wages,USD_PPP,"US dollars, PPP converted",A,Annual,Q,Constant prices,MEAN,Mean,_Z,Not applicable,2012,,62666.271,,2025,,A,Normal value,0,Units,0,Zero
DATAFLOW,OECD.ELS.SAE:DSD_EARNINGS@AV_AN_WAGE(1.0),Average annual wages,I,GBR,United Kingdom,WG,Wages,USD_PPP,"US dollars, PPP converted",A,Annual,Q,Constant prices,MEAN,Mean,_Z,Not applicable,2013,,63111.426,,2025,,A,Normal value,0,Units,0,Zero
DATAFLOW,OECD.ELS.SAE:DSD_EARNINGS@AV_AN_WAGE(1.0),Average annual wages,I,GBR,United Kingdom,WG,Wages,USD_PPP,"US dollars, PPP converted",A,Annual,Q,Constant prices,MEAN,Mean,_Z,Not applicable,2014,,63362.345,,2025,,A,Normal value,0,Units,0,Zero
DATAFLOW,OECD.ELS.SAE:DSD_EARNINGS@AV_AN_WAGE(1.0),Average annual wages,I,GBR,United Kingdom,WG,Wages,USD_PPP,"US dollars, PPP converted",A,Annual,Q,Constant prices,MEAN,Mean,_Z,Not applicable,2015,,64198.579,,2025,,A,Normal value,0,Units,0,Zero
DATAFLOW,OECD.ELS.SAE:DSD_EARNINGS@AV_AN_WAGE(1.0),Average annual wages,I,GBR,United Kingdom,WG,Wages,USD_PPP,"US dollars, PPP converted",A,Annual,Q,Constant prices,MEAN,Mean,_Z,Not applicable,2016,,65002.313,,2025,,A,Normal value,0,Units,0,Zero
DATAFLOW,OECD.ELS.SAE:DSD_EARNINGS@AV_AN_WAGE(1.0),Average annual wages,I,GBR,United Kingdom,WG,Wages,USD_PPP,"US dollars, PPP converted",A,Annual,Q,Constant prices,MEAN,Mean,_Z,Not applicable,2017,,65436.133,,2025,,A,Normal value,0,Units,0,Zero
DATAFLOW,OECD.ELS.SAE:DSD_EARNINGS@AV_AN_WAGE(1.0),Average annual wages,I,GBR,United Kingdom,WG,Wages,USD_PPP,"US dollars, PPP converted",A,Annual,Q,Constant prices,MEAN,Mean,_Z,Not applicable,2018,,65566.058,,2025,,A,Normal value,0,Units,0,Zero
DATAFLOW,OECD.ELS.SAE:DSD_EARNINGS@AV_AN_WAGE(1.0),Average annual wages,I,GBR,United Kingdom,WG,Wages,USD_PPP,"US dollars, PPP converted",A,Annual,Q,Constant prices,MEAN,Mean,_Z,Not applicable,2019,,66480.033,,2025,,A,Normal value,0,Units,0,Zero
DATAFLOW,OECD.ELS.SAE:DSD_EARNINGS@AV_AN_WAGE(1.0),Average annual wages,I,GBR,United Kingdom,WG,Wages,USD_PPP,"US dollars, PPP converted",A,Annual,Q,Constant prices,MEAN,Mean,_Z,Not applicable,2020,,65540.612,,2025,,A,Normal value,0,Units,0,Zero
DATAFLOW,OECD.ELS.SAE:DSD_EARNINGS@AV_AN_WAGE(1.0),Average annual wages,I,GBR,United Kingdom,WG,Wages,USD_PPP,"US dollars, PPP converted",A,Annual,Q,Constant prices,MEAN,Mean,_Z,Not applicable,2021,,66465.905,,2025,,A,Normal value,0,Units,0,Zero
DATAFLOW,OECD.ELS.SAE:DSD_EARNINGS@AV_AN_WAGE(1.0),Average annual wages,I,GBR,United Kingdom,WG,Wages,USD_PPP,"US dollars, PPP converted",A,Annual,Q,Constant prices,MEAN,Mean,_Z,Not applicable,2022,,65134.566,,2025,,A,Normal value,0,Units,0,Zero
DATAFLOW,OECD.ELS.SAE:DSD_EARNINGS@AV_AN_WAGE(1.0),Average annual wages,I,GBR,United Kingdom,WG,Wages,USD_PPP,"US dollars, PPP converted",A,Annual,Q,Constant prices,MEAN,Mean,_Z,Not applicable,2023,,64603.207,,2025,,A,Normal value,0,Units,0,Zero
DATAFLOW,OECD.ELS.SAE:DSD_EARNINGS@AV_AN_WAGE(1.0),Average annual wages,I,GBR,United Kingdom,WG,Wages,USD_PPP,"US dollars, PPP converted",A,Annual,Q,Constant prices,MEAN,Mean,_Z,Not applicable,2024,,65842.034,,2025,,A,Normal value,0,Units,0,Zero
DATAFLOW,OECD.ELS.SAE:DSD_EARNINGS@AV_AN_WAGE(1.0),Average annual wages,I,GBR,United Kingdom,WG,Wages,USD_PPP,"US dollars, PPP converted",A,Annual,Q,Constant prices,MEAN,Mean,_Z,Not applicable,2025,,66299.139,,2025,,A,Normal value,0,Units,0,Zero
DATAFLOW,OECD.ELS.SAE:DSD_EARNINGS@AV_AN_WAGE(1.0),Average annual wages,I,USA,United States,WG,Wages,USD_PPP,"US dollars, PPP converted",A,Annual,Q,Constant prices,MEAN,Mean,_Z,Not applicable,1990,,56693.84,,2025,,A,Normal value,0,Units,0,Zero
DATAFLOW,OECD.ELS.SAE:DSD_EARNINGS@AV_AN_WAGE(1.0),Average annual wages,I,USA,United States,WG,Wages,USD_PPP,"US dollars, PPP converted",A,Annual,Q,Constant prices,MEAN,Mean,_Z,Not applicable,1991,,57079.114,,2025,,A,Normal value,0,Units,0,Zero
DATAFLOW,OECD.ELS.SAE:DSD_EARNINGS@AV_AN_WAGE(1.0),Average annual wages,I,USA,United States,WG,Wages,USD_PPP,"US dollars, PPP converted",A,Annual,Q,Constant prices,MEAN,Mean,_Z,Not applicable,1992,,58402.045,,2025,,A,Normal value,0,Units,0,Zero
DATAFLOW,OECD.ELS.SAE:DSD_EARNINGS@AV_AN_WAGE(1.0),Average annual wages,I,USA,United States,WG,Wages,USD_PPP,"US dollars, PPP converted",A,Annual,Q,Constant prices,MEAN,Mean,_Z,Not applicable,1993,,58072.974,,2025,,A,Normal value,0,Units,0,Zero
DATAFLOW,OECD.ELS.SAE:DSD_EARNINGS@AV_AN_WAGE(1.0),Average annual wages,I,USA,United States,WG,Wages,USD_PPP,"US dollars, PPP converted",A,Annual,Q,Constant prices,MEAN,Mean,_Z,Not applicable,1994,,57850.978,,2025,,A,Normal value,0,Units,0,Zero
DATAFLOW,OECD.ELS.SAE:DSD_EARNINGS@AV_AN_WAGE(1.0),Average annual wages,I,USA,United States,WG,Wages,USD_PPP,"US dollars, PPP converted",A,Annual,Q,Constant prices,MEAN,Mean,_Z,Not applicable,1995,,58178.952,,2025,,A,Normal value,0,Units,0,Zero
DATAFLOW,OECD.ELS.SAE:DSD_EARNINGS@AV_AN_WAGE(1.0),Average annual wages,I,USA,United States,WG,Wages,USD_PPP,"US dollars, PPP converted",A,Annual,Q,Constant prices,MEAN,Mean,_Z,Not applicable,1996,,59029.74,,2025,,A,Normal value,0,Units,0,Zero
DATAFLOW,OECD.ELS.SAE:DSD_EARNINGS@AV_AN_WAGE(1.0),Average annual wages,I,USA,United States,WG,Wages,USD_PPP,"US dollars, PPP converted",A,Annual,Q,Constant prices,MEAN,Mean,_Z,Not applicable,1997,,60503.818,,2025,,A,Normal value,0,Units,0,Zero
DATAFLOW,OECD.ELS.SAE:DSD_EARNINGS@AV_AN_WAGE(1.0),Average annual wages,I,USA,United States,WG,Wages,USD_PPP,"US dollars, PPP converted",A,Annual,Q,Constant prices,MEAN,Mean,_Z,Not applicable,1998,,62995.918,,2025,,A,Normal value,0,Units,0,Zero
DATAFLOW,OECD.ELS.SAE:DSD_EARNINGS@AV_AN_WAGE(1.0),Average annual wages,I,USA,United States,WG,Wages,USD_PPP,"US dollars, PPP converted",A,Annual,Q,Constant prices,MEAN,Mean,_Z,Not applicable,1999,,64655.638,,2025,,A,Normal value,0,Units,0,Zero
DATAFLOW,OECD.ELS.SAE:DSD_EARNINGS@AV_AN_WAGE(1.0),Average annual wages,I,USA,United States,WG,Wages,USD_PPP,"US dollars, PPP converted",A,Annual,Q,Constant prices,MEAN,Mean,_Z,Not applicable,2000,,66814.976,,2025,,A,Normal value,0,Units,0,Zero
DATAFLOW,OECD.ELS.SAE:DSD_EARNINGS@AV_AN_WAGE(1.0),Average annual wages,I,USA,United States,WG,Wages,USD_PPP,"US dollars, PPP converted",A,Annual,Q,Constant prices,MEAN,Mean,_Z,Not applicable,2001,,67327.695,,2025,,A,Normal value,0,Units,0,Zero
DATAFLOW,OECD.ELS.SAE:DSD_EARNINGS@AV_AN_WAGE(1.0),Average annual wages,I,USA,United States,WG,Wages,USD_PPP,"US dollars, PPP converted",A,Annual,Q,Constant prices,MEAN,Mean,_Z,Not applicable,2002,,67869.729,,2025,,A,Normal value,0,Units,0,Zero
DATAFLOW,OECD.ELS.SAE:DSD_EARNINGS@AV_AN_WAGE(1.0),Average annual wages,I,USA,United States,WG,Wages,USD_PPP,"US dollars, PPP converted",A,Annual,Q,Constant prices,MEAN,Mean,_Z,Not applicable,2003,,68599.782,,2025,,A,Normal value,0,Units,0,Zero
DATAFLOW,OECD.ELS.SAE:DSD_EARNINGS@AV_AN_WAGE(1.0),Average annual wages,I,USA,United States,WG,Wages,USD_PPP,"US dollars, PPP converted",A,Annual,Q,Constant prices,MEAN,Mean,_Z,Not applicable,2004,,69870.143,,2025,,A,Normal value,0,Units,0,Zero
DATAFLOW,OECD.ELS.SAE:DSD_EARNINGS@AV_AN_WAGE(1.0),Average annual wages,I,USA,United States,WG,Wages,USD_PPP,"US dollars, PPP converted",A,Annual,Q,Constant prices,MEAN,Mean,_Z,Not applicable,2005,,69934.855,,2025,,A,Normal value,0,Units,0,Zero
DATAFLOW,OECD.ELS.SAE:DSD_EARNINGS@AV_AN_WAGE(1.0),Average annual wages,I,USA,United States,WG,Wages,USD_PPP,"US dollars, PPP converted",A,Annual,Q,Constant prices,MEAN,Mean,_Z,Not applicable,2006,,70982.433,,2025,,A,Normal value,0,Units,0,Zero
DATAFLOW,OECD.ELS.SAE:DSD_EARNINGS@AV_AN_WAGE(1.0),Average annual wages,I,USA,United States,WG,Wages,USD_PPP,"US dollars, PPP converted",A,Annual,Q,Constant prices,MEAN,Mean,_Z,Not applicable,2007,,72325.838,,2025,,A,Normal value,0,Units,0,Zero
DATAFLOW,OECD.ELS.SAE:DSD_EARNINGS@AV_AN_WAGE(1.0),Average annual wages,I,USA,United States,WG,Wages,USD_PPP,"US dollars, PPP converted",A,Annual,Q,Constant prices,MEAN,Mean,_Z,Not applicable,2008,,72147.054,,2025,,A,Normal value,0,Units,0,Zero
DATAFLOW,OECD.ELS.SAE:DSD_EARNINGS@AV_AN_WAGE(1.0),Average annual wages,I,USA,United States,WG,Wages,USD_PPP,"US dollars, PPP converted",A,Annual,Q,Constant prices,MEAN,Mean,_Z,Not applicable,2009,,72870.344,,2025,,A,Normal value,0,Units,0,Zero
DATAFLOW,OECD.ELS.SAE:DSD_EARNINGS@AV_AN_WAGE(1.0),Average annual wages,I,USA,United States,WG,Wages,USD_PPP,"US dollars, PPP converted",A,Annual,Q,Constant prices,MEAN,Mean,_Z,Not applicable,2010,,73515.229,,2025,,A,Normal value,0,Units,0,Zero
DATAFLOW,OECD.ELS.SAE:DSD_EARNINGS@AV_AN_WAGE(1.0),Average annual wages,I,USA,United States,WG,Wages,USD_PPP,"US dollars, PPP converted",A,Annual,Q,Constant prices,MEAN,Mean,_Z,Not applicable,2011,,73616.952,,2025,,A,Normal value,0,Units,0,Zero
DATAFLOW,OECD.ELS.SAE:DSD_EARNINGS@AV_AN_WAGE(1.0),Average annual wages,I,USA,United States,WG,Wages,USD_PPP,"US dollars, PPP converted",A,Annual,Q,Constant prices,MEAN,Mean,_Z,Not applicable,2012,,74243.084,,2025,,A,Normal value,0,Units,0,Zero
DATAFLOW,OECD.ELS.SAE:DSD_EARNINGS@AV_AN_WAGE(1.0),Average annual wages,I,USA,United States,WG,Wages,USD_PPP,"US dollars, PPP converted",A,Annual,Q,Constant prices,MEAN,Mean,_Z,Not applicable,2013,,73913.11,,2025,,A,Normal value,0,Units,0,Zero
DATAFLOW,OECD.ELS.SAE:DSD_EARNINGS@AV_AN_WAGE(1.0),Average annual wages,I,USA,United States,WG,Wages,USD_PPP,"US dollars, PPP converted",A,Annual,Q,Constant prices,MEAN,Mean,_Z,Not applicable,2014,,75074.762,,2025,,A,Normal value,0,Units,0,Zero
DATAFLOW,OECD.ELS.SAE:DSD_EARNINGS@AV_AN_WAGE(1.0),Average annual wages,I,USA,United States,WG,Wages,USD_PPP,"US dollars, PPP converted",A,Annual,Q,Constant prices,MEAN,Mean,_Z,Not applicable,2015,,76999.191,,2025,,A,Normal value,0,Units,0,Zero
DATAFLOW,OECD.ELS.SAE:DSD_EARNINGS@AV_AN_WAGE(1.0),Average annual wages,I,USA,United States,WG,Wages,USD_PPP,"US dollars, PPP converted",A,Annual,Q,Constant prices,MEAN,Mean,_Z,Not applicable,2016,,77129.241,,2025,,A,Normal value,0,Units,0,Zero
DATAFLOW,OECD.ELS.SAE:DSD_EARNINGS@AV_AN_WAGE(1.0),Average annual wages,I,USA,United States,WG,Wages,USD_PPP,"US dollars, PPP converted",A,Annual,Q,Constant prices,MEAN,Mean,_Z,Not applicable,2017,,77970.611,,2025,,A,Normal value,0,Units,0,Zero
DATAFLOW,OECD.ELS.SAE:DSD_EARNINGS@AV_AN_WAGE(1.0),Average annual wages,I,USA,United States,WG,Wages,USD_PPP,"US dollars, PPP converted",A,Annual,Q,Constant prices,MEAN,Mean,_Z,Not applicable,2018,,78892.594,,2025,,A,Normal value,0,Units,0,Zero
DATAFLOW,OECD.ELS.SAE:DSD_EARNINGS@AV_AN_WAGE(1.0),Average annual wages,I,USA,United States,WG,Wages,USD_PPP,"US dollars, PPP converted",A,Annual,Q,Constant prices,MEAN,Mean,_Z,Not applicable,2019,,80317.647,,2025,,A,Normal value,0,Units,0,Zero
DATAFLOW,OECD.ELS.SAE:DSD_EARNINGS@AV_AN_WAGE(1.0),Average annual wages,I,USA,United States,WG,Wages,USD_PPP,"US dollars, PPP converted",A,Annual,Q,Constant prices,MEAN,Mean,_Z,Not applicable,2020,,85170.596,,2025,,A,Normal value,0,Units,0,Zero
DATAFLOW,OECD.ELS.SAE:DSD_EARNINGS@AV_AN_WAGE(1.0),Average annual wages,I,USA,United States,WG,Wages,USD_PPP,"US dollars, PPP converted",A,Annual,Q,Constant prices,MEAN,Mean,_Z,Not applicable,2021,,86695.78,,2025,,A,Normal value,0,Units,0,Zero
DATAFLOW,OECD.ELS.SAE:DSD_EARNINGS@AV_AN_WAGE(1.0),Average annual wages,I,USA,United States,WG,Wages,USD_PPP,"US dollars, PPP converted",A,Annual,Q,Constant prices,MEAN,Mean,_Z,Not applicable,2022,,84214.966,,2025,,A,Normal value,0,Units,0,Zero
DATAFLOW,OECD.ELS.SAE:DSD_EARNINGS@AV_AN_WAGE(1.0),Average annual wages,I,USA,United States,WG,Wages,USD_PPP,"US dollars, PPP converted",A,Annual,Q,Constant prices,MEAN,Mean,_Z,Not applicable,2023,,83866.258,,2025,,A,Normal value,0,Units,0,Zero
DATAFLOW,OECD.ELS.SAE:DSD_EARNINGS@AV_AN_WAGE(1.0),Average annual wages,I,USA,United States,WG,Wages,USD_PPP,"US dollars, PPP converted",A,Annual,Q,Constant prices,MEAN,Mean,_Z,Not applicable,2024,,85546.027,,2025,,A,Normal value,0,Units,0,Zero
DATAFLOW,OECD.ELS.SAE:DSD_EARNINGS@AV_AN_WAGE(1.0),Average annual wages,I,USA,United States,WG,Wages,USD_PPP,"US dollars, PPP converted",A,Annual,Q,Constant prices,MEAN,Mean,_Z,Not applicable,2025,,86977.138,,2025,,A,Normal value,0,Units,0,Zero
DATAFLOW,OECD.ELS.SAE:DSD_EARNINGS@AV_AN_WAGE(1.0),Average annual wages,I,OECD,OECD,WG,Wages,USD_PPP,"US dollars, PPP converted",A,Annual,Q,Constant prices,MEAN,Mean,_Z,Not applicable,1990,,47527.754,,2025,,A,Normal value,0,Units,0,Zero
DATAFLOW,OECD.ELS.SAE:DSD_EARNINGS@AV_AN_WAGE(1.0),Average annual wages,I,OECD,OECD,WG,Wages,USD_PPP,"US dollars, PPP converted",A,Annual,Q,Constant prices,MEAN,Mean,_Z,Not applicable,1991,,47892.041,,2025,,A,Normal value,0,Units,0,Zero
DATAFLOW,OECD.ELS.SAE:DSD_EARNINGS@AV_AN_WAGE(1.0),Average annual wages,I,OECD,OECD,WG,Wages,USD_PPP,"US dollars, PPP converted",A,Annual,Q,Constant prices,MEAN,Mean,_Z,Not applicable,1992,,48841.487,,2025,,A,Normal value,0,Units,0,Zero
DATAFLOW,OECD.ELS.SAE:DSD_EARNINGS@AV_AN_WAGE(1.0),Average annual wages,I,OECD,OECD,WG,Wages,USD_PPP,"US dollars, PPP converted",A,Annual,Q,Constant prices,MEAN,Mean,_Z,Not applicable,1993,,48947.641,,2025,,A,Normal value,0,Units,0,Zero
DATAFLOW,OECD.ELS.SAE:DSD_EARNINGS@AV_AN_WAGE(1.0),Average annual wages,I,OECD,OECD,WG,Wages,USD_PPP,"US dollars, PPP converted",A,Annual,Q,Constant prices,MEAN,Mean,_Z,Not applicable,1994,,49098.253,,2025,,A,Normal value,0,Units,0,Zero
DATAFLOW,OECD.ELS.SAE:DSD_EARNINGS@AV_AN_WAGE(1.0),Average annual wages,I,OECD,OECD,WG,Wages,USD_PPP,"US dollars, PPP converted",A,Annual,Q,Constant prices,MEAN,Mean,_Z,Not applicable,1995,,49244.641,,2025,,A,Normal value,0,Units,0,Zero
DATAFLOW,OECD.ELS.SAE:DSD_EARNINGS@AV_AN_WAGE(1.0),Average annual wages,I,OECD,OECD,WG,Wages,USD_PPP,"US dollars, PPP converted",A,Annual,Q,Constant prices,MEAN,Mean,_Z,Not applicable,1996,,49735.88,,2025,,A,Normal value,0,Units,0,Zero
DATAFLOW,OECD.ELS.SAE:DSD_EARNINGS@AV_AN_WAGE(1.0),Average annual wages,I,OECD,OECD,WG,Wages,USD_PPP,"US dollars, PPP converted",A,Annual,Q,Constant prices,MEAN,Mean,_Z,Not applicable,1997,,50594.328,,2025,,A,Normal value,0,Units,0,Zero
DATAFLOW,OECD.ELS.SAE:DSD_EARNINGS@AV_AN_WAGE(1.0),Average annual wages,I,OECD,OECD,WG,Wages,USD_PPP,"US dollars, PPP converted",A,Annual,Q,Constant prices,MEAN,Mean,_Z,Not applicable,1998,,51539.613,,2025,,A,Normal value,0,Units,0,Zero
DATAFLOW,OECD.ELS.SAE:DSD_EARNINGS@AV_AN_WAGE(1.0),Average annual wages,I,OECD,OECD,WG,Wages,USD_PPP,"US dollars, PPP converted",A,Annual,Q,Constant prices,MEAN,Mean,_Z,Not applicable,1999,,52654.523,,2025,,A,Normal value,0,Units,0,Zero
DATAFLOW,OECD.ELS.SAE:DSD_EARNINGS@AV_AN_WAGE(1.0),Average annual wages,I,OECD,OECD,WG,Wages,USD_PPP,"US dollars, PPP converted",A,Annual,Q,Constant prices,MEAN,Mean,_Z,Not applicable,2000,,53712.716,,2025,,A,Normal value,0,Units,0,Zero
DATAFLOW,OECD.ELS.SAE:DSD_EARNINGS@AV_AN_WAGE(1.0),Average annual wages,I,OECD,OECD,WG,Wages,USD_PPP,"US dollars, PPP converted",A,Annual,Q,Constant prices,MEAN,Mean,_Z,Not applicable,2001,,54305.586,,2025,,A,Normal value,0,Units,0,Zero
DATAFLOW,OECD.ELS.SAE:DSD_EARNINGS@AV_AN_WAGE(1.0),Average annual wages,I,OECD,OECD,WG,Wages,USD_PPP,"US dollars, PPP converted",A,Annual,Q,Constant prices,MEAN,Mean,_Z,Not applicable,2002,,54505.768,,2025,,A,Normal value,0,Units,0,Zero
DATAFLOW,OECD.ELS.SAE:DSD_EARNINGS@AV_AN_WAGE(1.0),Average annual wages,I,OECD,OECD,WG,Wages,USD_PPP,"US dollars, PPP converted",A,Annual,Q,Constant prices,MEAN,Mean,_Z,Not applicable,2003,,54943.653,,2025,,A,Normal value,0,Units,0,Zero
DATAFLOW,OECD.ELS.SAE:DSD_EARNINGS@AV_AN_WAGE(1.0),Average annual wages,I,OECD,OECD,WG,Wages,USD_PPP,"US dollars, PPP converted",A,Annual,Q,Constant prices,MEAN,Mean,_Z,Not applicable,2004,,55656.704,,2025,,A,Normal value,0,Units,0,Zero
DATAFLOW,OECD.ELS.SAE:DSD_EARNINGS@AV_AN_WAGE(1.0),Average annual wages,I,OECD,OECD,WG,Wages,USD_PPP,"US dollars, PPP converted",A,Annual,Q,Constant prices,MEAN,Mean,_Z,Not applicable,2005,,55885.934,,2025,,A,Normal value,0,Units,0,Zero
DATAFLOW,OECD.ELS.SAE:DSD_EARNINGS@AV_AN_WAGE(1.0),Average annual wages,I,OECD,OECD,WG,Wages,USD_PPP,"US dollars, PPP converted",A,Annual,Q,Constant prices,MEAN,Mean,_Z,Not applicable,2006,,56372.514,,2025,,A,Normal value,0,Units,0,Zero
DATAFLOW,OECD.ELS.SAE:DSD_EARNINGS@AV_AN_WAGE(1.0),Average annual wages,I,OECD,OECD,WG,Wages,USD_PPP,"US dollars, PPP converted",A,Annual,Q,Constant prices,MEAN,Mean,_Z,Not applicable,2007,,57083.96,,2025,,A,Normal value,0,Units,0,Zero
DATAFLOW,OECD.ELS.SAE:DSD_EARNINGS@AV_AN_WAGE(1.0),Average annual wages,I,OECD,OECD,WG,Wages,USD_PPP,"US dollars, PPP converted",A,Annual,Q,Constant prices,MEAN,Mean,_Z,Not applicable,2008,,57063.131,,2025,,A,Normal value,0,Units,0,Zero
DATAFLOW,OECD.ELS.SAE:DSD_EARNINGS@AV_AN_WAGE(1.0),Average annual wages,I,OECD,OECD,WG,Wages,USD_PPP,"US dollars, PPP converted",A,Annual,Q,Constant prices,MEAN,Mean,_Z,Not applicable,2009,,57394.187,,2025,,A,Normal value,0,Units,0,Zero
DATAFLOW,OECD.ELS.SAE:DSD_EARNINGS@AV_AN_WAGE(1.0),Average annual wages,I,OECD,OECD,WG,Wages,USD_PPP,"US dollars, PPP converted",A,Annual,Q,Constant prices,MEAN,Mean,_Z,Not applicable,2010,,57672.079,,2025,,A,Normal value,0,Units,0,Zero
DATAFLOW,OECD.ELS.SAE:DSD_EARNINGS@AV_AN_WAGE(1.0),Average annual wages,I,OECD,OECD,WG,Wages,USD_PPP,"US dollars, PPP converted",A,Annual,Q,Constant prices,MEAN,Mean,_Z,Not applicable,2011,,57765.884,,2025,,A,Normal value,0,Units,0,Zero
DATAFLOW,OECD.ELS.SAE:DSD_EARNINGS@AV_AN_WAGE(1.0),Average annual wages,I,OECD,OECD,WG,Wages,USD_PPP,"US dollars, PPP converted",A,Annual,Q,Constant prices,MEAN,Mean,_Z,Not applicable,2012,,57833.966,,2025,,A,Normal value,0,Units,0,Zero
DATAFLOW,OECD.ELS.SAE:DSD_EARNINGS@AV_AN_WAGE(1.0),Average annual wages,I,OECD,OECD,WG,Wages,USD_PPP,"US dollars, PPP converted",A,Annual,Q,Constant prices,MEAN,Mean,_Z,Not applicable,2013,,58030.81,,2025,,A,Normal value,0,Units,0,Zero
DATAFLOW,OECD.ELS.SAE:DSD_EARNINGS@AV_AN_WAGE(1.0),Average annual wages,I,OECD,OECD,WG,Wages,USD_PPP,"US dollars, PPP converted",A,Annual,Q,Constant prices,MEAN,Mean,_Z,Not applicable,2014,,58469.901,,2025,,A,Normal value,0,Units,0,Zero
DATAFLOW,OECD.ELS.SAE:DSD_EARNINGS@AV_AN_WAGE(1.0),Average annual wages,I,OECD,OECD,WG,Wages,USD_PPP,"US dollars, PPP converted",A,Annual,Q,Constant prices,MEAN,Mean,_Z,Not applicable,2015,,59399.309,,2025,,A,Normal value,0,Units,0,Zero
DATAFLOW,OECD.ELS.SAE:DSD_EARNINGS@AV_AN_WAGE(1.0),Average annual wages,I,OECD,OECD,WG,Wages,USD_PPP,"US dollars, PPP converted",A,Annual,Q,Constant prices,MEAN,Mean,_Z,Not applicable,2016,,59825.24,,2025,,A,Normal value,0,Units,0,Zero
DATAFLOW,OECD.ELS.SAE:DSD_EARNINGS@AV_AN_WAGE(1.0),Average annual wages,I,OECD,OECD,WG,Wages,USD_PPP,"US dollars, PPP converted",A,Annual,Q,Constant prices,MEAN,Mean,_Z,Not applicable,2017,,60202.262,,2025,,A,Normal value,0,Units,0,Zero
DATAFLOW,OECD.ELS.SAE:DSD_EARNINGS@AV_AN_WAGE(1.0),Average annual wages,I,OECD,OECD,WG,Wages,USD_PPP,"US dollars, PPP converted",A,Annual,Q,Constant prices,MEAN,Mean,_Z,Not applicable,2018,,60764.206,,2025,,A,Normal value,0,Units,0,Zero
DATAFLOW,OECD.ELS.SAE:DSD_EARNINGS@AV_AN_WAGE(1.0),Average annual wages,I,OECD,OECD,WG,Wages,USD_PPP,"US dollars, PPP converted",A,Annual,Q,Constant prices,MEAN,Mean,_Z,Not applicable,2019,,61742.654,,2025,,A,Normal value,0,Units,0,Zero
DATAFLOW,OECD.ELS.SAE:DSD_EARNINGS@AV_AN_WAGE(1.0),Average annual wages,I,OECD,OECD,WG,Wages,USD_PPP,"US dollars, PPP converted",A,Annual,Q,Constant prices,MEAN,Mean,_Z,Not applicable,2020,,62945.698,,2025,,A,Normal value,0,Units,0,Zero
DATAFLOW,OECD.ELS.SAE:DSD_EARNINGS@AV_AN_WAGE(1.0),Average annual wages,I,OECD,OECD,WG,Wages,USD_PPP,"US dollars, PPP converted",A,Annual,Q,Constant prices,MEAN,Mean,_Z,Not applicable,2021,,63804.14,,2025,,A,Normal value,0,Units,0,Zero
DATAFLOW,OECD.ELS.SAE:DSD_EARNINGS@AV_AN_WAGE(1.0),Average annual wages,I,OECD,OECD,WG,Wages,USD_PPP,"US dollars, PPP converted",A,Annual,Q,Constant prices,MEAN,Mean,_Z,Not applicable,2022,,62370.771,,2025,,A,Normal value,0,Units,0,Zero
DATAFLOW,OECD.ELS.SAE:DSD_EARNINGS@AV_AN_WAGE(1.0),Average annual wages,I,OECD,OECD,WG,Wages,USD_PPP,"US dollars, PPP converted",A,Annual,Q,Constant prices,MEAN,Mean,_Z,Not applicable,2023,,62528.774,,2025,,A,Normal value,0,Units,0,Zero
DATAFLOW,OECD.ELS.SAE:DSD_EARNINGS@AV_AN_WAGE(1.0),Average annual wages,I,OECD,OECD,WG,Wages,USD_PPP,"US dollars, PPP converted",A,Annual,Q,Constant prices,MEAN,Mean,_Z,Not applicable,2024,,64045.717,,2025,,A,Normal value,0,Units,0,Zero
DATAFLOW,OECD.ELS.SAE:DSD_EARNINGS@AV_AN_WAGE(1.0),Average annual wages,I,OECD,OECD,WG,Wages,USD_PPP,"US dollars, PPP converted",A,Annual,Q,Constant prices,MEAN,Mean,_Z,Not applicable,2025,,64809.124,,2025,,A,Normal value,0,Units,0,Zero
DATAFLOW,OECD.ELS.SAE:DSD_EARNINGS@AV_AN_WAGE(1.0),Average annual wages,I,AUT,Austria,WG,Wages,EUR,Euro,A,Annual,Q,Constant prices,MEAN,Mean,_Z,Not applicable,1990,,44978.274,,2025,,A,Normal value,0,Units,0,Zero
DATAFLOW,OECD.ELS.SAE:DSD_EARNINGS@AV_AN_WAGE(1.0),Average annual wages,I,AUT,Austria,WG,Wages,EUR,Euro,A,Annual,Q,Constant prices,MEAN,Mean,_Z,Not applicable,1991,,46384.231,,2025,,A,Normal value,0,Units,0,Zero
DATAFLOW,OECD.ELS.SAE:DSD_EARNINGS@AV_AN_WAGE(1.0),Average annual wages,I,AUT,Austria,WG,Wages,EUR,Euro,A,Annual,Q,Constant prices,MEAN,Mean,_Z,Not applicable,1992,,47318.704,,2025,,A,Normal value,0,Units,0,Zero
DATAFLOW,OECD.ELS.SAE:DSD_EARNINGS@AV_AN_WAGE(1.0),Average annual wages,I,AUT,Austria,WG,Wages,EUR,Euro,A,Annual,Q,Constant prices,MEAN,Mean,_Z,Not applicable,1993,,47704.507,,2025,,A,Normal value,0,Units,0,Zero
DATAFLOW,OECD.ELS.SAE:DSD_EARNINGS@AV_AN_WAGE(1.0),Average annual wages,I,AUT,Austria,WG,Wages,EUR,Euro,A,Annual,Q,Constant prices,MEAN,Mean,_Z,Not applicable,1994,,48185.144,,2025,,A,Normal value,0,Units,0,Zero
DATAFLOW,OECD.ELS.SAE:DSD_EARNINGS@AV_AN_WAGE(1.0),Average annual wages,I,AUT,Austria,WG,Wages,EUR,Euro,A,Annual,Q,Constant prices,MEAN,Mean,_Z,Not applicable,1995,,48573.33,,2025,,A,Normal value,0,Units,0,Zero
DATAFLOW,OECD.ELS.SAE:DSD_EARNINGS@AV_AN_WAGE(1.0),Average annual wages,I,AUT,Austria,WG,Wages,EUR,Euro,A,Annual,Q,Constant prices,MEAN,Mean,_Z,Not applicable,1996,,48320.962,,2025,,A,Normal value,0,Units,0,Zero
DATAFLOW,OECD.ELS.SAE:DSD_EARNINGS@AV_AN_WAGE(1.0),Average annual wages,I,AUT,Austria,WG,Wages,EUR,Euro,A,Annual,Q,Constant prices,MEAN,Mean,_Z,Not applicable,1997,,47909.815,,2025,,A,Normal value,0,Units,0,Zero
DATAFLOW,OECD.ELS.SAE:DSD_EARNINGS@AV_AN_WAGE(1.0),Average annual wages,I,AUT,Austria,WG,Wages,EUR,Euro,A,Annual,Q,Constant prices,MEAN,Mean,_Z,Not applicable,1998,,49487.559,,2025,,A,Normal value,0,Units,0,Zero
DATAFLOW,OECD.ELS.SAE:DSD_EARNINGS@AV_AN_WAGE(1.0),Average annual wages,I,AUT,Austria,WG,Wages,EUR,Euro,A,Annual,Q,Constant prices,MEAN,Mean,_Z,Not applicable,1999,,50656.55,,2025,,A,Normal value,0,Units,0,Zero
DATAFLOW,OECD.ELS.SAE:DSD_EARNINGS@AV_AN_WAGE(1.0),Average annual wages,I,AUT,Austria,WG,Wages,EUR,Euro,A,Annual,Q,Constant prices,MEAN,Mean,_Z,Not applicable,2000,,50802.591,,2025,,A,Normal value,0,Units,0,Zero
DATAFLOW,OECD.ELS.SAE:DSD_EARNINGS@AV_AN_WAGE(1.0),Average annual wages,I,AUT,Austria,WG,Wages,EUR,Euro,A,Annual,Q,Constant prices,MEAN,Mean,_Z,Not applicable,2001,,50631.156,,2025,,A,Normal value,0,Units,0,Zero
DATAFLOW,OECD.ELS.SAE:DSD_EARNINGS@AV_AN_WAGE(1.0),Average annual wages,I,AUT,Austria,WG,Wages,EUR,Euro,A,Annual,Q,Constant prices,MEAN,Mean,_Z,Not applicable,2002,,51384.24,,2025,,A,Normal value,0,Units,0,Zero
DATAFLOW,OECD.ELS.SAE:DSD_EARNINGS@AV_AN_WAGE(1.0),Average annual wages,I,AUT,Austria,WG,Wages,EUR,Euro,A,Annual,Q,Constant prices,MEAN,Mean,_Z,Not applicable,2003,,51523.747,,2025,,A,Normal value,0,Units,0,Zero
DATAFLOW,OECD.ELS.SAE:DSD_EARNINGS@AV_AN_WAGE(1.0),Average annual wages,I,AUT,Austria,WG,Wages,EUR,Euro,A,Annual,Q,Constant prices,MEAN,Mean,_Z,Not applicable,2004,,52506.418,,2025,,A,Normal value,0,Units,0,Zero
DATAFLOW,OECD.ELS.SAE:DSD_EARNINGS@AV_AN_WAGE(1.0),Average annual wages,I,AUT,Austria,WG,Wages,EUR,Euro,A,Annual,Q,Constant prices,MEAN,Mean,_Z,Not applicable,2005,,52772.734,,2025,,A,Normal value,0,Units,0,Zero
DATAFLOW,OECD.ELS.SAE:DSD_EARNINGS@AV_AN_WAGE(1.0),Average annual wages,I,AUT,Austria,WG,Wages,EUR,Euro,A,Annual,Q,Constant prices,MEAN,Mean,_Z,Not applicable,2006,,53503.704,,2025,,A,Normal value,0,Units,0,Zero
DATAFLOW,OECD.ELS.SAE:DSD_EARNINGS@AV_AN_WAGE(1.0),Average annual wages,I,AUT,Austria,WG,Wages,EUR,Euro,A,Annual,Q,Constant prices,MEAN,Mean,_Z,Not applicable,2007,,53743.523,,2025,,A,Normal value,0,Units,0,Zero
DATAFLOW,OECD.ELS.SAE:DSD_EARNINGS@AV_AN_WAGE(1.0),Average annual wages,I,AUT,Austria,WG,Wages,EUR,Euro,A,Annual,Q,Constant prices,MEAN,Mean,_Z,Not applicable,2008,,54683.445,,2025,,A,Normal value,0,Units,0,Zero
DATAFLOW,OECD.ELS.SAE:DSD_EARNINGS@AV_AN_WAGE(1.0),Average annual wages,I,AUT,Austria,WG,Wages,EUR,Euro,A,Annual,Q,Constant prices,MEAN,Mean,_Z,Not applicable,2009,,55592.676,,2025,,A,Normal value,0,Units,0,Zero
DATAFLOW,OECD.ELS.SAE:DSD_EARNINGS@AV_AN_WAGE(1.0),Average annual wages,I,AUT,Austria,WG,Wages,EUR,Euro,A,Annual,Q,Constant prices,MEAN,Mean,_Z,Not applicable,2010,,55334.969,,2025,,A,Normal value,0,Units,0,Zero
DATAFLOW,OECD.ELS.SAE:DSD_EARNINGS@AV_AN_WAGE(1.0),Average annual wages,I,AUT,Austria,WG,Wages,EUR,Euro,A,Annual,Q,Constant prices,MEAN,Mean,_Z,Not applicable,2011,,54736.958,,2025,,A,Normal value,0,Units,0,Zero
DATAFLOW,OECD.ELS.SAE:DSD_EARNINGS@AV_AN_WAGE(1.0),Average annual wages,I,AUT,Austria,WG,Wages,EUR,Euro,A,Annual,Q,Constant prices,MEAN,Mean,_Z,Not applicable,2012,,55047.726,,2025,,A,Normal value,0,Units,0,Zero
DATAFLOW,OECD.ELS.SAE:DSD_EARNINGS@AV_AN_WAGE(1.0),Average annual wages,I,AUT,Austria,WG,Wages,EUR,Euro,A,Annual,Q,Constant prices,MEAN,Mean,_Z,Not applicable,2013,,55099.439,,2025,,A,Normal value,0,Units,0,Zero
DATAFLOW,OECD.ELS.SAE:DSD_EARNINGS@AV_AN_WAGE(1.0),Average annual wages,I,AUT,Austria,WG,Wages,EUR,Euro,A,Annual,Q,Constant prices,MEAN,Mean,_Z,Not applicable,2014,,55269.258,,2025,,A,Normal value,0,Units,0,Zero
DATAFLOW,OECD.ELS.SAE:DSD_EARNINGS@AV_AN_WAGE(1.0),Average annual wages,I,AUT,Austria,WG,Wages,EUR,Euro,A,Annual,Q,Constant prices,MEAN,Mean,_Z,Not applicable,2015,,55674.683,,2025,,A,Normal value,0,Units,0,Zero
DATAFLOW,OECD.ELS.SAE:DSD_EARNINGS@AV_AN_WAGE(1.0),Average annual wages,I,AUT,Austria,WG,Wages,EUR,Euro,A,Annual,Q,Constant prices,MEAN,Mean,_Z,Not applicable,2016,,56278.066,,2025,,A,Normal value,0,Units,0,Zero
DATAFLOW,OECD.ELS.SAE:DSD_EARNINGS@AV_AN_WAGE(1.0),Average annual wages,I,AUT,Austria,WG,Wages,EUR,Euro,A,Annual,Q,Constant prices,MEAN,Mean,_Z,Not applicable,2017,,56155.271,,2025,,A,Normal value,0,Units,0,Zero
DATAFLOW,OECD.ELS.SAE:DSD_EARNINGS@AV_AN_WAGE(1.0),Average annual wages,I,AUT,Austria,WG,Wages,EUR,Euro,A,Annual,Q,Constant prices,MEAN,Mean,_Z,Not applicable,2018,,56201.623,,2025,,A,Normal value,0,Units,0,Zero
DATAFLOW,OECD.ELS.SAE:DSD_EARNINGS@AV_AN_WAGE(1.0),Average annual wages,I,AUT,Austria,WG,Wages,EUR,Euro,A,Annual,Q,Constant prices,MEAN,Mean,_Z,Not applicable,2019,,56686.765,,2025,,A,Normal value,0,Units,0,Zero
DATAFLOW,OECD.ELS.SAE:DSD_EARNINGS@AV_AN_WAGE(1.0),Average annual wages,I,AUT,Austria,WG,Wages,EUR,Euro,A,Annual,Q,Constant prices,MEAN,Mean,_Z,Not applicable,2020,,56894.928,,2025,,A,Normal value,0,Units,0,Zero
DATAFLOW,OECD.ELS.SAE:DSD_EARNINGS@AV_AN_WAGE(1.0),Average annual wages,I,AUT,Austria,WG,Wages,EUR,Euro,A,Annual,Q,Constant prices,MEAN,Mean,_Z,Not applicable,2021,,57979.684,,2025,,A,Normal value,0,Units,0,Zero
DATAFLOW,OECD.ELS.SAE:DSD_EARNINGS@AV_AN_WAGE(1.0),Average annual wages,I,AUT,Austria,WG,Wages,EUR,Euro,A,Annual,Q,Constant prices,MEAN,Mean,_Z,Not applicable,2022,,56503.739,,2025,,A,Normal value,0,Units,0,Zero
DATAFLOW,OECD.ELS.SAE:DSD_EARNINGS@AV_AN_WAGE(1.0),Average annual wages,I,AUT,Austria,WG,Wages,EUR,Euro,A,Annual,Q,Constant prices,MEAN,Mean,_Z,Not applicable,2023,,56031.156,,2025,,A,Normal value,0,Units,0,Zero
DATAFLOW,OECD.ELS.SAE:DSD_EARNINGS@AV_AN_WAGE(1.0),Average annual wages,I,AUT,Austria,WG,Wages,EUR,Euro,A,Annual,Q,Constant prices,MEAN,Mean,_Z,Not applicable,2024,,58304.613,,2025,,A,Normal value,0,Units,0,Zero
DATAFLOW,OECD.ELS.SAE:DSD_EARNINGS@AV_AN_WAGE(1.0),Average annual wages,I,AUT,Austria,WG,Wages,EUR,Euro,A,Annual,Q,Constant prices,MEAN,Mean,_Z,Not applicable,2025,,58753.565,,2025,,A,Normal value,0,Units,0,Zero
DATAFLOW,OECD.ELS.SAE:DSD_EARNINGS@AV_AN_WAGE(1.0),Average annual wages,I,BEL,Belgium,WG,Wages,EUR,Euro,A,Annual,Q,Constant prices,MEAN,Mean,_Z,Not applicable,1990,,46088.685,,2025,,A,Normal value,0,Units,0,Zero
DATAFLOW,OECD.ELS.SAE:DSD_EARNINGS@AV_AN_WAGE(1.0),Average annual wages,I,BEL,Belgium,WG,Wages,EUR,Euro,A,Annual,Q,Constant prices,MEAN,Mean,_Z,Not applicable,1991,,48113.299,,2025,,A,Normal value,0,Units,0,Zero
DATAFLOW,OECD.ELS.SAE:DSD_EARNINGS@AV_AN_WAGE(1.0),Average annual wages,I,BEL,Belgium,WG,Wages,EUR,Euro,A,Annual,Q,Constant prices,MEAN,Mean,_Z,Not applicable,1992,,49656.095,,2025,,A,Normal value,0,Units,0,Zero
DATAFLOW,OECD.ELS.SAE:DSD_EARNINGS@AV_AN_WAGE(1.0),Average annual wages,I,BEL,Belgium,WG,Wages,EUR,Euro,A,Annual,Q,Constant prices,MEAN,Mean,_Z,Not applicable,1993,,50699.789,,2025,,A,Normal value,0,Units,0,Zero
DATAFLOW,OECD.ELS.SAE:DSD_EARNINGS@AV_AN_WAGE(1.0),Average annual wages,I,BEL,Belgium,WG,Wages,EUR,Euro,A,Annual,Q,Constant prices,MEAN,Mean,_Z,Not applicable,1994,,51683.446,,2025,,A,Normal value,0,Units,0,Zero
DATAFLOW,OECD.ELS.SAE:DSD_EARNINGS@AV_AN_WAGE(1.0),Average annual wages,I,BEL,Belgium,WG,Wages,EUR,Euro,A,Annual,Q,Constant prices,MEAN,Mean,_Z,Not applicable,1995,,51507.596,,2025,,A,Normal value,0,Units,0,Zero
DATAFLOW,OECD.ELS.SAE:DSD_EARNINGS@AV_AN_WAGE(1.0),Average annual wages,I,BEL,Belgium,WG,Wages,EUR,Euro,A,Annual,Q,Constant prices,MEAN,Mean,_Z,Not applicable,1996,,52168.393,,2025,,A,Normal value,0,Units,0,Zero
DATAFLOW,OECD.ELS.SAE:DSD_EARNINGS@AV_AN_WAGE(1.0),Average annual wages,I,BEL,Belgium,WG,Wages,EUR,Euro,A,Annual,Q,Constant prices,MEAN,Mean,_Z,Not applicable,1997,,52814.81,,2025,,A,Normal value,0,Units,0,Zero
DATAFLOW,OECD.ELS.SAE:DSD_EARNINGS@AV_AN_WAGE(1.0),Average annual wages,I,BEL,Belgium,WG,Wages,EUR,Euro,A,Annual,Q,Constant prices,MEAN,Mean,_Z,Not applicable,1998,,52876.929,,2025,,A,Normal value,0,Units,0,Zero
DATAFLOW,OECD.ELS.SAE:DSD_EARNINGS@AV_AN_WAGE(1.0),Average annual wages,I,BEL,Belgium,WG,Wages,EUR,Euro,A,Annual,Q,Constant prices,MEAN,Mean,_Z,Not applicable,1999,,55799.943,,2025,,A,Normal value,0,Units,0,Zero
DATAFLOW,OECD.ELS.SAE:DSD_EARNINGS@AV_AN_WAGE(1.0),Average annual wages,I,BEL,Belgium,WG,Wages,EUR,Euro,A,Annual,Q,Constant prices,MEAN,Mean,_Z,Not applicable,2000,,55269.832,,2025,,A,Normal value,0,Units,0,Zero
DATAFLOW,OECD.ELS.SAE:DSD_EARNINGS@AV_AN_WAGE(1.0),Average annual wages,I,BEL,Belgium,WG,Wages,EUR,Euro,A,Annual,Q,Constant prices,MEAN,Mean,_Z,Not applicable,2001,,55468.657,,2025,,A,Normal value,0,Units,0,Zero
DATAFLOW,OECD.ELS.SAE:DSD_EARNINGS@AV_AN_WAGE(1.0),Average annual wages,I,BEL,Belgium,WG,Wages,EUR,Euro,A,Annual,Q,Constant prices,MEAN,Mean,_Z,Not applicable,2002,,56902.348,,2025,,A,Normal value,0,Units,0,Zero
DATAFLOW,OECD.ELS.SAE:DSD_EARNINGS@AV_AN_WAGE(1.0),Average annual wages,I,BEL,Belgium,WG,Wages,EUR,Euro,A,Annual,Q,Constant prices,MEAN,Mean,_Z,Not applicable,2003,,57228.472,,2025,,A,Normal value,0,Units,0,Zero
DATAFLOW,OECD.ELS.SAE:DSD_EARNINGS@AV_AN_WAGE(1.0),Average annual wages,I,BEL,Belgium,WG,Wages,EUR,Euro,A,Annual,Q,Constant prices,MEAN,Mean,_Z,Not applicable,2004,,56951.599,,2025,,A,Normal value,0,Units,0,Zero
DATAFLOW,OECD.ELS.SAE:DSD_EARNINGS@AV_AN_WAGE(1.0),Average annual wages,I,BEL,Belgium,WG,Wages,EUR,Euro,A,Annual,Q,Constant prices,MEAN,Mean,_Z,Not applicable,2005,,56370.607,,2025,,A,Normal value,0,Units,0,Zero
DATAFLOW,OECD.ELS.SAE:DSD_EARNINGS@AV_AN_WAGE(1.0),Average annual wages,I,BEL,Belgium,WG,Wages,EUR,Euro,A,Annual,Q,Constant prices,MEAN,Mean,_Z,Not applicable,2006,,56772.927,,2025,,A,Normal value,0,Units,0,Zero
DATAFLOW,OECD.ELS.SAE:DSD_EARNINGS@AV_AN_WAGE(1.0),Average annual wages,I,BEL,Belgium,WG,Wages,EUR,Euro,A,Annual,Q,Constant prices,MEAN,Mean,_Z,Not applicable,2007,,56675.583,,2025,,A,Normal value,0,Units,0,Zero
DATAFLOW,OECD.ELS.SAE:DSD_EARNINGS@AV_AN_WAGE(1.0),Average annual wages,I,BEL,Belgium,WG,Wages,EUR,Euro,A,Annual,Q,Constant prices,MEAN,Mean,_Z,Not applicable,2008,,56915.959,,2025,,A,Normal value,0,Units,0,Zero
DATAFLOW,OECD.ELS.SAE:DSD_EARNINGS@AV_AN_WAGE(1.0),Average annual wages,I,BEL,Belgium,WG,Wages,EUR,Euro,A,Annual,Q,Constant prices,MEAN,Mean,_Z,Not applicable,2009,,57609.663,,2025,,A,Normal value,0,Units,0,Zero
DATAFLOW,OECD.ELS.SAE:DSD_EARNINGS@AV_AN_WAGE(1.0),Average annual wages,I,BEL,Belgium,WG,Wages,EUR,Euro,A,Annual,Q,Constant prices,MEAN,Mean,_Z,Not applicable,2010,,57410.011,,2025,,A,Normal value,0,Units,0,Zero
DATAFLOW,OECD.ELS.SAE:DSD_EARNINGS@AV_AN_WAGE(1.0),Average annual wages,I,BEL,Belgium,WG,Wages,EUR,Euro,A,Annual,Q,Constant prices,MEAN,Mean,_Z,Not applicable,2011,,58149.644,,2025,,A,Normal value,0,Units,0,Zero
DATAFLOW,OECD.ELS.SAE:DSD_EARNINGS@AV_AN_WAGE(1.0),Average annual wages,I,BEL,Belgium,WG,Wages,EUR,Euro,A,Annual,Q,Constant prices,MEAN,Mean,_Z,Not applicable,2012,,58585.023,,2025,,A,Normal value,0,Units,0,Zero
DATAFLOW,OECD.ELS.SAE:DSD_EARNINGS@AV_AN_WAGE(1.0),Average annual wages,I,BEL,Belgium,WG,Wages,EUR,Euro,A,Annual,Q,Constant prices,MEAN,Mean,_Z,Not applicable,2013,,59215.272,,2025,,A,Normal value,0,Units,0,Zero
DATAFLOW,OECD.ELS.SAE:DSD_EARNINGS@AV_AN_WAGE(1.0),Average annual wages,I,BEL,Belgium,WG,Wages,EUR,Euro,A,Annual,Q,Constant prices,MEAN,Mean,_Z,Not applicable,2014,,59500.313,,2025,,A,Normal value,0,Units,0,Zero
DATAFLOW,OECD.ELS.SAE:DSD_EARNINGS@AV_AN_WAGE(1.0),Average annual wages,I,BEL,Belgium,WG,Wages,EUR,Euro,A,Annual,Q,Constant prices,MEAN,Mean,_Z,Not applicable,2015,,59217.519,,2025,,A,Normal value,0,Units,0,Zero
DATAFLOW,OECD.ELS.SAE:DSD_EARNINGS@AV_AN_WAGE(1.0),Average annual wages,I,BEL,Belgium,WG,Wages,EUR,Euro,A,Annual,Q,Constant prices,MEAN,Mean,_Z,Not applicable,2016,,59507.459,,2025,,A,Normal value,0,Units,0,Zero
DATAFLOW,OECD.ELS.SAE:DSD_EARNINGS@AV_AN_WAGE(1.0),Average annual wages,I,BEL,Belgium,WG,Wages,EUR,Euro,A,Annual,Q,Constant prices,MEAN,Mean,_Z,Not applicable,2017,,59025.854,,2025,,A,Normal value,0,Units,0,Zero
DATAFLOW,OECD.ELS.SAE:DSD_EARNINGS@AV_AN_WAGE(1.0),Average annual wages,I,BEL,Belgium,WG,Wages,EUR,Euro,A,Annual,Q,Constant prices,MEAN,Mean,_Z,Not applicable,2018,,59318.682,,2025,,A,Normal value,0,Units,0,Zero
DATAFLOW,OECD.ELS.SAE:DSD_EARNINGS@AV_AN_WAGE(1.0),Average annual wages,I,BEL,Belgium,WG,Wages,EUR,Euro,A,Annual,Q,Constant prices,MEAN,Mean,_Z,Not applicable,2019,,59834.718,,2025,,A,Normal value,0,Units,0,Zero
DATAFLOW,OECD.ELS.SAE:DSD_EARNINGS@AV_AN_WAGE(1.0),Average annual wages,I,BEL,Belgium,WG,Wages,EUR,Euro,A,Annual,Q,Constant prices,MEAN,Mean,_Z,Not applicable,2020,,58245.051,,2025,,A,Normal value,0,Units,0,Zero
DATAFLOW,OECD.ELS.SAE:DSD_EARNINGS@AV_AN_WAGE(1.0),Average annual wages,I,BEL,Belgium,WG,Wages,EUR,Euro,A,Annual,Q,Constant prices,MEAN,Mean,_Z,Not applicable,2021,,60371.211,,2025,,A,Normal value,0,Units,0,Zero
DATAFLOW,OECD.ELS.SAE:DSD_EARNINGS@AV_AN_WAGE(1.0),Average annual wages,I,BEL,Belgium,WG,Wages,EUR,Euro,A,Annual,Q,Constant prices,MEAN,Mean,_Z,Not applicable,2022,,58920.547,,2025,,A,Normal value,0,Units,0,Zero
DATAFLOW,OECD.ELS.SAE:DSD_EARNINGS@AV_AN_WAGE(1.0),Average annual wages,I,BEL,Belgium,WG,Wages,EUR,Euro,A,Annual,Q,Constant prices,MEAN,Mean,_Z,Not applicable,2023,,59777.472,,2025,,A,Normal value,0,Units,0,Zero
DATAFLOW,OECD.ELS.SAE:DSD_EARNINGS@AV_AN_WAGE(1.0),Average annual wages,I,BEL,Belgium,WG,Wages,EUR,Euro,A,Annual,Q,Constant prices,MEAN,Mean,_Z,Not applicable,2024,,60671.105,,2025,,A,Normal value,0,Units,0,Zero
DATAFLOW,OECD.ELS.SAE:DSD_EARNINGS@AV_AN_WAGE(1.0),Average annual wages,I,BEL,Belgium,WG,Wages,EUR,Euro,A,Annual,Q,Constant prices,MEAN,Mean,_Z,Not applicable,2025,,61747.317,,2025,,A,Normal value,0,Units,0,Zero
DATAFLOW,OECD.ELS.SAE:DSD_EARNINGS@AV_AN_WAGE(1.0),Average annual wages,I,EST,Estonia,WG,Wages,EUR,Euro,A,Annual,Q,Constant prices,MEAN,Mean,_Z,Not applicable,1995,,8098.666,,2025,,A,Normal value,0,Units,0,Zero
DATAFLOW,OECD.ELS.SAE:DSD_EARNINGS@AV_AN_WAGE(1.0),Average annual wages,I,EST,Estonia,WG,Wages,EUR,Euro,A,Annual,Q,Constant prices,MEAN,Mean,_Z,Not applicable,1996,,8609.085,,2025,,A,Normal value,0,Units,0,Zero
DATAFLOW,OECD.ELS.SAE:DSD_EARNINGS@AV_AN_WAGE(1.0),Average annual wages,I,EST,Estonia,WG,Wages,EUR,Euro,A,Annual,Q,Constant prices,MEAN,Mean,_Z,Not applicable,1997,,9402.595,,2025,,A,Normal value,0,Units,0,Zero
DATAFLOW,OECD.ELS.SAE:DSD_EARNINGS@AV_AN_WAGE(1.0),Average annual wages,I,EST,Estonia,WG,Wages,EUR,Euro,A,Annual,Q,Constant prices,MEAN,Mean,_Z,Not applicable,1998,,10039.136,,2025,,A,Normal value,0,Units,0,Zero
DATAFLOW,OECD.ELS.SAE:DSD_EARNINGS@AV_AN_WAGE(1.0),Average annual wages,I,EST,Estonia,WG,Wages,EUR,Euro,A,Annual,Q,Constant prices,MEAN,Mean,_Z,Not applicable,1999,,10492.73,,2025,,A,Normal value,0,Units,0,Zero
DATAFLOW,OECD.ELS.SAE:DSD_EARNINGS@AV_AN_WAGE(1.0),Average annual wages,I,EST,Estonia,WG,Wages,EUR,Euro,A,Annual,Q,Constant prices,MEAN,Mean,_Z,Not applicable,2000,,11332.124,,2025,,A,Normal value,0,Units,0,Zero
DATAFLOW,OECD.ELS.SAE:DSD_EARNINGS@AV_AN_WAGE(1.0),Average annual wages,I,EST,Estonia,WG,Wages,EUR,Euro,A,Annual,Q,Constant prices,MEAN,Mean,_Z,Not applicable,2001,,11726.079,,2025,,A,Normal value,0,Units,0,Zero
DATAFLOW,OECD.ELS.SAE:DSD_EARNINGS@AV_AN_WAGE(1.0),Average annual wages,I,EST,Estonia,WG,Wages,EUR,Euro,A,Annual,Q,Constant prices,MEAN,Mean,_Z,Not applicable,2002,,12418.346,,2025,,A,Normal value,0,Units,0,Zero
DATAFLOW,OECD.ELS.SAE:DSD_EARNINGS@AV_AN_WAGE(1.0),Average annual wages,I,EST,Estonia,WG,Wages,EUR,Euro,A,Annual,Q,Constant prices,MEAN,Mean,_Z,Not applicable,2003,,13614.178,,2025,,A,Normal value,0,Units,0,Zero
DATAFLOW,OECD.ELS.SAE:DSD_EARNINGS@AV_AN_WAGE(1.0),Average annual wages,I,EST,Estonia,WG,Wages,EUR,Euro,A,Annual,Q,Constant prices,MEAN,Mean,_Z,Not applicable,2004,,14692.064,,2025,,A,Normal value,0,Units,0,Zero
DATAFLOW,OECD.ELS.SAE:DSD_EARNINGS@AV_AN_WAGE(1.0),Average annual wages,I,EST,Estonia,WG,Wages,EUR,Euro,A,Annual,Q,Constant prices,MEAN,Mean,_Z,Not applicable,2005,,15666.777,,2025,,A,Normal value,0,Units,0,Zero
DATAFLOW,OECD.ELS.SAE:DSD_EARNINGS@AV_AN_WAGE(1.0),Average annual wages,I,EST,Estonia,WG,Wages,EUR,Euro,A,Annual,Q,Constant prices,MEAN,Mean,_Z,Not applicable,2006,,17101.129,,2025,,A,Normal value,0,Units,0,Zero
DATAFLOW,OECD.ELS.SAE:DSD_EARNINGS@AV_AN_WAGE(1.0),Average annual wages,I,EST,Estonia,WG,Wages,EUR,Euro,A,Annual,Q,Constant prices,MEAN,Mean,_Z,Not applicable,2007,,19881.54,,2025,,A,Normal value,0,Units,0,Zero
DATAFLOW,OECD.ELS.SAE:DSD_EARNINGS@AV_AN_WAGE(1.0),Average annual wages,I,EST,Estonia,WG,Wages,EUR,Euro,A,Annual,Q,Constant prices,MEAN,Mean,_Z,Not applicable,2008,,20144.967,,2025,,A,Normal value,0,Units,0,Zero
DATAFLOW,OECD.ELS.SAE:DSD_EARNINGS@AV_AN_WAGE(1.0),Average annual wages,I,EST,Estonia,WG,Wages,EUR,Euro,A,Annual,Q,Constant prices,MEAN,Mean,_Z,Not applicable,2009,,19654.599,,2025,,A,Normal value,0,Units,0,Zero
DATAFLOW,OECD.ELS.SAE:DSD_EARNINGS@AV_AN_WAGE(1.0),Average annual wages,I,EST,Estonia,WG,Wages,EUR,Euro,A,Annual,Q,Constant prices,MEAN,Mean,_Z,Not applicable,2010,,19476.951,,2025,,A,Normal value,0,Units,0,Zero
DATAFLOW,OECD.ELS.SAE:DSD_EARNINGS@AV_AN_WAGE(1.0),Average annual wages,I,EST,Estonia,WG,Wages,EUR,Euro,A,Annual,Q,Constant prices,MEAN,Mean,_Z,Not applicable,2011,,18979.575,,2025,,A,Normal value,0,Units,0,Zero
DATAFLOW,OECD.ELS.SAE:DSD_EARNINGS@AV_AN_WAGE(1.0),Average annual wages,I,EST,Estonia,WG,Wages,EUR,Euro,A,Annual,Q,Constant prices,MEAN,Mean,_Z,Not applicable,2012,,19206.613,,2025,,A,Normal value,0,Units,0,Zero
DATAFLOW,OECD.ELS.SAE:DSD_EARNINGS@AV_AN_WAGE(1.0),Average annual wages,I,EST,Estonia,WG,Wages,EUR,Euro,A,Annual,Q,Constant prices,MEAN,Mean,_Z,Not applicable,2013,,19676.762,,2025,,A,Normal value,0,Units,0,Zero
DATAFLOW,OECD.ELS.SAE:DSD_EARNINGS@AV_AN_WAGE(1.0),Average annual wages,I,EST,Estonia,WG,Wages,EUR,Euro,A,Annual,Q,Constant prices,MEAN,Mean,_Z,Not applicable,2014,,20751.842,,2025,,A,Normal value,0,Units,0,Zero
DATAFLOW,OECD.ELS.SAE:DSD_EARNINGS@AV_AN_WAGE(1.0),Average annual wages,I,EST,Estonia,WG,Wages,EUR,Euro,A,Annual,Q,Constant prices,MEAN,Mean,_Z,Not applicable,2015,,21603.463,,2025,,A,Normal value,0,Units,0,Zero
DATAFLOW,OECD.ELS.SAE:DSD_EARNINGS@AV_AN_WAGE(1.0),Average annual wages,I,EST,Estonia,WG,Wages,EUR,Euro,A,Annual,Q,Constant prices,MEAN,Mean,_Z,Not applicable,2016,,22601.7,,2025,,A,Normal value,0,Units,0,Zero
DATAFLOW,OECD.ELS.SAE:DSD_EARNINGS@AV_AN_WAGE(1.0),Average annual wages,I,EST,Estonia,WG,Wages,EUR,Euro,A,Annual,Q,Constant prices,MEAN,Mean,_Z,Not applicable,2017,,23043.037,,2025,,A,Normal value,0,Units,0,Zero
DATAFLOW,OECD.ELS.SAE:DSD_EARNINGS@AV_AN_WAGE(1.0),Average annual wages,I,EST,Estonia,WG,Wages,EUR,Euro,A,Annual,Q,Constant prices,MEAN,Mean,_Z,Not applicable,2018,,24518.922,,2025,,A,Normal value,0,Units,0,Zero
DATAFLOW,OECD.ELS.SAE:DSD_EARNINGS@AV_AN_WAGE(1.0),Average annual wages,I,EST,Estonia,WG,Wages,EUR,Euro,A,Annual,Q,Constant prices,MEAN,Mean,_Z,Not applicable,2019,,25687.458,,2025,,A,Normal value,0,Units,0,Zero
DATAFLOW,OECD.ELS.SAE:DSD_EARNINGS@AV_AN_WAGE(1.0),Average annual wages,I,EST,Estonia,WG,Wages,EUR,Euro,A,Annual,Q,Constant prices,MEAN,Mean,_Z,Not applicable,2020,,27131.306,,2025,,A,Normal value,0,Units,0,Zero
DATAFLOW,OECD.ELS.SAE:DSD_EARNINGS@AV_AN_WAGE(1.0),Average annual wages,I,EST,Estonia,WG,Wages,EUR,Euro,A,Annual,Q,Constant prices,MEAN,Mean,_Z,Not applicable,2021,,28710.595,,2025,,A,Normal value,0,Units,0,Zero
DATAFLOW,OECD.ELS.SAE:DSD_EARNINGS@AV_AN_WAGE(1.0),Average annual wages,I,EST,Estonia,WG,Wages,EUR,Euro,A,Annual,Q,Constant prices,MEAN,Mean,_Z,Not applicable,2022,,26314.362,,2025,,A,Normal value,0,Units,0,Zero
DATAFLOW,OECD.ELS.SAE:DSD_EARNINGS@AV_AN_WAGE(1.0),Average annual wages,I,EST,Estonia,WG,Wages,EUR,Euro,A,Annual,Q,Constant prices,MEAN,Mean,_Z,Not applicable,2023,,26219.535,,2025,,A,Normal value,0,Units,0,Zero
DATAFLOW,OECD.ELS.SAE:DSD_EARNINGS@AV_AN_WAGE(1.0),Average annual wages,I,EST,Estonia,WG,Wages,EUR,Euro,A,Annual,Q,Constant prices,MEAN,Mean,_Z,Not applicable,2024,,27177.549,,2025,,A,Normal value,0,Units,0,Zero
DATAFLOW,OECD.ELS.SAE:DSD_EARNINGS@AV_AN_WAGE(1.0),Average annual wages,I,EST,Estonia,WG,Wages,EUR,Euro,A,Annual,Q,Constant prices,MEAN,Mean,_Z,Not applicable,2025,,27554.17,,2025,,A,Normal value,0,Units,0,Zero
DATAFLOW,OECD.ELS.SAE:DSD_EARNINGS@AV_AN_WAGE(1.0),Average annual wages,I,FIN,Finland,WG,Wages,EUR,Euro,A,Annual,Q,Constant prices,MEAN,Mean,_Z,Not applicable,1990,,37781.321,,2025,,A,Normal value,0,Units,0,Zero
DATAFLOW,OECD.ELS.SAE:DSD_EARNINGS@AV_AN_WAGE(1.0),Average annual wages,I,FIN,Finland,WG,Wages,EUR,Euro,A,Annual,Q,Constant prices,MEAN,Mean,_Z,Not applicable,1991,,38235.515,,2025,,A,Normal value,0,Units,0,Zero
DATAFLOW,OECD.ELS.SAE:DSD_EARNINGS@AV_AN_WAGE(1.0),Average annual wages,I,FIN,Finland,WG,Wages,EUR,Euro,A,Annual,Q,Constant prices,MEAN,Mean,_Z,Not applicable,1992,,37652.11,,2025,,A,Normal value,0,Units,0,Zero
DATAFLOW,OECD.ELS.SAE:DSD_EARNINGS@AV_AN_WAGE(1.0),Average annual wages,I,FIN,Finland,WG,Wages,EUR,Euro,A,Annual,Q,Constant prices,MEAN,Mean,_Z,Not applicable,1993,,36331.615,,2025,,A,Normal value,0,Units,0,Zero
DATAFLOW,OECD.ELS.SAE:DSD_EARNINGS@AV_AN_WAGE(1.0),Average annual wages,I,FIN,Finland,WG,Wages,EUR,Euro,A,Annual,Q,Constant prices,MEAN,Mean,_Z,Not applicable,1994,,36848.947,,2025,,A,Normal value,0,Units,0,Zero
DATAFLOW,OECD.ELS.SAE:DSD_EARNINGS@AV_AN_WAGE(1.0),Average annual wages,I,FIN,Finland,WG,Wages,EUR,Euro,A,Annual,Q,Constant prices,MEAN,Mean,_Z,Not applicable,1995,,38301.085,,2025,,A,Normal value,0,Units,0,Zero
DATAFLOW,OECD.ELS.SAE:DSD_EARNINGS@AV_AN_WAGE(1.0),Average annual wages,I,FIN,Finland,WG,Wages,EUR,Euro,A,Annual,Q,Constant prices,MEAN,Mean,_Z,Not applicable,1996,,39176.732,,2025,,A,Normal value,0,Units,0,Zero
DATAFLOW,OECD.ELS.SAE:DSD_EARNINGS@AV_AN_WAGE(1.0),Average annual wages,I,FIN,Finland,WG,Wages,EUR,Euro,A,Annual,Q,Constant prices,MEAN,Mean,_Z,Not applicable,1997,,39204.291,,2025,,A,Normal value,0,Units,0,Zero
DATAFLOW,OECD.ELS.SAE:DSD_EARNINGS@AV_AN_WAGE(1.0),Average annual wages,I,FIN,Finland,WG,Wages,EUR,Euro,A,Annual,Q,Constant prices,MEAN,Mean,_Z,Not applicable,1998,,40236.89,,2025,,A,Normal value,0,Units,0,Zero
DATAFLOW,OECD.ELS.SAE:DSD_EARNINGS@AV_AN_WAGE(1.0),Average annual wages,I,FIN,Finland,WG,Wages,EUR,Euro,A,Annual,Q,Constant prices,MEAN,Mean,_Z,Not applicable,1999,,41172.509,,2025,,A,Normal value,0,Units,0,Zero
DATAFLOW,OECD.ELS.SAE:DSD_EARNINGS@AV_AN_WAGE(1.0),Average annual wages,I,FIN,Finland,WG,Wages,EUR,Euro,A,Annual,Q,Constant prices,MEAN,Mean,_Z,Not applicable,2000,,41880.271,,2025,,A,Normal value,0,Units,0,Zero
DATAFLOW,OECD.ELS.SAE:DSD_EARNINGS@AV_AN_WAGE(1.0),Average annual wages,I,FIN,Finland,WG,Wages,EUR,Euro,A,Annual,Q,Constant prices,MEAN,Mean,_Z,Not applicable,2001,,42102.476,,2025,,A,Normal value,0,Units,0,Zero
DATAFLOW,OECD.ELS.SAE:DSD_EARNINGS@AV_AN_WAGE(1.0),Average annual wages,I,FIN,Finland,WG,Wages,EUR,Euro,A,Annual,Q,Constant prices,MEAN,Mean,_Z,Not applicable,2002,,42328.687,,2025,,A,Normal value,0,Units,0,Zero
DATAFLOW,OECD.ELS.SAE:DSD_EARNINGS@AV_AN_WAGE(1.0),Average annual wages,I,FIN,Finland,WG,Wages,EUR,Euro,A,Annual,Q,Constant prices,MEAN,Mean,_Z,Not applicable,2003,,43134.416,,2025,,A,Normal value,0,Units,0,Zero
DATAFLOW,OECD.ELS.SAE:DSD_EARNINGS@AV_AN_WAGE(1.0),Average annual wages,I,FIN,Finland,WG,Wages,EUR,Euro,A,Annual,Q,Constant prices,MEAN,Mean,_Z,Not applicable,2004,,47659.763,,2025,,A,Normal value,0,Units,0,Zero
DATAFLOW,OECD.ELS.SAE:DSD_EARNINGS@AV_AN_WAGE(1.0),Average annual wages,I,FIN,Finland,WG,Wages,EUR,Euro,A,Annual,Q,Constant prices,MEAN,Mean,_Z,Not applicable,2005,,45497.96,,2025,,A,Normal value,0,Units,0,Zero
DATAFLOW,OECD.ELS.SAE:DSD_EARNINGS@AV_AN_WAGE(1.0),Average annual wages,I,FIN,Finland,WG,Wages,EUR,Euro,A,Annual,Q,Constant prices,MEAN,Mean,_Z,Not applicable,2006,,46437.12,,2025,,A,Normal value,0,Units,0,Zero
DATAFLOW,OECD.ELS.SAE:DSD_EARNINGS@AV_AN_WAGE(1.0),Average annual wages,I,FIN,Finland,WG,Wages,EUR,Euro,A,Annual,Q,Constant prices,MEAN,Mean,_Z,Not applicable,2007,,47055.68,,2025,,A,Normal value,0,Units,0,Zero
DATAFLOW,OECD.ELS.SAE:DSD_EARNINGS@AV_AN_WAGE(1.0),Average annual wages,I,FIN,Finland,WG,Wages,EUR,Euro,A,Annual,Q,Constant prices,MEAN,Mean,_Z,Not applicable,2008,,47459.436,,2025,,A,Normal value,0,Units,0,Zero
DATAFLOW,OECD.ELS.SAE:DSD_EARNINGS@AV_AN_WAGE(1.0),Average annual wages,I,FIN,Finland,WG,Wages,EUR,Euro,A,Annual,Q,Constant prices,MEAN,Mean,_Z,Not applicable,2009,,47868.219,,2025,,A,Normal value,0,Units,0,Zero
DATAFLOW,OECD.ELS.SAE:DSD_EARNINGS@AV_AN_WAGE(1.0),Average annual wages,I,FIN,Finland,WG,Wages,EUR,Euro,A,Annual,Q,Constant prices,MEAN,Mean,_Z,Not applicable,2010,,49028.729,,2025,,A,Normal value,0,Units,0,Zero
DATAFLOW,OECD.ELS.SAE:DSD_EARNINGS@AV_AN_WAGE(1.0),Average annual wages,I,FIN,Finland,WG,Wages,EUR,Euro,A,Annual,Q,Constant prices,MEAN,Mean,_Z,Not applicable,2011,,49063.895,,2025,,A,Normal value,0,Units,0,Zero
DATAFLOW,OECD.ELS.SAE:DSD_EARNINGS@AV_AN_WAGE(1.0),Average annual wages,I,FIN,Finland,WG,Wages,EUR,Euro,A,Annual,Q,Constant prices,MEAN,Mean,_Z,Not applicable,2012,,48982.381,,2025,,A,Normal value,0,Units,0,Zero
DATAFLOW,OECD.ELS.SAE:DSD_EARNINGS@AV_AN_WAGE(1.0),Average annual wages,I,FIN,Finland,WG,Wages,EUR,Euro,A,Annual,Q,Constant prices,MEAN,Mean,_Z,Not applicable,2013,,48531.814,,2025,,A,Normal value,0,Units,0,Zero
DATAFLOW,OECD.ELS.SAE:DSD_EARNINGS@AV_AN_WAGE(1.0),Average annual wages,I,FIN,Finland,WG,Wages,EUR,Euro,A,Annual,Q,Constant prices,MEAN,Mean,_Z,Not applicable,2014,,48529.093,,2025,,A,Normal value,0,Units,0,Zero
DATAFLOW,OECD.ELS.SAE:DSD_EARNINGS@AV_AN_WAGE(1.0),Average annual wages,I,FIN,Finland,WG,Wages,EUR,Euro,A,Annual,Q,Constant prices,MEAN,Mean,_Z,Not applicable,2015,,48713.717,,2025,,A,Normal value,0,Units,0,Zero
DATAFLOW,OECD.ELS.SAE:DSD_EARNINGS@AV_AN_WAGE(1.0),Average annual wages,I,FIN,Finland,WG,Wages,EUR,Euro,A,Annual,Q,Constant prices,MEAN,Mean,_Z,Not applicable,2016,,49223.404,,2025,,A,Normal value,0,Units,0,Zero
DATAFLOW,OECD.ELS.SAE:DSD_EARNINGS@AV_AN_WAGE(1.0),Average annual wages,I,FIN,Finland,WG,Wages,EUR,Euro,A,Annual,Q,Constant prices,MEAN,Mean,_Z,Not applicable,2017,,49214.881,,2025,,A,Normal value,0,Units,0,Zero
DATAFLOW,OECD.ELS.SAE:DSD_EARNINGS@AV_AN_WAGE(1.0),Average annual wages,I,FIN,Finland,WG,Wages,EUR,Euro,A,Annual,Q,Constant prices,MEAN,Mean,_Z,Not applicable,2018,,49554.641,,2025,,A,Normal value,0,Units,0,Zero
DATAFLOW,OECD.ELS.SAE:DSD_EARNINGS@AV_AN_WAGE(1.0),Average annual wages,I,FIN,Finland,WG,Wages,EUR,Euro,A,Annual,Q,Constant prices,MEAN,Mean,_Z,Not applicable,2019,,50335.772,,2025,,A,Normal value,0,Units,0,Zero
DATAFLOW,OECD.ELS.SAE:DSD_EARNINGS@AV_AN_WAGE(1.0),Average annual wages,I,FIN,Finland,WG,Wages,EUR,Euro,A,Annual,Q,Constant prices,MEAN,Mean,_Z,Not applicable,2020,,50606.847,,2025,,A,Normal value,0,Units,0,Zero
DATAFLOW,OECD.ELS.SAE:DSD_EARNINGS@AV_AN_WAGE(1.0),Average annual wages,I,FIN,Finland,WG,Wages,EUR,Euro,A,Annual,Q,Constant prices,MEAN,Mean,_Z,Not applicable,2021,,52280.004,,2025,,A,Normal value,0,Units,0,Zero
DATAFLOW,OECD.ELS.SAE:DSD_EARNINGS@AV_AN_WAGE(1.0),Average annual wages,I,FIN,Finland,WG,Wages,EUR,Euro,A,Annual,Q,Constant prices,MEAN,Mean,_Z,Not applicable,2022,,50477.896,,2025,,A,Normal value,0,Units,0,Zero
DATAFLOW,OECD.ELS.SAE:DSD_EARNINGS@AV_AN_WAGE(1.0),Average annual wages,I,FIN,Finland,WG,Wages,EUR,Euro,A,Annual,Q,Constant prices,MEAN,Mean,_Z,Not applicable,2023,,49780.337,,2025,,A,Normal value,0,Units,0,Zero
DATAFLOW,OECD.ELS.SAE:DSD_EARNINGS@AV_AN_WAGE(1.0),Average annual wages,I,FIN,Finland,WG,Wages,EUR,Euro,A,Annual,Q,Constant prices,MEAN,Mean,_Z,Not applicable,2024,,50039.859,,2025,,A,Normal value,0,Units,0,Zero
DATAFLOW,OECD.ELS.SAE:DSD_EARNINGS@AV_AN_WAGE(1.0),Average annual wages,I,FIN,Finland,WG,Wages,EUR,Euro,A,Annual,Q,Constant prices,MEAN,Mean,_Z,Not applicable,2025,,50569.475,,2025,,A,Normal value,0,Units,0,Zero
DATAFLOW,OECD.ELS.SAE:DSD_EARNINGS@AV_AN_WAGE(1.0),Average annual wages,I,FRA,France,WG,Wages,EUR,Euro,A,Annual,Q,Constant prices,MEAN,Mean,_Z,Not applicable,1990,,32912.367,,2025,,A,Normal value,0,Units,0,Zero
DATAFLOW,OECD.ELS.SAE:DSD_EARNINGS@AV_AN_WAGE(1.0),Average annual wages,I,FRA,France,WG,Wages,EUR,Euro,A,Annual,Q,Constant prices,MEAN,Mean,_Z,Not applicable,1991,,33309.573,,2025,,A,Normal value,0,Units,0,Zero
DATAFLOW,OECD.ELS.SAE:DSD_EARNINGS@AV_AN_WAGE(1.0),Average annual wages,I,FRA,France,WG,Wages,EUR,Euro,A,Annual,Q,Constant prices,MEAN,Mean,_Z,Not applicable,1992,,33629.494,,2025,,A,Normal value,0,Units,0,Zero
DATAFLOW,OECD.ELS.SAE:DSD_EARNINGS@AV_AN_WAGE(1.0),Average annual wages,I,FRA,France,WG,Wages,EUR,Euro,A,Annual,Q,Constant prices,MEAN,Mean,_Z,Not applicable,1993,,34073.814,,2025,,A,Normal value,0,Units,0,Zero
DATAFLOW,OECD.ELS.SAE:DSD_EARNINGS@AV_AN_WAGE(1.0),Average annual wages,I,FRA,France,WG,Wages,EUR,Euro,A,Annual,Q,Constant prices,MEAN,Mean,_Z,Not applicable,1994,,34221.03,,2025,,A,Normal value,0,Units,0,Zero
DATAFLOW,OECD.ELS.SAE:DSD_EARNINGS@AV_AN_WAGE(1.0),Average annual wages,I,FRA,France,WG,Wages,EUR,Euro,A,Annual,Q,Constant prices,MEAN,Mean,_Z,Not applicable,1995,,34761.554,,2025,,A,Normal value,0,Units,0,Zero
DATAFLOW,OECD.ELS.SAE:DSD_EARNINGS@AV_AN_WAGE(1.0),Average annual wages,I,FRA,France,WG,Wages,EUR,Euro,A,Annual,Q,Constant prices,MEAN,Mean,_Z,Not applicable,1996,,34883.672,,2025,,A,Normal value,0,Units,0,Zero
DATAFLOW,OECD.ELS.SAE:DSD_EARNINGS@AV_AN_WAGE(1.0),Average annual wages,I,FRA,France,WG,Wages,EUR,Euro,A,Annual,Q,Constant prices,MEAN,Mean,_Z,Not applicable,1997,,35316.428,,2025,,A,Normal value,0,Units,0,Zero
DATAFLOW,OECD.ELS.SAE:DSD_EARNINGS@AV_AN_WAGE(1.0),Average annual wages,I,FRA,France,WG,Wages,EUR,Euro,A,Annual,Q,Constant prices,MEAN,Mean,_Z,Not applicable,1998,,35808.504,,2025,,A,Normal value,0,Units,0,Zero
DATAFLOW,OECD.ELS.SAE:DSD_EARNINGS@AV_AN_WAGE(1.0),Average annual wages,I,FRA,France,WG,Wages,EUR,Euro,A,Annual,Q,Constant prices,MEAN,Mean,_Z,Not applicable,1999,,36579.527,,2025,,A,Normal value,0,Units,0,Zero
DATAFLOW,OECD.ELS.SAE:DSD_EARNINGS@AV_AN_WAGE(1.0),Average annual wages,I,FRA,France,WG,Wages,EUR,Euro,A,Annual,Q,Constant prices,MEAN,Mean,_Z,Not applicable,2000,,36873.435,,2025,,A,Normal value,0,Units,0,Zero
DATAFLOW,OECD.ELS.SAE:DSD_EARNINGS@AV_AN_WAGE(1.0),Average annual wages,I,FRA,France,WG,Wages,EUR,Euro,A,Annual,Q,Constant prices,MEAN,Mean,_Z,Not applicable,2001,,37100.252,,2025,,A,Normal value,0,Units,0,Zero
DATAFLOW,OECD.ELS.SAE:DSD_EARNINGS@AV_AN_WAGE(1.0),Average annual wages,I,FRA,France,WG,Wages,EUR,Euro,A,Annual,Q,Constant prices,MEAN,Mean,_Z,Not applicable,2002,,38101.514,,2025,,A,Normal value,0,Units,0,Zero
DATAFLOW,OECD.ELS.SAE:DSD_EARNINGS@AV_AN_WAGE(1.0),Average annual wages,I,FRA,France,WG,Wages,EUR,Euro,A,Annual,Q,Constant prices,MEAN,Mean,_Z,Not applicable,2003,,38471.218,,2025,,A,Normal value,0,Units,0,Zero
DATAFLOW,OECD.ELS.SAE:DSD_EARNINGS@AV_AN_WAGE(1.0),Average annual wages,I,FRA,France,WG,Wages,EUR,Euro,A,Annual,Q,Constant prices,MEAN,Mean,_Z,Not applicable,2004,,39077.158,,2025,,A,Normal value,0,Units,0,Zero
DATAFLOW,OECD.ELS.SAE:DSD_EARNINGS@AV_AN_WAGE(1.0),Average annual wages,I,FRA,France,WG,Wages,EUR,Euro,A,Annual,Q,Constant prices,MEAN,Mean,_Z,Not applicable,2005,,39612.477,,2025,,A,Normal value,0,Units,0,Zero
DATAFLOW,OECD.ELS.SAE:DSD_EARNINGS@AV_AN_WAGE(1.0),Average annual wages,I,FRA,France,WG,Wages,EUR,Euro,A,Annual,Q,Constant prices,MEAN,Mean,_Z,Not applicable,2006,,40041.581,,2025,,A,Normal value,0,Units,0,Zero
DATAFLOW,OECD.ELS.SAE:DSD_EARNINGS@AV_AN_WAGE(1.0),Average annual wages,I,FRA,France,WG,Wages,EUR,Euro,A,Annual,Q,Constant prices,MEAN,Mean,_Z,Not applicable,2007,,40257.566,,2025,,A,Normal value,0,Units,0,Zero
DATAFLOW,OECD.ELS.SAE:DSD_EARNINGS@AV_AN_WAGE(1.0),Average annual wages,I,FRA,France,WG,Wages,EUR,Euro,A,Annual,Q,Constant prices,MEAN,Mean,_Z,Not applicable,2008,,40149.884,,2025,,A,Normal value,0,Units,0,Zero
DATAFLOW,OECD.ELS.SAE:DSD_EARNINGS@AV_AN_WAGE(1.0),Average annual wages,I,FRA,France,WG,Wages,EUR,Euro,A,Annual,Q,Constant prices,MEAN,Mean,_Z,Not applicable,2009,,41472.091,,2025,,A,Normal value,0,Units,0,Zero
DATAFLOW,OECD.ELS.SAE:DSD_EARNINGS@AV_AN_WAGE(1.0),Average annual wages,I,FRA,France,WG,Wages,EUR,Euro,A,Annual,Q,Constant prices,MEAN,Mean,_Z,Not applicable,2010,,42241.022,,2025,,A,Normal value,0,Units,0,Zero
DATAFLOW,OECD.ELS.SAE:DSD_EARNINGS@AV_AN_WAGE(1.0),Average annual wages,I,FRA,France,WG,Wages,EUR,Euro,A,Annual,Q,Constant prices,MEAN,Mean,_Z,Not applicable,2011,,42293.764,,2025,,A,Normal value,0,Units,0,Zero
DATAFLOW,OECD.ELS.SAE:DSD_EARNINGS@AV_AN_WAGE(1.0),Average annual wages,I,FRA,France,WG,Wages,EUR,Euro,A,Annual,Q,Constant prices,MEAN,Mean,_Z,Not applicable,2012,,42558.542,,2025,,A,Normal value,0,Units,0,Zero
DATAFLOW,OECD.ELS.SAE:DSD_EARNINGS@AV_AN_WAGE(1.0),Average annual wages,I,FRA,France,WG,Wages,EUR,Euro,A,Annual,Q,Constant prices,MEAN,Mean,_Z,Not applicable,2013,,42964.444,,2025,,A,Normal value,0,Units,0,Zero
DATAFLOW,OECD.ELS.SAE:DSD_EARNINGS@AV_AN_WAGE(1.0),Average annual wages,I,FRA,France,WG,Wages,EUR,Euro,A,Annual,Q,Constant prices,MEAN,Mean,_Z,Not applicable,2014,,43240.176,,2025,,A,Normal value,0,Units,0,Zero
DATAFLOW,OECD.ELS.SAE:DSD_EARNINGS@AV_AN_WAGE(1.0),Average annual wages,I,FRA,France,WG,Wages,EUR,Euro,A,Annual,Q,Constant prices,MEAN,Mean,_Z,Not applicable,2015,,43572.491,,2025,,A,Normal value,0,Units,0,Zero
DATAFLOW,OECD.ELS.SAE:DSD_EARNINGS@AV_AN_WAGE(1.0),Average annual wages,I,FRA,France,WG,Wages,EUR,Euro,A,Annual,Q,Constant prices,MEAN,Mean,_Z,Not applicable,2016,,44038.131,,2025,,A,Normal value,0,Units,0,Zero
DATAFLOW,OECD.ELS.SAE:DSD_EARNINGS@AV_AN_WAGE(1.0),Average annual wages,I,FRA,France,WG,Wages,EUR,Euro,A,Annual,Q,Constant prices,MEAN,Mean,_Z,Not applicable,2017,,44644.189,,2025,,A,Normal value,0,Units,0,Zero
DATAFLOW,OECD.ELS.SAE:DSD_EARNINGS@AV_AN_WAGE(1.0),Average annual wages,I,FRA,France,WG,Wages,EUR,Euro,A,Annual,Q,Constant prices,MEAN,Mean,_Z,Not applicable,2018,,44442.123,,2025,,A,Normal value,0,Units,0,Zero
DATAFLOW,OECD.ELS.SAE:DSD_EARNINGS@AV_AN_WAGE(1.0),Average annual wages,I,FRA,France,WG,Wages,EUR,Euro,A,Annual,Q,Constant prices,MEAN,Mean,_Z,Not applicable,2019,,44894.413,,2025,,A,Normal value,0,Units,0,Zero
DATAFLOW,OECD.ELS.SAE:DSD_EARNINGS@AV_AN_WAGE(1.0),Average annual wages,I,FRA,France,WG,Wages,EUR,Euro,A,Annual,Q,Constant prices,MEAN,Mean,_Z,Not applicable,2020,,42724.795,,2025,,A,Normal value,0,Units,0,Zero
DATAFLOW,OECD.ELS.SAE:DSD_EARNINGS@AV_AN_WAGE(1.0),Average annual wages,I,FRA,France,WG,Wages,EUR,Euro,A,Annual,Q,Constant prices,MEAN,Mean,_Z,Not applicable,2021,,44573.91,,2025,,A,Normal value,0,Units,0,Zero
DATAFLOW,OECD.ELS.SAE:DSD_EARNINGS@AV_AN_WAGE(1.0),Average annual wages,I,FRA,France,WG,Wages,EUR,Euro,A,Annual,Q,Constant prices,MEAN,Mean,_Z,Not applicable,2022,,44715.068,,2025,,A,Normal value,0,Units,0,Zero
DATAFLOW,OECD.ELS.SAE:DSD_EARNINGS@AV_AN_WAGE(1.0),Average annual wages,I,FRA,France,WG,Wages,EUR,Euro,A,Annual,Q,Constant prices,MEAN,Mean,_Z,Not applicable,2023,,43665.127,,2025,,A,Normal value,0,Units,0,Zero
DATAFLOW,OECD.ELS.SAE:DSD_EARNINGS@AV_AN_WAGE(1.0),Average annual wages,I,FRA,France,WG,Wages,EUR,Euro,A,Annual,Q,Constant prices,MEAN,Mean,_Z,Not applicable,2024,,43851.019,,2025,,A,Normal value,0,Units,0,Zero
DATAFLOW,OECD.ELS.SAE:DSD_EARNINGS@AV_AN_WAGE(1.0),Average annual wages,I,FRA,France,WG,Wages,EUR,Euro,A,Annual,Q,Constant prices,MEAN,Mean,_Z,Not applicable,2025,,44303.985,,2025,,A,Normal value,0,Units,0,Zero
DATAFLOW,OECD.ELS.SAE:DSD_EARNINGS@AV_AN_WAGE(1.0),Average annual wages,I,DEU,Germany,WG,Wages,EUR,Euro,A,Annual,Q,Constant prices,MEAN,Mean,_Z,Not applicable,1991,,40629.898,,2025,,A,Normal value,0,Units,0,Zero
DATAFLOW,OECD.ELS.SAE:DSD_EARNINGS@AV_AN_WAGE(1.0),Average annual wages,I,DEU,Germany,WG,Wages,EUR,Euro,A,Annual,Q,Constant prices,MEAN,Mean,_Z,Not applicable,1992,,43020.168,,2025,,A,Normal value,0,Units,0,Zero
DATAFLOW,OECD.ELS.SAE:DSD_EARNINGS@AV_AN_WAGE(1.0),Average annual wages,I,DEU,Germany,WG,Wages,EUR,Euro,A,Annual,Q,Constant prices,MEAN,Mean,_Z,Not applicable,1993,,43332.118,,2025,,A,Normal value,0,Units,0,Zero
DATAFLOW,OECD.ELS.SAE:DSD_EARNINGS@AV_AN_WAGE(1.0),Average annual wages,I,DEU,Germany,WG,Wages,EUR,Euro,A,Annual,Q,Constant prices,MEAN,Mean,_Z,Not applicable,1994,,43442.996,,2025,,A,Normal value,0,Units,0,Zero
DATAFLOW,OECD.ELS.SAE:DSD_EARNINGS@AV_AN_WAGE(1.0),Average annual wages,I,DEU,Germany,WG,Wages,EUR,Euro,A,Annual,Q,Constant prices,MEAN,Mean,_Z,Not applicable,1995,,44342.054,,2025,,A,Normal value,0,Units,0,Zero
DATAFLOW,OECD.ELS.SAE:DSD_EARNINGS@AV_AN_WAGE(1.0),Average annual wages,I,DEU,Germany,WG,Wages,EUR,Euro,A,Annual,Q,Constant prices,MEAN,Mean,_Z,Not applicable,1996,,44841.437,,2025,,A,Normal value,0,Units,0,Zero
DATAFLOW,OECD.ELS.SAE:DSD_EARNINGS@AV_AN_WAGE(1.0),Average annual wages,I,DEU,Germany,WG,Wages,EUR,Euro,A,Annual,Q,Constant prices,MEAN,Mean,_Z,Not applicable,1997,,44667.793,,2025,,A,Normal value,0,Units,0,Zero
DATAFLOW,OECD.ELS.SAE:DSD_EARNINGS@AV_AN_WAGE(1.0),Average annual wages,I,DEU,Germany,WG,Wages,EUR,Euro,A,Annual,Q,Constant prices,MEAN,Mean,_Z,Not applicable,1998,,45166.551,,2025,,A,Normal value,0,Units,0,Zero
DATAFLOW,OECD.ELS.SAE:DSD_EARNINGS@AV_AN_WAGE(1.0),Average annual wages,I,DEU,Germany,WG,Wages,EUR,Euro,A,Annual,Q,Constant prices,MEAN,Mean,_Z,Not applicable,1999,,45768.431,,2025,,A,Normal value,0,Units,0,Zero
DATAFLOW,OECD.ELS.SAE:DSD_EARNINGS@AV_AN_WAGE(1.0),Average annual wages,I,DEU,Germany,WG,Wages,EUR,Euro,A,Annual,Q,Constant prices,MEAN,Mean,_Z,Not applicable,2000,,46041.821,,2025,,A,Normal value,0,Units,0,Zero
DATAFLOW,OECD.ELS.SAE:DSD_EARNINGS@AV_AN_WAGE(1.0),Average annual wages,I,DEU,Germany,WG,Wages,EUR,Euro,A,Annual,Q,Constant prices,MEAN,Mean,_Z,Not applicable,2001,,46353.751,,2025,,A,Normal value,0,Units,0,Zero
DATAFLOW,OECD.ELS.SAE:DSD_EARNINGS@AV_AN_WAGE(1.0),Average annual wages,I,DEU,Germany,WG,Wages,EUR,Euro,A,Annual,Q,Constant prices,MEAN,Mean,_Z,Not applicable,2002,,46521.369,,2025,,A,Normal value,0,Units,0,Zero
DATAFLOW,OECD.ELS.SAE:DSD_EARNINGS@AV_AN_WAGE(1.0),Average annual wages,I,DEU,Germany,WG,Wages,EUR,Euro,A,Annual,Q,Constant prices,MEAN,Mean,_Z,Not applicable,2003,,46677.252,,2025,,A,Normal value,0,Units,0,Zero
DATAFLOW,OECD.ELS.SAE:DSD_EARNINGS@AV_AN_WAGE(1.0),Average annual wages,I,DEU,Germany,WG,Wages,EUR,Euro,A,Annual,Q,Constant prices,MEAN,Mean,_Z,Not applicable,2004,,46667.983,,2025,,A,Normal value,0,Units,0,Zero
DATAFLOW,OECD.ELS.SAE:DSD_EARNINGS@AV_AN_WAGE(1.0),Average annual wages,I,DEU,Germany,WG,Wages,EUR,Euro,A,Annual,Q,Constant prices,MEAN,Mean,_Z,Not applicable,2005,,46721.884,,2025,,A,Normal value,0,Units,0,Zero
DATAFLOW,OECD.ELS.SAE:DSD_EARNINGS@AV_AN_WAGE(1.0),Average annual wages,I,DEU,Germany,WG,Wages,EUR,Euro,A,Annual,Q,Constant prices,MEAN,Mean,_Z,Not applicable,2006,,46818.64,,2025,,A,Normal value,0,Units,0,Zero
DATAFLOW,OECD.ELS.SAE:DSD_EARNINGS@AV_AN_WAGE(1.0),Average annual wages,I,DEU,Germany,WG,Wages,EUR,Euro,A,Annual,Q,Constant prices,MEAN,Mean,_Z,Not applicable,2007,,46635.367,,2025,,A,Normal value,0,Units,0,Zero
DATAFLOW,OECD.ELS.SAE:DSD_EARNINGS@AV_AN_WAGE(1.0),Average annual wages,I,DEU,Germany,WG,Wages,EUR,Euro,A,Annual,Q,Constant prices,MEAN,Mean,_Z,Not applicable,2008,,46835.257,,2025,,A,Normal value,0,Units,0,Zero
DATAFLOW,OECD.ELS.SAE:DSD_EARNINGS@AV_AN_WAGE(1.0),Average annual wages,I,DEU,Germany,WG,Wages,EUR,Euro,A,Annual,Q,Constant prices,MEAN,Mean,_Z,Not applicable,2009,,46957.454,,2025,,A,Normal value,0,Units,0,Zero
DATAFLOW,OECD.ELS.SAE:DSD_EARNINGS@AV_AN_WAGE(1.0),Average annual wages,I,DEU,Germany,WG,Wages,EUR,Euro,A,Annual,Q,Constant prices,MEAN,Mean,_Z,Not applicable,2010,,47351.895,,2025,,A,Normal value,0,Units,0,Zero
DATAFLOW,OECD.ELS.SAE:DSD_EARNINGS@AV_AN_WAGE(1.0),Average annual wages,I,DEU,Germany,WG,Wages,EUR,Euro,A,Annual,Q,Constant prices,MEAN,Mean,_Z,Not applicable,2011,,48177.069,,2025,,A,Normal value,0,Units,0,Zero
DATAFLOW,OECD.ELS.SAE:DSD_EARNINGS@AV_AN_WAGE(1.0),Average annual wages,I,DEU,Germany,WG,Wages,EUR,Euro,A,Annual,Q,Constant prices,MEAN,Mean,_Z,Not applicable,2012,,48754.24,,2025,,A,Normal value,0,Units,0,Zero
DATAFLOW,OECD.ELS.SAE:DSD_EARNINGS@AV_AN_WAGE(1.0),Average annual wages,I,DEU,Germany,WG,Wages,EUR,Euro,A,Annual,Q,Constant prices,MEAN,Mean,_Z,Not applicable,2013,,49200.309,,2025,,A,Normal value,0,Units,0,Zero
DATAFLOW,OECD.ELS.SAE:DSD_EARNINGS@AV_AN_WAGE(1.0),Average annual wages,I,DEU,Germany,WG,Wages,EUR,Euro,A,Annual,Q,Constant prices,MEAN,Mean,_Z,Not applicable,2014,,49995.19,,2025,,A,Normal value,0,Units,0,Zero
DATAFLOW,OECD.ELS.SAE:DSD_EARNINGS@AV_AN_WAGE(1.0),Average annual wages,I,DEU,Germany,WG,Wages,EUR,Euro,A,Annual,Q,Constant prices,MEAN,Mean,_Z,Not applicable,2015,,51216.077,,2025,,A,Normal value,0,Units,0,Zero
DATAFLOW,OECD.ELS.SAE:DSD_EARNINGS@AV_AN_WAGE(1.0),Average annual wages,I,DEU,Germany,WG,Wages,EUR,Euro,A,Annual,Q,Constant prices,MEAN,Mean,_Z,Not applicable,2016,,52045.849,,2025,,A,Normal value,0,Units,0,Zero
DATAFLOW,OECD.ELS.SAE:DSD_EARNINGS@AV_AN_WAGE(1.0),Average annual wages,I,DEU,Germany,WG,Wages,EUR,Euro,A,Annual,Q,Constant prices,MEAN,Mean,_Z,Not applicable,2017,,52605.403,,2025,,A,Normal value,0,Units,0,Zero
DATAFLOW,OECD.ELS.SAE:DSD_EARNINGS@AV_AN_WAGE(1.0),Average annual wages,I,DEU,Germany,WG,Wages,EUR,Euro,A,Annual,Q,Constant prices,MEAN,Mean,_Z,Not applicable,2018,,53309.163,,2025,,A,Normal value,0,Units,0,Zero
DATAFLOW,OECD.ELS.SAE:DSD_EARNINGS@AV_AN_WAGE(1.0),Average annual wages,I,DEU,Germany,WG,Wages,EUR,Euro,A,Annual,Q,Constant prices,MEAN,Mean,_Z,Not applicable,2019,,54186.656,,2025,,A,Normal value,0,Units,0,Zero
DATAFLOW,OECD.ELS.SAE:DSD_EARNINGS@AV_AN_WAGE(1.0),Average annual wages,I,DEU,Germany,WG,Wages,EUR,Euro,A,Annual,Q,Constant prices,MEAN,Mean,_Z,Not applicable,2020,,53777.223,,2025,,A,Normal value,0,Units,0,Zero
DATAFLOW,OECD.ELS.SAE:DSD_EARNINGS@AV_AN_WAGE(1.0),Average annual wages,I,DEU,Germany,WG,Wages,EUR,Euro,A,Annual,Q,Constant prices,MEAN,Mean,_Z,Not applicable,2021,,53669.408,,2025,,A,Normal value,0,Units,0,Zero
DATAFLOW,OECD.ELS.SAE:DSD_EARNINGS@AV_AN_WAGE(1.0),Average annual wages,I,DEU,Germany,WG,Wages,EUR,Euro,A,Annual,Q,Constant prices,MEAN,Mean,_Z,Not applicable,2022,,52517.094,,2025,,A,Normal value,0,Units,0,Zero
DATAFLOW,OECD.ELS.SAE:DSD_EARNINGS@AV_AN_WAGE(1.0),Average annual wages,I,DEU,Germany,WG,Wages,EUR,Euro,A,Annual,Q,Constant prices,MEAN,Mean,_Z,Not applicable,2023,,52444.993,,2025,,A,Normal value,0,Units,0,Zero
DATAFLOW,OECD.ELS.SAE:DSD_EARNINGS@AV_AN_WAGE(1.0),Average annual wages,I,DEU,Germany,WG,Wages,EUR,Euro,A,Annual,Q,Constant prices,MEAN,Mean,_Z,Not applicable,2024,,53811.331,,2025,,A,Normal value,0,Units,0,Zero
DATAFLOW,OECD.ELS.SAE:DSD_EARNINGS@AV_AN_WAGE(1.0),Average annual wages,I,DEU,Germany,WG,Wages,EUR,Euro,A,Annual,Q,Constant prices,MEAN,Mean,_Z,Not applicable,2025,,54839.643,,2025,,A,Normal value,0,Units,0,Zero
DATAFLOW,OECD.ELS.SAE:DSD_EARNINGS@AV_AN_WAGE(1.0),Average annual wages,I,GRC,Greece,WG,Wages,EUR,Euro,A,Annual,Q,Constant prices,MEAN,Mean,_Z,Not applicable,1995,,14974.56,,2025,,A,Normal value,0,Units,0,Zero
DATAFLOW,OECD.ELS.SAE:DSD_EARNINGS@AV_AN_WAGE(1.0),Average annual wages,I,GRC,Greece,WG,Wages,EUR,Euro,A,Annual,Q,Constant prices,MEAN,Mean,_Z,Not applicable,1996,,15203.338,,2025,,A,Normal value,0,Units,0,Zero
DATAFLOW,OECD.ELS.SAE:DSD_EARNINGS@AV_AN_WAGE(1.0),Average annual wages,I,GRC,Greece,WG,Wages,EUR,Euro,A,Annual,Q,Constant prices,MEAN,Mean,_Z,Not applicable,1997,,16607.355,,2025,,A,Normal value,0,Units,0,Zero
DATAFLOW,OECD.ELS.SAE:DSD_EARNINGS@AV_AN_WAGE(1.0),Average annual wages,I,GRC,Greece,WG,Wages,EUR,Euro,A,Annual,Q,Constant prices,MEAN,Mean,_Z,Not applicable,1998,,17996.696,,2025,,A,Normal value,0,Units,0,Zero
DATAFLOW,OECD.ELS.SAE:DSD_EARNINGS@AV_AN_WAGE(1.0),Average annual wages,I,GRC,Greece,WG,Wages,EUR,Euro,A,Annual,Q,Constant prices,MEAN,Mean,_Z,Not applicable,1999,,18398.696,,2025,,A,Normal value,0,Units,0,Zero
DATAFLOW,OECD.ELS.SAE:DSD_EARNINGS@AV_AN_WAGE(1.0),Average annual wages,I,GRC,Greece,WG,Wages,EUR,Euro,A,Annual,Q,Constant prices,MEAN,Mean,_Z,Not applicable,2000,,18973.729,,2025,,A,Normal value,0,Units,0,Zero
DATAFLOW,OECD.ELS.SAE:DSD_EARNINGS@AV_AN_WAGE(1.0),Average annual wages,I,GRC,Greece,WG,Wages,EUR,Euro,A,Annual,Q,Constant prices,MEAN,Mean,_Z,Not applicable,2001,,19726.596,,2025,,A,Normal value,0,Units,0,Zero
DATAFLOW,OECD.ELS.SAE:DSD_EARNINGS@AV_AN_WAGE(1.0),Average annual wages,I,GRC,Greece,WG,Wages,EUR,Euro,A,Annual,Q,Constant prices,MEAN,Mean,_Z,Not applicable,2002,,22583.802,,2025,,A,Normal value,0,Units,0,Zero
DATAFLOW,OECD.ELS.SAE:DSD_EARNINGS@AV_AN_WAGE(1.0),Average annual wages,I,GRC,Greece,WG,Wages,EUR,Euro,A,Annual,Q,Constant prices,MEAN,Mean,_Z,Not applicable,2003,,23664.924,,2025,,A,Normal value,0,Units,0,Zero
DATAFLOW,OECD.ELS.SAE:DSD_EARNINGS@AV_AN_WAGE(1.0),Average annual wages,I,GRC,Greece,WG,Wages,EUR,Euro,A,Annual,Q,Constant prices,MEAN,Mean,_Z,Not applicable,2004,,23475.744,,2025,,A,Normal value,0,Units,0,Zero
DATAFLOW,OECD.ELS.SAE:DSD_EARNINGS@AV_AN_WAGE(1.0),Average annual wages,I,GRC,Greece,WG,Wages,EUR,Euro,A,Annual,Q,Constant prices,MEAN,Mean,_Z,Not applicable,2005,,24168.71,,2025,,A,Normal value,0,Units,0,Zero
DATAFLOW,OECD.ELS.SAE:DSD_EARNINGS@AV_AN_WAGE(1.0),Average annual wages,I,GRC,Greece,WG,Wages,EUR,Euro,A,Annual,Q,Constant prices,MEAN,Mean,_Z,Not applicable,2006,,24756.226,,2025,,A,Normal value,0,Units,0,Zero
DATAFLOW,OECD.ELS.SAE:DSD_EARNINGS@AV_AN_WAGE(1.0),Average annual wages,I,GRC,Greece,WG,Wages,EUR,Euro,A,Annual,Q,Constant prices,MEAN,Mean,_Z,Not applicable,2007,,24884.524,,2025,,A,Normal value,0,Units,0,Zero
DATAFLOW,OECD.ELS.SAE:DSD_EARNINGS@AV_AN_WAGE(1.0),Average annual wages,I,GRC,Greece,WG,Wages,EUR,Euro,A,Annual,Q,Constant prices,MEAN,Mean,_Z,Not applicable,2008,,24527.772,,2025,,A,Normal value,0,Units,0,Zero
DATAFLOW,OECD.ELS.SAE:DSD_EARNINGS@AV_AN_WAGE(1.0),Average annual wages,I,GRC,Greece,WG,Wages,EUR,Euro,A,Annual,Q,Constant prices,MEAN,Mean,_Z,Not applicable,2009,,25623.239,,2025,,A,Normal value,0,Units,0,Zero
DATAFLOW,OECD.ELS.SAE:DSD_EARNINGS@AV_AN_WAGE(1.0),Average annual wages,I,GRC,Greece,WG,Wages,EUR,Euro,A,Annual,Q,Constant prices,MEAN,Mean,_Z,Not applicable,2010,,24155.036,,2025,,A,Normal value,0,Units,0,Zero
DATAFLOW,OECD.ELS.SAE:DSD_EARNINGS@AV_AN_WAGE(1.0),Average annual wages,I,GRC,Greece,WG,Wages,EUR,Euro,A,Annual,Q,Constant prices,MEAN,Mean,_Z,Not applicable,2011,,22636.5,,2025,,A,Normal value,0,Units,0,Zero
DATAFLOW,OECD.ELS.SAE:DSD_EARNINGS@AV_AN_WAGE(1.0),Average annual wages,I,GRC,Greece,WG,Wages,EUR,Euro,A,Annual,Q,Constant prices,MEAN,Mean,_Z,Not applicable,2012,,21319.808,,2025,,A,Normal value,0,Units,0,Zero
DATAFLOW,OECD.ELS.SAE:DSD_EARNINGS@AV_AN_WAGE(1.0),Average annual wages,I,GRC,Greece,WG,Wages,EUR,Euro,A,Annual,Q,Constant prices,MEAN,Mean,_Z,Not applicable,2013,,19919.793,,2025,,A,Normal value,0,Units,0,Zero
DATAFLOW,OECD.ELS.SAE:DSD_EARNINGS@AV_AN_WAGE(1.0),Average annual wages,I,GRC,Greece,WG,Wages,EUR,Euro,A,Annual,Q,Constant prices,MEAN,Mean,_Z,Not applicable,2014,,19850.889,,2025,,A,Normal value,0,Units,0,Zero
DATAFLOW,OECD.ELS.SAE:DSD_EARNINGS@AV_AN_WAGE(1.0),Average annual wages,I,GRC,Greece,WG,Wages,EUR,Euro,A,Annual,Q,Constant prices,MEAN,Mean,_Z,Not applicable,2015,,20008.777,,2025,,A,Normal value,0,Units,0,Zero
DATAFLOW,OECD.ELS.SAE:DSD_EARNINGS@AV_AN_WAGE(1.0),Average annual wages,I,GRC,Greece,WG,Wages,EUR,Euro,A,Annual,Q,Constant prices,MEAN,Mean,_Z,Not applicable,2016,,19555.365,,2025,,A,Normal value,0,Units,0,Zero
DATAFLOW,OECD.ELS.SAE:DSD_EARNINGS@AV_AN_WAGE(1.0),Average annual wages,I,GRC,Greece,WG,Wages,EUR,Euro,A,Annual,Q,Constant prices,MEAN,Mean,_Z,Not applicable,2017,,19572.04,,2025,,A,Normal value,0,Units,0,Zero
DATAFLOW,OECD.ELS.SAE:DSD_EARNINGS@AV_AN_WAGE(1.0),Average annual wages,I,GRC,Greece,WG,Wages,EUR,Euro,A,Annual,Q,Constant prices,MEAN,Mean,_Z,Not applicable,2018,,18772.17,,2025,,A,Normal value,0,Units,0,Zero
DATAFLOW,OECD.ELS.SAE:DSD_EARNINGS@AV_AN_WAGE(1.0),Average annual wages,I,GRC,Greece,WG,Wages,EUR,Euro,A,Annual,Q,Constant prices,MEAN,Mean,_Z,Not applicable,2019,,18818.242,,2025,,A,Normal value,0,Units,0,Zero
DATAFLOW,OECD.ELS.SAE:DSD_EARNINGS@AV_AN_WAGE(1.0),Average annual wages,I,GRC,Greece,WG,Wages,EUR,Euro,A,Annual,Q,Constant prices,MEAN,Mean,_Z,Not applicable,2020,,18861.875,,2025,,A,Normal value,0,Units,0,Zero
DATAFLOW,OECD.ELS.SAE:DSD_EARNINGS@AV_AN_WAGE(1.0),Average annual wages,I,GRC,Greece,WG,Wages,EUR,Euro,A,Annual,Q,Constant prices,MEAN,Mean,_Z,Not applicable,2021,,18902.239,,2025,,A,Normal value,0,Units,0,Zero
DATAFLOW,OECD.ELS.SAE:DSD_EARNINGS@AV_AN_WAGE(1.0),Average annual wages,I,GRC,Greece,WG,Wages,EUR,Euro,A,Annual,Q,Constant prices,MEAN,Mean,_Z,Not applicable,2022,,18226.995,,2025,,A,Normal value,0,Units,0,Zero
DATAFLOW,OECD.ELS.SAE:DSD_EARNINGS@AV_AN_WAGE(1.0),Average annual wages,I,GRC,Greece,WG,Wages,EUR,Euro,A,Annual,Q,Constant prices,MEAN,Mean,_Z,Not applicable,2023,,18232.375,,2025,,A,Normal value,0,Units,0,Zero
DATAFLOW,OECD.ELS.SAE:DSD_EARNINGS@AV_AN_WAGE(1.0),Average annual wages,I,GRC,Greece,WG,Wages,EUR,Euro,A,Annual,Q,Constant prices,MEAN,Mean,_Z,Not applicable,2024,,18853.386,,2025,,A,Normal value,0,Units,0,Zero
DATAFLOW,OECD.ELS.SAE:DSD_EARNINGS@AV_AN_WAGE(1.0),Average annual wages,I,GRC,Greece,WG,Wages,EUR,Euro,A,Annual,Q,Constant prices,MEAN,Mean,_Z,Not applicable,2025,,18800.831,,2025,,A,Normal value,0,Units,0,Zero
DATAFLOW,OECD.ELS.SAE:DSD_EARNINGS@AV_AN_WAGE(1.0),Average annual wages,I,IRL,Ireland,WG,Wages,EUR,Euro,A,Annual,Q,Constant prices,MEAN,Mean,_Z,Not applicable,1990,,30515.163,,2025,,A,Normal value,0,Units,0,Zero
DATAFLOW,OECD.ELS.SAE:DSD_EARNINGS@AV_AN_WAGE(1.0),Average annual wages,I,IRL,Ireland,WG,Wages,EUR,Euro,A,Annual,Q,Constant prices,MEAN,Mean,_Z,Not applicable,1991,,31775.962,,2025,,A,Normal value,0,Units,0,Zero
DATAFLOW,OECD.ELS.SAE:DSD_EARNINGS@AV_AN_WAGE(1.0),Average annual wages,I,IRL,Ireland,WG,Wages,EUR,Euro,A,Annual,Q,Constant prices,MEAN,Mean,_Z,Not applicable,1992,,33099.998,,2025,,A,Normal value,0,Units,0,Zero
DATAFLOW,OECD.ELS.SAE:DSD_EARNINGS@AV_AN_WAGE(1.0),Average annual wages,I,IRL,Ireland,WG,Wages,EUR,Euro,A,Annual,Q,Constant prices,MEAN,Mean,_Z,Not applicable,1993,,34738.461,,2025,,A,Normal value,0,Units,0,Zero
DATAFLOW,OECD.ELS.SAE:DSD_EARNINGS@AV_AN_WAGE(1.0),Average annual wages,I,IRL,Ireland,WG,Wages,EUR,Euro,A,Annual,Q,Constant prices,MEAN,Mean,_Z,Not applicable,1994,,34965.219,,2025,,A,Normal value,0,Units,0,Zero
DATAFLOW,OECD.ELS.SAE:DSD_EARNINGS@AV_AN_WAGE(1.0),Average annual wages,I,IRL,Ireland,WG,Wages,EUR,Euro,A,Annual,Q,Constant prices,MEAN,Mean,_Z,Not applicable,1995,,35585.947,,2025,,A,Normal value,0,Units,0,Zero
DATAFLOW,OECD.ELS.SAE:DSD_EARNINGS@AV_AN_WAGE(1.0),Average annual wages,I,IRL,Ireland,WG,Wages,EUR,Euro,A,Annual,Q,Constant prices,MEAN,Mean,_Z,Not applicable,1996,,36804.567,,2025,,A,Normal value,0,Units,0,Zero
DATAFLOW,OECD.ELS.SAE:DSD_EARNINGS@AV_AN_WAGE(1.0),Average annual wages,I,IRL,Ireland,WG,Wages,EUR,Euro,A,Annual,Q,Constant prices,MEAN,Mean,_Z,Not applicable,1997,,39423.071,,2025,,A,Normal value,0,Units,0,Zero
DATAFLOW,OECD.ELS.SAE:DSD_EARNINGS@AV_AN_WAGE(1.0),Average annual wages,I,IRL,Ireland,WG,Wages,EUR,Euro,A,Annual,Q,Constant prices,MEAN,Mean,_Z,Not applicable,1998,,41546.674,,2025,,A,Normal value,0,Units,0,Zero
DATAFLOW,OECD.ELS.SAE:DSD_EARNINGS@AV_AN_WAGE(1.0),Average annual wages,I,IRL,Ireland,WG,Wages,EUR,Euro,A,Annual,Q,Constant prices,MEAN,Mean,_Z,Not applicable,1999,,42470.758,,2025,,A,Normal value,0,Units,0,Zero
DATAFLOW,OECD.ELS.SAE:DSD_EARNINGS@AV_AN_WAGE(1.0),Average annual wages,I,IRL,Ireland,WG,Wages,EUR,Euro,A,Annual,Q,Constant prices,MEAN,Mean,_Z,Not applicable,2000,,43495.648,,2025,,A,Normal value,0,Units,0,Zero
DATAFLOW,OECD.ELS.SAE:DSD_EARNINGS@AV_AN_WAGE(1.0),Average annual wages,I,IRL,Ireland,WG,Wages,EUR,Euro,A,Annual,Q,Constant prices,MEAN,Mean,_Z,Not applicable,2001,,45276.609,,2025,,A,Normal value,0,Units,0,Zero
DATAFLOW,OECD.ELS.SAE:DSD_EARNINGS@AV_AN_WAGE(1.0),Average annual wages,I,IRL,Ireland,WG,Wages,EUR,Euro,A,Annual,Q,Constant prices,MEAN,Mean,_Z,Not applicable,2002,,45811.918,,2025,,A,Normal value,0,Units,0,Zero
DATAFLOW,OECD.ELS.SAE:DSD_EARNINGS@AV_AN_WAGE(1.0),Average annual wages,I,IRL,Ireland,WG,Wages,EUR,Euro,A,Annual,Q,Constant prices,MEAN,Mean,_Z,Not applicable,2003,,47401.005,,2025,,A,Normal value,0,Units,0,Zero
DATAFLOW,OECD.ELS.SAE:DSD_EARNINGS@AV_AN_WAGE(1.0),Average annual wages,I,IRL,Ireland,WG,Wages,EUR,Euro,A,Annual,Q,Constant prices,MEAN,Mean,_Z,Not applicable,2004,,49160.468,,2025,,A,Normal value,0,Units,0,Zero
DATAFLOW,OECD.ELS.SAE:DSD_EARNINGS@AV_AN_WAGE(1.0),Average annual wages,I,IRL,Ireland,WG,Wages,EUR,Euro,A,Annual,Q,Constant prices,MEAN,Mean,_Z,Not applicable,2005,,51184.717,,2025,,A,Normal value,0,Units,0,Zero
DATAFLOW,OECD.ELS.SAE:DSD_EARNINGS@AV_AN_WAGE(1.0),Average annual wages,I,IRL,Ireland,WG,Wages,EUR,Euro,A,Annual,Q,Constant prices,MEAN,Mean,_Z,Not applicable,2006,,51597.661,,2025,,A,Normal value,0,Units,0,Zero
DATAFLOW,OECD.ELS.SAE:DSD_EARNINGS@AV_AN_WAGE(1.0),Average annual wages,I,IRL,Ireland,WG,Wages,EUR,Euro,A,Annual,Q,Constant prices,MEAN,Mean,_Z,Not applicable,2007,,53067.842,,2025,,A,Normal value,0,Units,0,Zero
DATAFLOW,OECD.ELS.SAE:DSD_EARNINGS@AV_AN_WAGE(1.0),Average annual wages,I,IRL,Ireland,WG,Wages,EUR,Euro,A,Annual,Q,Constant prices,MEAN,Mean,_Z,Not applicable,2008,,55679.698,,2025,,A,Normal value,0,Units,0,Zero
DATAFLOW,OECD.ELS.SAE:DSD_EARNINGS@AV_AN_WAGE(1.0),Average annual wages,I,IRL,Ireland,WG,Wages,EUR,Euro,A,Annual,Q,Constant prices,MEAN,Mean,_Z,Not applicable,2009,,61133.679,,2025,,A,Normal value,0,Units,0,Zero
DATAFLOW,OECD.ELS.SAE:DSD_EARNINGS@AV_AN_WAGE(1.0),Average annual wages,I,IRL,Ireland,WG,Wages,EUR,Euro,A,Annual,Q,Constant prices,MEAN,Mean,_Z,Not applicable,2010,,61574.074,,2025,,A,Normal value,0,Units,0,Zero
DATAFLOW,OECD.ELS.SAE:DSD_EARNINGS@AV_AN_WAGE(1.0),Average annual wages,I,IRL,Ireland,WG,Wages,EUR,Euro,A,Annual,Q,Constant prices,MEAN,Mean,_Z,Not applicable,2011,,63713.043,,2025,,A,Normal value,0,Units,0,Zero
DATAFLOW,OECD.ELS.SAE:DSD_EARNINGS@AV_AN_WAGE(1.0),Average annual wages,I,IRL,Ireland,WG,Wages,EUR,Euro,A,Annual,Q,Constant prices,MEAN,Mean,_Z,Not applicable,2012,,62902.446,,2025,,A,Normal value,0,Units,0,Zero
DATAFLOW,OECD.ELS.SAE:DSD_EARNINGS@AV_AN_WAGE(1.0),Average annual wages,I,IRL,Ireland,WG,Wages,EUR,Euro,A,Annual,Q,Constant prices,MEAN,Mean,_Z,Not applicable,2013,,61320.788,,2025,,A,Normal value,0,Units,0,Zero
DATAFLOW,OECD.ELS.SAE:DSD_EARNINGS@AV_AN_WAGE(1.0),Average annual wages,I,IRL,Ireland,WG,Wages,EUR,Euro,A,Annual,Q,Constant prices,MEAN,Mean,_Z,Not applicable,2014,,60640.656,,2025,,A,Normal value,0,Units,0,Zero
DATAFLOW,OECD.ELS.SAE:DSD_EARNINGS@AV_AN_WAGE(1.0),Average annual wages,I,IRL,Ireland,WG,Wages,EUR,Euro,A,Annual,Q,Constant prices,MEAN,Mean,_Z,Not applicable,2015,,60601.085,,2025,,A,Normal value,0,Units,0,Zero
DATAFLOW,OECD.ELS.SAE:DSD_EARNINGS@AV_AN_WAGE(1.0),Average annual wages,I,IRL,Ireland,WG,Wages,EUR,Euro,A,Annual,Q,Constant prices,MEAN,Mean,_Z,Not applicable,2016,,61285.654,,2025,,A,Normal value,0,Units,0,Zero
DATAFLOW,OECD.ELS.SAE:DSD_EARNINGS@AV_AN_WAGE(1.0),Average annual wages,I,IRL,Ireland,WG,Wages,EUR,Euro,A,Annual,Q,Constant prices,MEAN,Mean,_Z,Not applicable,2017,,62104.735,,2025,,A,Normal value,0,Units,0,Zero
DATAFLOW,OECD.ELS.SAE:DSD_EARNINGS@AV_AN_WAGE(1.0),Average annual wages,I,IRL,Ireland,WG,Wages,EUR,Euro,A,Annual,Q,Constant prices,MEAN,Mean,_Z,Not applicable,2018,,63079.351,,2025,,A,Normal value,0,Units,0,Zero
DATAFLOW,OECD.ELS.SAE:DSD_EARNINGS@AV_AN_WAGE(1.0),Average annual wages,I,IRL,Ireland,WG,Wages,EUR,Euro,A,Annual,Q,Constant prices,MEAN,Mean,_Z,Not applicable,2019,,64387.56,,2025,,A,Normal value,0,Units,0,Zero
DATAFLOW,OECD.ELS.SAE:DSD_EARNINGS@AV_AN_WAGE(1.0),Average annual wages,I,IRL,Ireland,WG,Wages,EUR,Euro,A,Annual,Q,Constant prices,MEAN,Mean,_Z,Not applicable,2020,,65206.538,,2025,,A,Normal value,0,Units,0,Zero
DATAFLOW,OECD.ELS.SAE:DSD_EARNINGS@AV_AN_WAGE(1.0),Average annual wages,I,IRL,Ireland,WG,Wages,EUR,Euro,A,Annual,Q,Constant prices,MEAN,Mean,_Z,Not applicable,2021,,65407.514,,2025,,A,Normal value,0,Units,0,Zero
DATAFLOW,OECD.ELS.SAE:DSD_EARNINGS@AV_AN_WAGE(1.0),Average annual wages,I,IRL,Ireland,WG,Wages,EUR,Euro,A,Annual,Q,Constant prices,MEAN,Mean,_Z,Not applicable,2022,,62630.667,,2025,,A,Normal value,0,Units,0,Zero
DATAFLOW,OECD.ELS.SAE:DSD_EARNINGS@AV_AN_WAGE(1.0),Average annual wages,I,IRL,Ireland,WG,Wages,EUR,Euro,A,Annual,Q,Constant prices,MEAN,Mean,_Z,Not applicable,2023,,62205.002,,2025,,A,Normal value,0,Units,0,Zero
DATAFLOW,OECD.ELS.SAE:DSD_EARNINGS@AV_AN_WAGE(1.0),Average annual wages,I,IRL,Ireland,WG,Wages,EUR,Euro,A,Annual,Q,Constant prices,MEAN,Mean,_Z,Not applicable,2024,,62237.097,,2025,,A,Normal value,0,Units,0,Zero
DATAFLOW,OECD.ELS.SAE:DSD_EARNINGS@AV_AN_WAGE(1.0),Average annual wages,I,IRL,Ireland,WG,Wages,EUR,Euro,A,Annual,Q,Constant prices,MEAN,Mean,_Z,Not applicable,2025,,63379.4,,2025,,A,Normal value,0,Units,0,Zero
DATAFLOW,OECD.ELS.SAE:DSD_EARNINGS@AV_AN_WAGE(1.0),Average annual wages,I,ITA,Italy,WG,Wages,EUR,Euro,A,Annual,Q,Constant prices,MEAN,Mean,_Z,Not applicable,1990,,35461.897,,2025,,A,Normal value,0,Units,0,Zero
DATAFLOW,OECD.ELS.SAE:DSD_EARNINGS@AV_AN_WAGE(1.0),Average annual wages,I,ITA,Italy,WG,Wages,EUR,Euro,A,Annual,Q,Constant prices,MEAN,Mean,_Z,Not applicable,1991,,35759.816,,2025,,A,Normal value,0,Units,0,Zero
DATAFLOW,OECD.ELS.SAE:DSD_EARNINGS@AV_AN_WAGE(1.0),Average annual wages,I,ITA,Italy,WG,Wages,EUR,Euro,A,Annual,Q,Constant prices,MEAN,Mean,_Z,Not applicable,1992,,35725.197,,2025,,A,Normal value,0,Units,0,Zero
DATAFLOW,OECD.ELS.SAE:DSD_EARNINGS@AV_AN_WAGE(1.0),Average annual wages,I,ITA,Italy,WG,Wages,EUR,Euro,A,Annual,Q,Constant prices,MEAN,Mean,_Z,Not applicable,1993,,35174.911,,2025,,A,Normal value,0,Units,0,Zero
DATAFLOW,OECD.ELS.SAE:DSD_EARNINGS@AV_AN_WAGE(1.0),Average annual wages,I,ITA,Italy,WG,Wages,EUR,Euro,A,Annual,Q,Constant prices,MEAN,Mean,_Z,Not applicable,1994,,34719.415,,2025,,A,Normal value,0,Units,0,Zero
DATAFLOW,OECD.ELS.SAE:DSD_EARNINGS@AV_AN_WAGE(1.0),Average annual wages,I,ITA,Italy,WG,Wages,EUR,Euro,A,Annual,Q,Constant prices,MEAN,Mean,_Z,Not applicable,1995,,33959.312,,2025,,A,Normal value,0,Units,0,Zero
DATAFLOW,OECD.ELS.SAE:DSD_EARNINGS@AV_AN_WAGE(1.0),Average annual wages,I,ITA,Italy,WG,Wages,EUR,Euro,A,Annual,Q,Constant prices,MEAN,Mean,_Z,Not applicable,1996,,34261.573,,2025,,A,Normal value,0,Units,0,Zero
DATAFLOW,OECD.ELS.SAE:DSD_EARNINGS@AV_AN_WAGE(1.0),Average annual wages,I,ITA,Italy,WG,Wages,EUR,Euro,A,Annual,Q,Constant prices,MEAN,Mean,_Z,Not applicable,1997,,35210.248,,2025,,A,Normal value,0,Units,0,Zero
DATAFLOW,OECD.ELS.SAE:DSD_EARNINGS@AV_AN_WAGE(1.0),Average annual wages,I,ITA,Italy,WG,Wages,EUR,Euro,A,Annual,Q,Constant prices,MEAN,Mean,_Z,Not applicable,1998,,35352.76,,2025,,A,Normal value,0,Units,0,Zero
DATAFLOW,OECD.ELS.SAE:DSD_EARNINGS@AV_AN_WAGE(1.0),Average annual wages,I,ITA,Italy,WG,Wages,EUR,Euro,A,Annual,Q,Constant prices,MEAN,Mean,_Z,Not applicable,1999,,35744.562,,2025,,A,Normal value,0,Units,0,Zero
DATAFLOW,OECD.ELS.SAE:DSD_EARNINGS@AV_AN_WAGE(1.0),Average annual wages,I,ITA,Italy,WG,Wages,EUR,Euro,A,Annual,Q,Constant prices,MEAN,Mean,_Z,Not applicable,2000,,35761.539,,2025,,A,Normal value,0,Units,0,Zero
DATAFLOW,OECD.ELS.SAE:DSD_EARNINGS@AV_AN_WAGE(1.0),Average annual wages,I,ITA,Italy,WG,Wages,EUR,Euro,A,Annual,Q,Constant prices,MEAN,Mean,_Z,Not applicable,2001,,35999.574,,2025,,A,Normal value,0,Units,0,Zero
DATAFLOW,OECD.ELS.SAE:DSD_EARNINGS@AV_AN_WAGE(1.0),Average annual wages,I,ITA,Italy,WG,Wages,EUR,Euro,A,Annual,Q,Constant prices,MEAN,Mean,_Z,Not applicable,2002,,35667.786,,2025,,A,Normal value,0,Units,0,Zero
DATAFLOW,OECD.ELS.SAE:DSD_EARNINGS@AV_AN_WAGE(1.0),Average annual wages,I,ITA,Italy,WG,Wages,EUR,Euro,A,Annual,Q,Constant prices,MEAN,Mean,_Z,Not applicable,2003,,35481.528,,2025,,A,Normal value,0,Units,0,Zero
DATAFLOW,OECD.ELS.SAE:DSD_EARNINGS@AV_AN_WAGE(1.0),Average annual wages,I,ITA,Italy,WG,Wages,EUR,Euro,A,Annual,Q,Constant prices,MEAN,Mean,_Z,Not applicable,2004,,36204.36,,2025,,A,Normal value,0,Units,0,Zero
DATAFLOW,OECD.ELS.SAE:DSD_EARNINGS@AV_AN_WAGE(1.0),Average annual wages,I,ITA,Italy,WG,Wages,EUR,Euro,A,Annual,Q,Constant prices,MEAN,Mean,_Z,Not applicable,2005,,36588.725,,2025,,A,Normal value,0,Units,0,Zero
DATAFLOW,OECD.ELS.SAE:DSD_EARNINGS@AV_AN_WAGE(1.0),Average annual wages,I,ITA,Italy,WG,Wages,EUR,Euro,A,Annual,Q,Constant prices,MEAN,Mean,_Z,Not applicable,2006,,36798.303,,2025,,A,Normal value,0,Units,0,Zero
DATAFLOW,OECD.ELS.SAE:DSD_EARNINGS@AV_AN_WAGE(1.0),Average annual wages,I,ITA,Italy,WG,Wages,EUR,Euro,A,Annual,Q,Constant prices,MEAN,Mean,_Z,Not applicable,2007,,36743.341,,2025,,A,Normal value,0,Units,0,Zero
DATAFLOW,OECD.ELS.SAE:DSD_EARNINGS@AV_AN_WAGE(1.0),Average annual wages,I,ITA,Italy,WG,Wages,EUR,Euro,A,Annual,Q,Constant prices,MEAN,Mean,_Z,Not applicable,2008,,36737.192,,2025,,A,Normal value,0,Units,0,Zero
DATAFLOW,OECD.ELS.SAE:DSD_EARNINGS@AV_AN_WAGE(1.0),Average annual wages,I,ITA,Italy,WG,Wages,EUR,Euro,A,Annual,Q,Constant prices,MEAN,Mean,_Z,Not applicable,2009,,36946.157,,2025,,A,Normal value,0,Units,0,Zero
DATAFLOW,OECD.ELS.SAE:DSD_EARNINGS@AV_AN_WAGE(1.0),Average annual wages,I,ITA,Italy,WG,Wages,EUR,Euro,A,Annual,Q,Constant prices,MEAN,Mean,_Z,Not applicable,2010,,37264.168,,2025,,A,Normal value,0,Units,0,Zero
DATAFLOW,OECD.ELS.SAE:DSD_EARNINGS@AV_AN_WAGE(1.0),Average annual wages,I,ITA,Italy,WG,Wages,EUR,Euro,A,Annual,Q,Constant prices,MEAN,Mean,_Z,Not applicable,2011,,36701.448,,2025,,A,Normal value,0,Units,0,Zero
DATAFLOW,OECD.ELS.SAE:DSD_EARNINGS@AV_AN_WAGE(1.0),Average annual wages,I,ITA,Italy,WG,Wages,EUR,Euro,A,Annual,Q,Constant prices,MEAN,Mean,_Z,Not applicable,2012,,35534.419,,2025,,A,Normal value,0,Units,0,Zero
DATAFLOW,OECD.ELS.SAE:DSD_EARNINGS@AV_AN_WAGE(1.0),Average annual wages,I,ITA,Italy,WG,Wages,EUR,Euro,A,Annual,Q,Constant prices,MEAN,Mean,_Z,Not applicable,2013,,35631.06,,2025,,A,Normal value,0,Units,0,Zero
DATAFLOW,OECD.ELS.SAE:DSD_EARNINGS@AV_AN_WAGE(1.0),Average annual wages,I,ITA,Italy,WG,Wages,EUR,Euro,A,Annual,Q,Constant prices,MEAN,Mean,_Z,Not applicable,2014,,35807.822,,2025,,A,Normal value,0,Units,0,Zero
DATAFLOW,OECD.ELS.SAE:DSD_EARNINGS@AV_AN_WAGE(1.0),Average annual wages,I,ITA,Italy,WG,Wages,EUR,Euro,A,Annual,Q,Constant prices,MEAN,Mean,_Z,Not applicable,2015,,36138.155,,2025,,A,Normal value,0,Units,0,Zero
DATAFLOW,OECD.ELS.SAE:DSD_EARNINGS@AV_AN_WAGE(1.0),Average annual wages,I,ITA,Italy,WG,Wages,EUR,Euro,A,Annual,Q,Constant prices,MEAN,Mean,_Z,Not applicable,2016,,36281.781,,2025,,A,Normal value,0,Units,0,Zero
DATAFLOW,OECD.ELS.SAE:DSD_EARNINGS@AV_AN_WAGE(1.0),Average annual wages,I,ITA,Italy,WG,Wages,EUR,Euro,A,Annual,Q,Constant prices,MEAN,Mean,_Z,Not applicable,2017,,35961.506,,2025,,A,Normal value,0,Units,0,Zero
DATAFLOW,OECD.ELS.SAE:DSD_EARNINGS@AV_AN_WAGE(1.0),Average annual wages,I,ITA,Italy,WG,Wages,EUR,Euro,A,Annual,Q,Constant prices,MEAN,Mean,_Z,Not applicable,2018,,35749.212,,2025,,A,Normal value,0,Units,0,Zero
DATAFLOW,OECD.ELS.SAE:DSD_EARNINGS@AV_AN_WAGE(1.0),Average annual wages,I,ITA,Italy,WG,Wages,EUR,Euro,A,Annual,Q,Constant prices,MEAN,Mean,_Z,Not applicable,2019,,35840,,2025,,A,Normal value,0,Units,0,Zero
DATAFLOW,OECD.ELS.SAE:DSD_EARNINGS@AV_AN_WAGE(1.0),Average annual wages,I,ITA,Italy,WG,Wages,EUR,Euro,A,Annual,Q,Constant prices,MEAN,Mean,_Z,Not applicable,2020,,34112.008,,2025,,A,Normal value,0,Units,0,Zero
DATAFLOW,OECD.ELS.SAE:DSD_EARNINGS@AV_AN_WAGE(1.0),Average annual wages,I,ITA,Italy,WG,Wages,EUR,Euro,A,Annual,Q,Constant prices,MEAN,Mean,_Z,Not applicable,2021,,35837.359,,2025,,A,Normal value,0,Units,0,Zero
DATAFLOW,OECD.ELS.SAE:DSD_EARNINGS@AV_AN_WAGE(1.0),Average annual wages,I,ITA,Italy,WG,Wages,EUR,Euro,A,Annual,Q,Constant prices,MEAN,Mean,_Z,Not applicable,2022,,34791.447,,2025,,A,Normal value,0,Units,0,Zero
DATAFLOW,OECD.ELS.SAE:DSD_EARNINGS@AV_AN_WAGE(1.0),Average annual wages,I,ITA,Italy,WG,Wages,EUR,Euro,A,Annual,Q,Constant prices,MEAN,Mean,_Z,Not applicable,2023,,34003.095,,2025,,A,Normal value,0,Units,0,Zero
DATAFLOW,OECD.ELS.SAE:DSD_EARNINGS@AV_AN_WAGE(1.0),Average annual wages,I,ITA,Italy,WG,Wages,EUR,Euro,A,Annual,Q,Constant prices,MEAN,Mean,_Z,Not applicable,2024,,34332.387,,2025,,A,Normal value,0,Units,0,Zero
DATAFLOW,OECD.ELS.SAE:DSD_EARNINGS@AV_AN_WAGE(1.0),Average annual wages,I,ITA,Italy,WG,Wages,EUR,Euro,A,Annual,Q,Constant prices,MEAN,Mean,_Z,Not applicable,2025,,34732.901,,2025,,A,Normal value,0,Units,0,Zero
DATAFLOW,OECD.ELS.SAE:DSD_EARNINGS@AV_AN_WAGE(1.0),Average annual wages,I,LVA,Latvia,WG,Wages,EUR,Euro,A,Annual,Q,Constant prices,MEAN,Mean,_Z,Not applicable,1996,,7123.487,,2025,,A,Normal value,0,Units,0,Zero
DATAFLOW,OECD.ELS.SAE:DSD_EARNINGS@AV_AN_WAGE(1.0),Average annual wages,I,LVA,Latvia,WG,Wages,EUR,Euro,A,Annual,Q,Constant prices,MEAN,Mean,_Z,Not applicable,1997,,7461.262,,2025,,A,Normal value,0,Units,0,Zero
DATAFLOW,OECD.ELS.SAE:DSD_EARNINGS@AV_AN_WAGE(1.0),Average annual wages,I,LVA,Latvia,WG,Wages,EUR,Euro,A,Annual,Q,Constant prices,MEAN,Mean,_Z,Not applicable,1998,,7702.086,,2025,,A,Normal value,0,Units,0,Zero
DATAFLOW,OECD.ELS.SAE:DSD_EARNINGS@AV_AN_WAGE(1.0),Average annual wages,I,LVA,Latvia,WG,Wages,EUR,Euro,A,Annual,Q,Constant prices,MEAN,Mean,_Z,Not applicable,1999,,8025.973,,2025,,A,Normal value,0,Units,0,Zero
DATAFLOW,OECD.ELS.SAE:DSD_EARNINGS@AV_AN_WAGE(1.0),Average annual wages,I,LVA,Latvia,WG,Wages,EUR,Euro,A,Annual,Q,Constant prices,MEAN,Mean,_Z,Not applicable,2000,,8447.533,,2025,,A,Normal value,0,Units,0,Zero
DATAFLOW,OECD.ELS.SAE:DSD_EARNINGS@AV_AN_WAGE(1.0),Average annual wages,I,LVA,Latvia,WG,Wages,EUR,Euro,A,Annual,Q,Constant prices,MEAN,Mean,_Z,Not applicable,2001,,8698.746,,2025,,A,Normal value,0,Units,0,Zero
DATAFLOW,OECD.ELS.SAE:DSD_EARNINGS@AV_AN_WAGE(1.0),Average annual wages,I,LVA,Latvia,WG,Wages,EUR,Euro,A,Annual,Q,Constant prices,MEAN,Mean,_Z,Not applicable,2002,,8695.715,,2025,,A,Normal value,0,Units,0,Zero
DATAFLOW,OECD.ELS.SAE:DSD_EARNINGS@AV_AN_WAGE(1.0),Average annual wages,I,LVA,Latvia,WG,Wages,EUR,Euro,A,Annual,Q,Constant prices,MEAN,Mean,_Z,Not applicable,2003,,9441.959,,2025,,A,Normal value,0,Units,0,Zero
DATAFLOW,OECD.ELS.SAE:DSD_EARNINGS@AV_AN_WAGE(1.0),Average annual wages,I,LVA,Latvia,WG,Wages,EUR,Euro,A,Annual,Q,Constant prices,MEAN,Mean,_Z,Not applicable,2004,,10184.687,,2025,,A,Normal value,0,Units,0,Zero
DATAFLOW,OECD.ELS.SAE:DSD_EARNINGS@AV_AN_WAGE(1.0),Average annual wages,I,LVA,Latvia,WG,Wages,EUR,Euro,A,Annual,Q,Constant prices,MEAN,Mean,_Z,Not applicable,2005,,11992.371,,2025,,A,Normal value,0,Units,0,Zero
DATAFLOW,OECD.ELS.SAE:DSD_EARNINGS@AV_AN_WAGE(1.0),Average annual wages,I,LVA,Latvia,WG,Wages,EUR,Euro,A,Annual,Q,Constant prices,MEAN,Mean,_Z,Not applicable,2006,,13621.71,,2025,,A,Normal value,0,Units,0,Zero
DATAFLOW,OECD.ELS.SAE:DSD_EARNINGS@AV_AN_WAGE(1.0),Average annual wages,I,LVA,Latvia,WG,Wages,EUR,Euro,A,Annual,Q,Constant prices,MEAN,Mean,_Z,Not applicable,2007,,16989.317,,2025,,A,Normal value,0,Units,0,Zero
DATAFLOW,OECD.ELS.SAE:DSD_EARNINGS@AV_AN_WAGE(1.0),Average annual wages,I,LVA,Latvia,WG,Wages,EUR,Euro,A,Annual,Q,Constant prices,MEAN,Mean,_Z,Not applicable,2008,,17366.274,,2025,,A,Normal value,0,Units,0,Zero
DATAFLOW,OECD.ELS.SAE:DSD_EARNINGS@AV_AN_WAGE(1.0),Average annual wages,I,LVA,Latvia,WG,Wages,EUR,Euro,A,Annual,Q,Constant prices,MEAN,Mean,_Z,Not applicable,2009,,14722.425,,2025,,A,Normal value,0,Units,0,Zero
DATAFLOW,OECD.ELS.SAE:DSD_EARNINGS@AV_AN_WAGE(1.0),Average annual wages,I,LVA,Latvia,WG,Wages,EUR,Euro,A,Annual,Q,Constant prices,MEAN,Mean,_Z,Not applicable,2010,,14134.759,,2025,,A,Normal value,0,Units,0,Zero
DATAFLOW,OECD.ELS.SAE:DSD_EARNINGS@AV_AN_WAGE(1.0),Average annual wages,I,LVA,Latvia,WG,Wages,EUR,Euro,A,Annual,Q,Constant prices,MEAN,Mean,_Z,Not applicable,2011,,13916.801,,2025,,A,Normal value,0,Units,0,Zero
DATAFLOW,OECD.ELS.SAE:DSD_EARNINGS@AV_AN_WAGE(1.0),Average annual wages,I,LVA,Latvia,WG,Wages,EUR,Euro,A,Annual,Q,Constant prices,MEAN,Mean,_Z,Not applicable,2012,,14619.57,,2025,,A,Normal value,0,Units,0,Zero
DATAFLOW,OECD.ELS.SAE:DSD_EARNINGS@AV_AN_WAGE(1.0),Average annual wages,I,LVA,Latvia,WG,Wages,EUR,Euro,A,Annual,Q,Constant prices,MEAN,Mean,_Z,Not applicable,2013,,15375.943,,2025,,A,Normal value,0,Units,0,Zero
DATAFLOW,OECD.ELS.SAE:DSD_EARNINGS@AV_AN_WAGE(1.0),Average annual wages,I,LVA,Latvia,WG,Wages,EUR,Euro,A,Annual,Q,Constant prices,MEAN,Mean,_Z,Not applicable,2014,,16457.437,,2025,,A,Normal value,0,Units,0,Zero
DATAFLOW,OECD.ELS.SAE:DSD_EARNINGS@AV_AN_WAGE(1.0),Average annual wages,I,LVA,Latvia,WG,Wages,EUR,Euro,A,Annual,Q,Constant prices,MEAN,Mean,_Z,Not applicable,2015,,17782.086,,2025,,A,Normal value,0,Units,0,Zero
DATAFLOW,OECD.ELS.SAE:DSD_EARNINGS@AV_AN_WAGE(1.0),Average annual wages,I,LVA,Latvia,WG,Wages,EUR,Euro,A,Annual,Q,Constant prices,MEAN,Mean,_Z,Not applicable,2016,,18761.557,,2025,,A,Normal value,0,Units,0,Zero
DATAFLOW,OECD.ELS.SAE:DSD_EARNINGS@AV_AN_WAGE(1.0),Average annual wages,I,LVA,Latvia,WG,Wages,EUR,Euro,A,Annual,Q,Constant prices,MEAN,Mean,_Z,Not applicable,2017,,19453.184,,2025,,A,Normal value,0,Units,0,Zero
DATAFLOW,OECD.ELS.SAE:DSD_EARNINGS@AV_AN_WAGE(1.0),Average annual wages,I,LVA,Latvia,WG,Wages,EUR,Euro,A,Annual,Q,Constant prices,MEAN,Mean,_Z,Not applicable,2018,,20292.031,,2025,,A,Normal value,0,Units,0,Zero
DATAFLOW,OECD.ELS.SAE:DSD_EARNINGS@AV_AN_WAGE(1.0),Average annual wages,I,LVA,Latvia,WG,Wages,EUR,Euro,A,Annual,Q,Constant prices,MEAN,Mean,_Z,Not applicable,2019,,21206.811,,2025,,A,Normal value,0,Units,0,Zero
DATAFLOW,OECD.ELS.SAE:DSD_EARNINGS@AV_AN_WAGE(1.0),Average annual wages,I,LVA,Latvia,WG,Wages,EUR,Euro,A,Annual,Q,Constant prices,MEAN,Mean,_Z,Not applicable,2020,,21979.843,,2025,,A,Normal value,0,Units,0,Zero
DATAFLOW,OECD.ELS.SAE:DSD_EARNINGS@AV_AN_WAGE(1.0),Average annual wages,I,LVA,Latvia,WG,Wages,EUR,Euro,A,Annual,Q,Constant prices,MEAN,Mean,_Z,Not applicable,2021,,23498.591,,2025,,A,Normal value,0,Units,0,Zero
DATAFLOW,OECD.ELS.SAE:DSD_EARNINGS@AV_AN_WAGE(1.0),Average annual wages,I,LVA,Latvia,WG,Wages,EUR,Euro,A,Annual,Q,Constant prices,MEAN,Mean,_Z,Not applicable,2022,,22589.659,,2025,,A,Normal value,0,Units,0,Zero
DATAFLOW,OECD.ELS.SAE:DSD_EARNINGS@AV_AN_WAGE(1.0),Average annual wages,I,LVA,Latvia,WG,Wages,EUR,Euro,A,Annual,Q,Constant prices,MEAN,Mean,_Z,Not applicable,2023,,22578.947,,2025,,A,Normal value,0,Units,0,Zero
DATAFLOW,OECD.ELS.SAE:DSD_EARNINGS@AV_AN_WAGE(1.0),Average annual wages,I,LVA,Latvia,WG,Wages,EUR,Euro,A,Annual,Q,Constant prices,MEAN,Mean,_Z,Not applicable,2024,,23887.884,,2025,,A,Normal value,0,Units,0,Zero
DATAFLOW,OECD.ELS.SAE:DSD_EARNINGS@AV_AN_WAGE(1.0),Average annual wages,I,LVA,Latvia,WG,Wages,EUR,Euro,A,Annual,Q,Constant prices,MEAN,Mean,_Z,Not applicable,2025,,24684.866,,2025,,A,Normal value,0,Units,0,Zero
DATAFLOW,OECD.ELS.SAE:DSD_EARNINGS@AV_AN_WAGE(1.0),Average annual wages,I,LTU,Lithuania,WG,Wages,EUR,Euro,A,Annual,Q,Constant prices,MEAN,Mean,_Z,Not applicable,1995,,7339.295,,2025,,A,Normal value,0,Units,0,Zero
DATAFLOW,OECD.ELS.SAE:DSD_EARNINGS@AV_AN_WAGE(1.0),Average annual wages,I,LTU,Lithuania,WG,Wages,EUR,Euro,A,Annual,Q,Constant prices,MEAN,Mean,_Z,Not applicable,1996,,8174.52,,2025,,A,Normal value,0,Units,0,Zero
DATAFLOW,OECD.ELS.SAE:DSD_EARNINGS@AV_AN_WAGE(1.0),Average annual wages,I,LTU,Lithuania,WG,Wages,EUR,Euro,A,Annual,Q,Constant prices,MEAN,Mean,_Z,Not applicable,1997,,9037.909,,2025,,A,Normal value,0,Units,0,Zero
DATAFLOW,OECD.ELS.SAE:DSD_EARNINGS@AV_AN_WAGE(1.0),Average annual wages,I,LTU,Lithuania,WG,Wages,EUR,Euro,A,Annual,Q,Constant prices,MEAN,Mean,_Z,Not applicable,1998,,9864.068,,2025,,A,Normal value,0,Units,0,Zero
DATAFLOW,OECD.ELS.SAE:DSD_EARNINGS@AV_AN_WAGE(1.0),Average annual wages,I,LTU,Lithuania,WG,Wages,EUR,Euro,A,Annual,Q,Constant prices,MEAN,Mean,_Z,Not applicable,1999,,10306.78,,2025,,A,Normal value,0,Units,0,Zero
DATAFLOW,OECD.ELS.SAE:DSD_EARNINGS@AV_AN_WAGE(1.0),Average annual wages,I,LTU,Lithuania,WG,Wages,EUR,Euro,A,Annual,Q,Constant prices,MEAN,Mean,_Z,Not applicable,2000,,10348.104,,2025,,A,Normal value,0,Units,0,Zero
DATAFLOW,OECD.ELS.SAE:DSD_EARNINGS@AV_AN_WAGE(1.0),Average annual wages,I,LTU,Lithuania,WG,Wages,EUR,Euro,A,Annual,Q,Constant prices,MEAN,Mean,_Z,Not applicable,2001,,10917.201,,2025,,A,Normal value,0,Units,0,Zero
DATAFLOW,OECD.ELS.SAE:DSD_EARNINGS@AV_AN_WAGE(1.0),Average annual wages,I,LTU,Lithuania,WG,Wages,EUR,Euro,A,Annual,Q,Constant prices,MEAN,Mean,_Z,Not applicable,2002,,11654.409,,2025,,A,Normal value,0,Units,0,Zero
DATAFLOW,OECD.ELS.SAE:DSD_EARNINGS@AV_AN_WAGE(1.0),Average annual wages,I,LTU,Lithuania,WG,Wages,EUR,Euro,A,Annual,Q,Constant prices,MEAN,Mean,_Z,Not applicable,2003,,12912.012,,2025,,A,Normal value,0,Units,0,Zero
DATAFLOW,OECD.ELS.SAE:DSD_EARNINGS@AV_AN_WAGE(1.0),Average annual wages,I,LTU,Lithuania,WG,Wages,EUR,Euro,A,Annual,Q,Constant prices,MEAN,Mean,_Z,Not applicable,2004,,14332.763,,2025,,A,Normal value,0,Units,0,Zero
DATAFLOW,OECD.ELS.SAE:DSD_EARNINGS@AV_AN_WAGE(1.0),Average annual wages,I,LTU,Lithuania,WG,Wages,EUR,Euro,A,Annual,Q,Constant prices,MEAN,Mean,_Z,Not applicable,2005,,15837.229,,2025,,A,Normal value,0,Units,0,Zero
DATAFLOW,OECD.ELS.SAE:DSD_EARNINGS@AV_AN_WAGE(1.0),Average annual wages,I,LTU,Lithuania,WG,Wages,EUR,Euro,A,Annual,Q,Constant prices,MEAN,Mean,_Z,Not applicable,2006,,18135.276,,2025,,A,Normal value,0,Units,0,Zero
DATAFLOW,OECD.ELS.SAE:DSD_EARNINGS@AV_AN_WAGE(1.0),Average annual wages,I,LTU,Lithuania,WG,Wages,EUR,Euro,A,Annual,Q,Constant prices,MEAN,Mean,_Z,Not applicable,2007,,19312.746,,2025,,A,Normal value,0,Units,0,Zero
DATAFLOW,OECD.ELS.SAE:DSD_EARNINGS@AV_AN_WAGE(1.0),Average annual wages,I,LTU,Lithuania,WG,Wages,EUR,Euro,A,Annual,Q,Constant prices,MEAN,Mean,_Z,Not applicable,2008,,19632.902,,2025,,A,Normal value,0,Units,0,Zero
DATAFLOW,OECD.ELS.SAE:DSD_EARNINGS@AV_AN_WAGE(1.0),Average annual wages,I,LTU,Lithuania,WG,Wages,EUR,Euro,A,Annual,Q,Constant prices,MEAN,Mean,_Z,Not applicable,2009,,17126.452,,2025,,A,Normal value,0,Units,0,Zero
DATAFLOW,OECD.ELS.SAE:DSD_EARNINGS@AV_AN_WAGE(1.0),Average annual wages,I,LTU,Lithuania,WG,Wages,EUR,Euro,A,Annual,Q,Constant prices,MEAN,Mean,_Z,Not applicable,2010,,17155.137,,2025,,A,Normal value,0,Units,0,Zero
DATAFLOW,OECD.ELS.SAE:DSD_EARNINGS@AV_AN_WAGE(1.0),Average annual wages,I,LTU,Lithuania,WG,Wages,EUR,Euro,A,Annual,Q,Constant prices,MEAN,Mean,_Z,Not applicable,2011,,17544.105,,2025,,A,Normal value,0,Units,0,Zero
DATAFLOW,OECD.ELS.SAE:DSD_EARNINGS@AV_AN_WAGE(1.0),Average annual wages,I,LTU,Lithuania,WG,Wages,EUR,Euro,A,Annual,Q,Constant prices,MEAN,Mean,_Z,Not applicable,2012,,17841.634,,2025,,A,Normal value,0,Units,0,Zero
DATAFLOW,OECD.ELS.SAE:DSD_EARNINGS@AV_AN_WAGE(1.0),Average annual wages,I,LTU,Lithuania,WG,Wages,EUR,Euro,A,Annual,Q,Constant prices,MEAN,Mean,_Z,Not applicable,2013,,18483.697,,2025,,A,Normal value,0,Units,0,Zero
DATAFLOW,OECD.ELS.SAE:DSD_EARNINGS@AV_AN_WAGE(1.0),Average annual wages,I,LTU,Lithuania,WG,Wages,EUR,Euro,A,Annual,Q,Constant prices,MEAN,Mean,_Z,Not applicable,2014,,19335.932,,2025,,A,Normal value,0,Units,0,Zero
DATAFLOW,OECD.ELS.SAE:DSD_EARNINGS@AV_AN_WAGE(1.0),Average annual wages,I,LTU,Lithuania,WG,Wages,EUR,Euro,A,Annual,Q,Constant prices,MEAN,Mean,_Z,Not applicable,2015,,20561.019,,2025,,A,Normal value,0,Units,0,Zero
DATAFLOW,OECD.ELS.SAE:DSD_EARNINGS@AV_AN_WAGE(1.0),Average annual wages,I,LTU,Lithuania,WG,Wages,EUR,Euro,A,Annual,Q,Constant prices,MEAN,Mean,_Z,Not applicable,2016,,21544.716,,2025,,A,Normal value,0,Units,0,Zero
DATAFLOW,OECD.ELS.SAE:DSD_EARNINGS@AV_AN_WAGE(1.0),Average annual wages,I,LTU,Lithuania,WG,Wages,EUR,Euro,A,Annual,Q,Constant prices,MEAN,Mean,_Z,Not applicable,2017,,22696.698,,2025,,A,Normal value,0,Units,0,Zero
DATAFLOW,OECD.ELS.SAE:DSD_EARNINGS@AV_AN_WAGE(1.0),Average annual wages,I,LTU,Lithuania,WG,Wages,EUR,Euro,A,Annual,Q,Constant prices,MEAN,Mean,_Z,Not applicable,2018,,23738.173,,2025,,A,Normal value,0,Units,0,Zero
DATAFLOW,OECD.ELS.SAE:DSD_EARNINGS@AV_AN_WAGE(1.0),Average annual wages,I,LTU,Lithuania,WG,Wages,EUR,Euro,A,Annual,Q,Constant prices,MEAN,Mean,_Z,Not applicable,2019,,26190.093,,2025,,A,Normal value,0,Units,0,Zero
DATAFLOW,OECD.ELS.SAE:DSD_EARNINGS@AV_AN_WAGE(1.0),Average annual wages,I,LTU,Lithuania,WG,Wages,EUR,Euro,A,Annual,Q,Constant prices,MEAN,Mean,_Z,Not applicable,2020,,27548.609,,2025,,A,Normal value,0,Units,0,Zero
DATAFLOW,OECD.ELS.SAE:DSD_EARNINGS@AV_AN_WAGE(1.0),Average annual wages,I,LTU,Lithuania,WG,Wages,EUR,Euro,A,Annual,Q,Constant prices,MEAN,Mean,_Z,Not applicable,2021,,29258.276,,2025,,A,Normal value,0,Units,0,Zero
DATAFLOW,OECD.ELS.SAE:DSD_EARNINGS@AV_AN_WAGE(1.0),Average annual wages,I,LTU,Lithuania,WG,Wages,EUR,Euro,A,Annual,Q,Constant prices,MEAN,Mean,_Z,Not applicable,2022,,27591.386,,2025,,A,Normal value,0,Units,0,Zero
DATAFLOW,OECD.ELS.SAE:DSD_EARNINGS@AV_AN_WAGE(1.0),Average annual wages,I,LTU,Lithuania,WG,Wages,EUR,Euro,A,Annual,Q,Constant prices,MEAN,Mean,_Z,Not applicable,2023,,28459.841,,2025,,A,Normal value,0,Units,0,Zero
DATAFLOW,OECD.ELS.SAE:DSD_EARNINGS@AV_AN_WAGE(1.0),Average annual wages,I,LTU,Lithuania,WG,Wages,EUR,Euro,A,Annual,Q,Constant prices,MEAN,Mean,_Z,Not applicable,2024,,30155.029,,2025,,A,Normal value,0,Units,0,Zero
DATAFLOW,OECD.ELS.SAE:DSD_EARNINGS@AV_AN_WAGE(1.0),Average annual wages,I,LTU,Lithuania,WG,Wages,EUR,Euro,A,Annual,Q,Constant prices,MEAN,Mean,_Z,Not applicable,2025,,31939.415,,2025,,A,Normal value,0,Units,0,Zero
DATAFLOW,OECD.ELS.SAE:DSD_EARNINGS@AV_AN_WAGE(1.0),Average annual wages,I,LUX,Luxembourg,WG,Wages,EUR,Euro,A,Annual,Q,Constant prices,MEAN,Mean,_Z,Not applicable,1990,,56554.981,,2025,,A,Normal value,0,Units,0,Zero
DATAFLOW,OECD.ELS.SAE:DSD_EARNINGS@AV_AN_WAGE(1.0),Average annual wages,I,LUX,Luxembourg,WG,Wages,EUR,Euro,A,Annual,Q,Constant prices,MEAN,Mean,_Z,Not applicable,1991,,58153.295,,2025,,A,Normal value,0,Units,0,Zero
DATAFLOW,OECD.ELS.SAE:DSD_EARNINGS@AV_AN_WAGE(1.0),Average annual wages,I,LUX,Luxembourg,WG,Wages,EUR,Euro,A,Annual,Q,Constant prices,MEAN,Mean,_Z,Not applicable,1992,,59698.42,,2025,,A,Normal value,0,Units,0,Zero
DATAFLOW,OECD.ELS.SAE:DSD_EARNINGS@AV_AN_WAGE(1.0),Average annual wages,I,LUX,Luxembourg,WG,Wages,EUR,Euro,A,Annual,Q,Constant prices,MEAN,Mean,_Z,Not applicable,1993,,60855.113,,2025,,A,Normal value,0,Units,0,Zero
DATAFLOW,OECD.ELS.SAE:DSD_EARNINGS@AV_AN_WAGE(1.0),Average annual wages,I,LUX,Luxembourg,WG,Wages,EUR,Euro,A,Annual,Q,Constant prices,MEAN,Mean,_Z,Not applicable,1994,,61840.12,,2025,,A,Normal value,0,Units,0,Zero
DATAFLOW,OECD.ELS.SAE:DSD_EARNINGS@AV_AN_WAGE(1.0),Average annual wages,I,LUX,Luxembourg,WG,Wages,EUR,Euro,A,Annual,Q,Constant prices,MEAN,Mean,_Z,Not applicable,1995,,61798.226,,2025,,A,Normal value,0,Units,0,Zero
DATAFLOW,OECD.ELS.SAE:DSD_EARNINGS@AV_AN_WAGE(1.0),Average annual wages,I,LUX,Luxembourg,WG,Wages,EUR,Euro,A,Annual,Q,Constant prices,MEAN,Mean,_Z,Not applicable,1996,,63430.831,,2025,,A,Normal value,0,Units,0,Zero
DATAFLOW,OECD.ELS.SAE:DSD_EARNINGS@AV_AN_WAGE(1.0),Average annual wages,I,LUX,Luxembourg,WG,Wages,EUR,Euro,A,Annual,Q,Constant prices,MEAN,Mean,_Z,Not applicable,1997,,64210.164,,2025,,A,Normal value,0,Units,0,Zero
DATAFLOW,OECD.ELS.SAE:DSD_EARNINGS@AV_AN_WAGE(1.0),Average annual wages,I,LUX,Luxembourg,WG,Wages,EUR,Euro,A,Annual,Q,Constant prices,MEAN,Mean,_Z,Not applicable,1998,,64329.437,,2025,,A,Normal value,0,Units,0,Zero
DATAFLOW,OECD.ELS.SAE:DSD_EARNINGS@AV_AN_WAGE(1.0),Average annual wages,I,LUX,Luxembourg,WG,Wages,EUR,Euro,A,Annual,Q,Constant prices,MEAN,Mean,_Z,Not applicable,1999,,65946.211,,2025,,A,Normal value,0,Units,0,Zero
DATAFLOW,OECD.ELS.SAE:DSD_EARNINGS@AV_AN_WAGE(1.0),Average annual wages,I,LUX,Luxembourg,WG,Wages,EUR,Euro,A,Annual,Q,Constant prices,MEAN,Mean,_Z,Not applicable,2000,,67634.057,,2025,,A,Normal value,0,Units,0,Zero
DATAFLOW,OECD.ELS.SAE:DSD_EARNINGS@AV_AN_WAGE(1.0),Average annual wages,I,LUX,Luxembourg,WG,Wages,EUR,Euro,A,Annual,Q,Constant prices,MEAN,Mean,_Z,Not applicable,2001,,68128.627,,2025,,A,Normal value,0,Units,0,Zero
DATAFLOW,OECD.ELS.SAE:DSD_EARNINGS@AV_AN_WAGE(1.0),Average annual wages,I,LUX,Luxembourg,WG,Wages,EUR,Euro,A,Annual,Q,Constant prices,MEAN,Mean,_Z,Not applicable,2002,,70026.085,,2025,,A,Normal value,0,Units,0,Zero
DATAFLOW,OECD.ELS.SAE:DSD_EARNINGS@AV_AN_WAGE(1.0),Average annual wages,I,LUX,Luxembourg,WG,Wages,EUR,Euro,A,Annual,Q,Constant prices,MEAN,Mean,_Z,Not applicable,2003,,69316.083,,2025,,A,Normal value,0,Units,0,Zero
DATAFLOW,OECD.ELS.SAE:DSD_EARNINGS@AV_AN_WAGE(1.0),Average annual wages,I,LUX,Luxembourg,WG,Wages,EUR,Euro,A,Annual,Q,Constant prices,MEAN,Mean,_Z,Not applicable,2004,,70324.255,,2025,,A,Normal value,0,Units,0,Zero
DATAFLOW,OECD.ELS.SAE:DSD_EARNINGS@AV_AN_WAGE(1.0),Average annual wages,I,LUX,Luxembourg,WG,Wages,EUR,Euro,A,Annual,Q,Constant prices,MEAN,Mean,_Z,Not applicable,2005,,70525.868,,2025,,A,Normal value,0,Units,0,Zero
DATAFLOW,OECD.ELS.SAE:DSD_EARNINGS@AV_AN_WAGE(1.0),Average annual wages,I,LUX,Luxembourg,WG,Wages,EUR,Euro,A,Annual,Q,Constant prices,MEAN,Mean,_Z,Not applicable,2006,,70962.538,,2025,,A,Normal value,0,Units,0,Zero
DATAFLOW,OECD.ELS.SAE:DSD_EARNINGS@AV_AN_WAGE(1.0),Average annual wages,I,LUX,Luxembourg,WG,Wages,EUR,Euro,A,Annual,Q,Constant prices,MEAN,Mean,_Z,Not applicable,2007,,73059.159,,2025,,A,Normal value,0,Units,0,Zero
DATAFLOW,OECD.ELS.SAE:DSD_EARNINGS@AV_AN_WAGE(1.0),Average annual wages,I,LUX,Luxembourg,WG,Wages,EUR,Euro,A,Annual,Q,Constant prices,MEAN,Mean,_Z,Not applicable,2008,,73268.016,,2025,,A,Normal value,0,Units,0,Zero
DATAFLOW,OECD.ELS.SAE:DSD_EARNINGS@AV_AN_WAGE(1.0),Average annual wages,I,LUX,Luxembourg,WG,Wages,EUR,Euro,A,Annual,Q,Constant prices,MEAN,Mean,_Z,Not applicable,2009,,75151.127,,2025,,A,Normal value,0,Units,0,Zero
DATAFLOW,OECD.ELS.SAE:DSD_EARNINGS@AV_AN_WAGE(1.0),Average annual wages,I,LUX,Luxembourg,WG,Wages,EUR,Euro,A,Annual,Q,Constant prices,MEAN,Mean,_Z,Not applicable,2010,,75233.775,,2025,,A,Normal value,0,Units,0,Zero
DATAFLOW,OECD.ELS.SAE:DSD_EARNINGS@AV_AN_WAGE(1.0),Average annual wages,I,LUX,Luxembourg,WG,Wages,EUR,Euro,A,Annual,Q,Constant prices,MEAN,Mean,_Z,Not applicable,2011,,75645.209,,2025,,A,Normal value,0,Units,0,Zero
DATAFLOW,OECD.ELS.SAE:DSD_EARNINGS@AV_AN_WAGE(1.0),Average annual wages,I,LUX,Luxembourg,WG,Wages,EUR,Euro,A,Annual,Q,Constant prices,MEAN,Mean,_Z,Not applicable,2012,,74883.862,,2025,,A,Normal value,0,Units,0,Zero
DATAFLOW,OECD.ELS.SAE:DSD_EARNINGS@AV_AN_WAGE(1.0),Average annual wages,I,LUX,Luxembourg,WG,Wages,EUR,Euro,A,Annual,Q,Constant prices,MEAN,Mean,_Z,Not applicable,2013,,75800.118,,2025,,A,Normal value,0,Units,0,Zero
DATAFLOW,OECD.ELS.SAE:DSD_EARNINGS@AV_AN_WAGE(1.0),Average annual wages,I,LUX,Luxembourg,WG,Wages,EUR,Euro,A,Annual,Q,Constant prices,MEAN,Mean,_Z,Not applicable,2014,,77045.743,,2025,,A,Normal value,0,Units,0,Zero
DATAFLOW,OECD.ELS.SAE:DSD_EARNINGS@AV_AN_WAGE(1.0),Average annual wages,I,LUX,Luxembourg,WG,Wages,EUR,Euro,A,Annual,Q,Constant prices,MEAN,Mean,_Z,Not applicable,2015,,77467.722,,2025,,A,Normal value,0,Units,0,Zero
DATAFLOW,OECD.ELS.SAE:DSD_EARNINGS@AV_AN_WAGE(1.0),Average annual wages,I,LUX,Luxembourg,WG,Wages,EUR,Euro,A,Annual,Q,Constant prices,MEAN,Mean,_Z,Not applicable,2016,,77256.108,,2025,,A,Normal value,0,Units,0,Zero
DATAFLOW,OECD.ELS.SAE:DSD_EARNINGS@AV_AN_WAGE(1.0),Average annual wages,I,LUX,Luxembourg,WG,Wages,EUR,Euro,A,Annual,Q,Constant prices,MEAN,Mean,_Z,Not applicable,2017,,78211.907,,2025,,A,Normal value,0,Units,0,Zero
DATAFLOW,OECD.ELS.SAE:DSD_EARNINGS@AV_AN_WAGE(1.0),Average annual wages,I,LUX,Luxembourg,WG,Wages,EUR,Euro,A,Annual,Q,Constant prices,MEAN,Mean,_Z,Not applicable,2018,,78690.535,,2025,,A,Normal value,0,Units,0,Zero
DATAFLOW,OECD.ELS.SAE:DSD_EARNINGS@AV_AN_WAGE(1.0),Average annual wages,I,LUX,Luxembourg,WG,Wages,EUR,Euro,A,Annual,Q,Constant prices,MEAN,Mean,_Z,Not applicable,2019,,78759.024,,2025,,A,Normal value,0,Units,0,Zero
DATAFLOW,OECD.ELS.SAE:DSD_EARNINGS@AV_AN_WAGE(1.0),Average annual wages,I,LUX,Luxembourg,WG,Wages,EUR,Euro,A,Annual,Q,Constant prices,MEAN,Mean,_Z,Not applicable,2020,,79440.458,,2025,,A,Normal value,0,Units,0,Zero
DATAFLOW,OECD.ELS.SAE:DSD_EARNINGS@AV_AN_WAGE(1.0),Average annual wages,I,LUX,Luxembourg,WG,Wages,EUR,Euro,A,Annual,Q,Constant prices,MEAN,Mean,_Z,Not applicable,2021,,83216.807,,2025,,A,Normal value,0,Units,0,Zero
DATAFLOW,OECD.ELS.SAE:DSD_EARNINGS@AV_AN_WAGE(1.0),Average annual wages,I,LUX,Luxembourg,WG,Wages,EUR,Euro,A,Annual,Q,Constant prices,MEAN,Mean,_Z,Not applicable,2022,,81854.333,,2025,,A,Normal value,0,Units,0,Zero
DATAFLOW,OECD.ELS.SAE:DSD_EARNINGS@AV_AN_WAGE(1.0),Average annual wages,I,LUX,Luxembourg,WG,Wages,EUR,Euro,A,Annual,Q,Constant prices,MEAN,Mean,_Z,Not applicable,2023,,84126.895,,2025,,A,Normal value,0,Units,0,Zero
DATAFLOW,OECD.ELS.SAE:DSD_EARNINGS@AV_AN_WAGE(1.0),Average annual wages,I,LUX,Luxembourg,WG,Wages,EUR,Euro,A,Annual,Q,Constant prices,MEAN,Mean,_Z,Not applicable,2024,,85084.565,,2025,,A,Normal value,0,Units,0,Zero
DATAFLOW,OECD.ELS.SAE:DSD_EARNINGS@AV_AN_WAGE(1.0),Average annual wages,I,LUX,Luxembourg,WG,Wages,EUR,Euro,A,Annual,Q,Constant prices,MEAN,Mean,_Z,Not applicable,2025,,86016.667,,2025,,A,Normal value,0,Units,0,Zero
DATAFLOW,OECD.ELS.SAE:DSD_EARNINGS@AV_AN_WAGE(1.0),Average annual wages,I,NLD,Netherlands,WG,Wages,EUR,Euro,A,Annual,Q,Constant prices,MEAN,Mean,_Z,Not applicable,1990,,55797.554,,2025,,A,Normal value,0,Units,0,Zero
DATAFLOW,OECD.ELS.SAE:DSD_EARNINGS@AV_AN_WAGE(1.0),Average annual wages,I,NLD,Netherlands,WG,Wages,EUR,Euro,A,Annual,Q,Constant prices,MEAN,Mean,_Z,Not applicable,1991,,56234.576,,2025,,A,Normal value,0,Units,0,Zero
DATAFLOW,OECD.ELS.SAE:DSD_EARNINGS@AV_AN_WAGE(1.0),Average annual wages,I,NLD,Netherlands,WG,Wages,EUR,Euro,A,Annual,Q,Constant prices,MEAN,Mean,_Z,Not applicable,1992,,56531.143,,2025,,A,Normal value,0,Units,0,Zero
DATAFLOW,OECD.ELS.SAE:DSD_EARNINGS@AV_AN_WAGE(1.0),Average annual wages,I,NLD,Netherlands,WG,Wages,EUR,Euro,A,Annual,Q,Constant prices,MEAN,Mean,_Z,Not applicable,1993,,57482.894,,2025,,A,Normal value,0,Units,0,Zero
DATAFLOW,OECD.ELS.SAE:DSD_EARNINGS@AV_AN_WAGE(1.0),Average annual wages,I,NLD,Netherlands,WG,Wages,EUR,Euro,A,Annual,Q,Constant prices,MEAN,Mean,_Z,Not applicable,1994,,57900.203,,2025,,A,Normal value,0,Units,0,Zero
DATAFLOW,OECD.ELS.SAE:DSD_EARNINGS@AV_AN_WAGE(1.0),Average annual wages,I,NLD,Netherlands,WG,Wages,EUR,Euro,A,Annual,Q,Constant prices,MEAN,Mean,_Z,Not applicable,1995,,56774.811,,2025,,A,Normal value,0,Units,0,Zero
DATAFLOW,OECD.ELS.SAE:DSD_EARNINGS@AV_AN_WAGE(1.0),Average annual wages,I,NLD,Netherlands,WG,Wages,EUR,Euro,A,Annual,Q,Constant prices,MEAN,Mean,_Z,Not applicable,1996,,56604.613,,2025,,A,Normal value,0,Units,0,Zero
DATAFLOW,OECD.ELS.SAE:DSD_EARNINGS@AV_AN_WAGE(1.0),Average annual wages,I,NLD,Netherlands,WG,Wages,EUR,Euro,A,Annual,Q,Constant prices,MEAN,Mean,_Z,Not applicable,1997,,56840.438,,2025,,A,Normal value,0,Units,0,Zero
DATAFLOW,OECD.ELS.SAE:DSD_EARNINGS@AV_AN_WAGE(1.0),Average annual wages,I,NLD,Netherlands,WG,Wages,EUR,Euro,A,Annual,Q,Constant prices,MEAN,Mean,_Z,Not applicable,1998,,55123.31,,2025,,A,Normal value,0,Units,0,Zero
DATAFLOW,OECD.ELS.SAE:DSD_EARNINGS@AV_AN_WAGE(1.0),Average annual wages,I,NLD,Netherlands,WG,Wages,EUR,Euro,A,Annual,Q,Constant prices,MEAN,Mean,_Z,Not applicable,1999,,56203.083,,2025,,A,Normal value,0,Units,0,Zero
DATAFLOW,OECD.ELS.SAE:DSD_EARNINGS@AV_AN_WAGE(1.0),Average annual wages,I,NLD,Netherlands,WG,Wages,EUR,Euro,A,Annual,Q,Constant prices,MEAN,Mean,_Z,Not applicable,2000,,57640.167,,2025,,A,Normal value,0,Units,0,Zero
DATAFLOW,OECD.ELS.SAE:DSD_EARNINGS@AV_AN_WAGE(1.0),Average annual wages,I,NLD,Netherlands,WG,Wages,EUR,Euro,A,Annual,Q,Constant prices,MEAN,Mean,_Z,Not applicable,2001,,58499.596,,2025,,A,Normal value,0,Units,0,Zero
DATAFLOW,OECD.ELS.SAE:DSD_EARNINGS@AV_AN_WAGE(1.0),Average annual wages,I,NLD,Netherlands,WG,Wages,EUR,Euro,A,Annual,Q,Constant prices,MEAN,Mean,_Z,Not applicable,2002,,58520.716,,2025,,A,Normal value,0,Units,0,Zero
DATAFLOW,OECD.ELS.SAE:DSD_EARNINGS@AV_AN_WAGE(1.0),Average annual wages,I,NLD,Netherlands,WG,Wages,EUR,Euro,A,Annual,Q,Constant prices,MEAN,Mean,_Z,Not applicable,2003,,58900.463,,2025,,A,Normal value,0,Units,0,Zero
DATAFLOW,OECD.ELS.SAE:DSD_EARNINGS@AV_AN_WAGE(1.0),Average annual wages,I,NLD,Netherlands,WG,Wages,EUR,Euro,A,Annual,Q,Constant prices,MEAN,Mean,_Z,Not applicable,2004,,59768.686,,2025,,A,Normal value,0,Units,0,Zero
DATAFLOW,OECD.ELS.SAE:DSD_EARNINGS@AV_AN_WAGE(1.0),Average annual wages,I,NLD,Netherlands,WG,Wages,EUR,Euro,A,Annual,Q,Constant prices,MEAN,Mean,_Z,Not applicable,2005,,59852.063,,2025,,A,Normal value,0,Units,0,Zero
DATAFLOW,OECD.ELS.SAE:DSD_EARNINGS@AV_AN_WAGE(1.0),Average annual wages,I,NLD,Netherlands,WG,Wages,EUR,Euro,A,Annual,Q,Constant prices,MEAN,Mean,_Z,Not applicable,2006,,59702.398,,2025,,A,Normal value,0,Units,0,Zero
DATAFLOW,OECD.ELS.SAE:DSD_EARNINGS@AV_AN_WAGE(1.0),Average annual wages,I,NLD,Netherlands,WG,Wages,EUR,Euro,A,Annual,Q,Constant prices,MEAN,Mean,_Z,Not applicable,2007,,60501.681,,2025,,A,Normal value,0,Units,0,Zero
DATAFLOW,OECD.ELS.SAE:DSD_EARNINGS@AV_AN_WAGE(1.0),Average annual wages,I,NLD,Netherlands,WG,Wages,EUR,Euro,A,Annual,Q,Constant prices,MEAN,Mean,_Z,Not applicable,2008,,60694.678,,2025,,A,Normal value,0,Units,0,Zero
DATAFLOW,OECD.ELS.SAE:DSD_EARNINGS@AV_AN_WAGE(1.0),Average annual wages,I,NLD,Netherlands,WG,Wages,EUR,Euro,A,Annual,Q,Constant prices,MEAN,Mean,_Z,Not applicable,2009,,62788.51,,2025,,A,Normal value,0,Units,0,Zero
DATAFLOW,OECD.ELS.SAE:DSD_EARNINGS@AV_AN_WAGE(1.0),Average annual wages,I,NLD,Netherlands,WG,Wages,EUR,Euro,A,Annual,Q,Constant prices,MEAN,Mean,_Z,Not applicable,2010,,62919,,2025,,A,Normal value,0,Units,0,Zero
DATAFLOW,OECD.ELS.SAE:DSD_EARNINGS@AV_AN_WAGE(1.0),Average annual wages,I,NLD,Netherlands,WG,Wages,EUR,Euro,A,Annual,Q,Constant prices,MEAN,Mean,_Z,Not applicable,2011,,62359.316,,2025,,A,Normal value,0,Units,0,Zero
DATAFLOW,OECD.ELS.SAE:DSD_EARNINGS@AV_AN_WAGE(1.0),Average annual wages,I,NLD,Netherlands,WG,Wages,EUR,Euro,A,Annual,Q,Constant prices,MEAN,Mean,_Z,Not applicable,2012,,62722.306,,2025,,A,Normal value,0,Units,0,Zero
DATAFLOW,OECD.ELS.SAE:DSD_EARNINGS@AV_AN_WAGE(1.0),Average annual wages,I,NLD,Netherlands,WG,Wages,EUR,Euro,A,Annual,Q,Constant prices,MEAN,Mean,_Z,Not applicable,2013,,63004.744,,2025,,A,Normal value,0,Units,0,Zero
DATAFLOW,OECD.ELS.SAE:DSD_EARNINGS@AV_AN_WAGE(1.0),Average annual wages,I,NLD,Netherlands,WG,Wages,EUR,Euro,A,Annual,Q,Constant prices,MEAN,Mean,_Z,Not applicable,2014,,62668.924,,2025,,A,Normal value,0,Units,0,Zero
DATAFLOW,OECD.ELS.SAE:DSD_EARNINGS@AV_AN_WAGE(1.0),Average annual wages,I,NLD,Netherlands,WG,Wages,EUR,Euro,A,Annual,Q,Constant prices,MEAN,Mean,_Z,Not applicable,2015,,63467.793,,2025,,A,Normal value,0,Units,0,Zero
DATAFLOW,OECD.ELS.SAE:DSD_EARNINGS@AV_AN_WAGE(1.0),Average annual wages,I,NLD,Netherlands,WG,Wages,EUR,Euro,A,Annual,Q,Constant prices,MEAN,Mean,_Z,Not applicable,2016,,63768.715,,2025,,A,Normal value,0,Units,0,Zero
DATAFLOW,OECD.ELS.SAE:DSD_EARNINGS@AV_AN_WAGE(1.0),Average annual wages,I,NLD,Netherlands,WG,Wages,EUR,Euro,A,Annual,Q,Constant prices,MEAN,Mean,_Z,Not applicable,2017,,62789.898,,2025,,A,Normal value,0,Units,0,Zero
DATAFLOW,OECD.ELS.SAE:DSD_EARNINGS@AV_AN_WAGE(1.0),Average annual wages,I,NLD,Netherlands,WG,Wages,EUR,Euro,A,Annual,Q,Constant prices,MEAN,Mean,_Z,Not applicable,2018,,62251.79,,2025,,A,Normal value,0,Units,0,Zero
DATAFLOW,OECD.ELS.SAE:DSD_EARNINGS@AV_AN_WAGE(1.0),Average annual wages,I,NLD,Netherlands,WG,Wages,EUR,Euro,A,Annual,Q,Constant prices,MEAN,Mean,_Z,Not applicable,2019,,62025.365,,2025,,A,Normal value,0,Units,0,Zero
DATAFLOW,OECD.ELS.SAE:DSD_EARNINGS@AV_AN_WAGE(1.0),Average annual wages,I,NLD,Netherlands,WG,Wages,EUR,Euro,A,Annual,Q,Constant prices,MEAN,Mean,_Z,Not applicable,2020,,62747.22,,2025,,A,Normal value,0,Units,0,Zero
DATAFLOW,OECD.ELS.SAE:DSD_EARNINGS@AV_AN_WAGE(1.0),Average annual wages,I,NLD,Netherlands,WG,Wages,EUR,Euro,A,Annual,Q,Constant prices,MEAN,Mean,_Z,Not applicable,2021,,61695.096,,2025,,A,Normal value,0,Units,0,Zero
DATAFLOW,OECD.ELS.SAE:DSD_EARNINGS@AV_AN_WAGE(1.0),Average annual wages,I,NLD,Netherlands,WG,Wages,EUR,Euro,A,Annual,Q,Constant prices,MEAN,Mean,_Z,Not applicable,2022,,58559.588,,2025,,A,Normal value,0,Units,0,Zero
DATAFLOW,OECD.ELS.SAE:DSD_EARNINGS@AV_AN_WAGE(1.0),Average annual wages,I,NLD,Netherlands,WG,Wages,EUR,Euro,A,Annual,Q,Constant prices,MEAN,Mean,_Z,Not applicable,2023,,58340.008,,2025,,A,Normal value,0,Units,0,Zero
DATAFLOW,OECD.ELS.SAE:DSD_EARNINGS@AV_AN_WAGE(1.0),Average annual wages,I,NLD,Netherlands,WG,Wages,EUR,Euro,A,Annual,Q,Constant prices,MEAN,Mean,_Z,Not applicable,2024,,60376.92,,2025,,A,Normal value,0,Units,0,Zero
DATAFLOW,OECD.ELS.SAE:DSD_EARNINGS@AV_AN_WAGE(1.0),Average annual wages,I,NLD,Netherlands,WG,Wages,EUR,Euro,A,Annual,Q,Constant prices,MEAN,Mean,_Z,Not applicable,2025,,61492.132,,2025,,A,Normal value,0,Units,0,Zero
DATAFLOW,OECD.ELS.SAE:DSD_EARNINGS@AV_AN_WAGE(1.0),Average annual wages,I,PRT,Portugal,WG,Wages,EUR,Euro,A,Annual,Q,Constant prices,MEAN,Mean,_Z,Not applicable,1995,,19660.476,,2025,,A,Normal value,0,Units,0,Zero
DATAFLOW,OECD.ELS.SAE:DSD_EARNINGS@AV_AN_WAGE(1.0),Average annual wages,I,PRT,Portugal,WG,Wages,EUR,Euro,A,Annual,Q,Constant prices,MEAN,Mean,_Z,Not applicable,1996,,20388.556,,2025,,A,Normal value,0,Units,0,Zero
DATAFLOW,OECD.ELS.SAE:DSD_EARNINGS@AV_AN_WAGE(1.0),Average annual wages,I,PRT,Portugal,WG,Wages,EUR,Euro,A,Annual,Q,Constant prices,MEAN,Mean,_Z,Not applicable,1997,,20916.517,,2025,,A,Normal value,0,Units,0,Zero
DATAFLOW,OECD.ELS.SAE:DSD_EARNINGS@AV_AN_WAGE(1.0),Average annual wages,I,PRT,Portugal,WG,Wages,EUR,Euro,A,Annual,Q,Constant prices,MEAN,Mean,_Z,Not applicable,1998,,21164.541,,2025,,A,Normal value,0,Units,0,Zero
DATAFLOW,OECD.ELS.SAE:DSD_EARNINGS@AV_AN_WAGE(1.0),Average annual wages,I,PRT,Portugal,WG,Wages,EUR,Euro,A,Annual,Q,Constant prices,MEAN,Mean,_Z,Not applicable,1999,,21887.985,,2025,,A,Normal value,0,Units,0,Zero
DATAFLOW,OECD.ELS.SAE:DSD_EARNINGS@AV_AN_WAGE(1.0),Average annual wages,I,PRT,Portugal,WG,Wages,EUR,Euro,A,Annual,Q,Constant prices,MEAN,Mean,_Z,Not applicable,2000,,22186.156,,2025,,A,Normal value,0,Units,0,Zero
DATAFLOW,OECD.ELS.SAE:DSD_EARNINGS@AV_AN_WAGE(1.0),Average annual wages,I,PRT,Portugal,WG,Wages,EUR,Euro,A,Annual,Q,Constant prices,MEAN,Mean,_Z,Not applicable,2001,,22271.129,,2025,,A,Normal value,0,Units,0,Zero
DATAFLOW,OECD.ELS.SAE:DSD_EARNINGS@AV_AN_WAGE(1.0),Average annual wages,I,PRT,Portugal,WG,Wages,EUR,Euro,A,Annual,Q,Constant prices,MEAN,Mean,_Z,Not applicable,2002,,22264.994,,2025,,A,Normal value,0,Units,0,Zero
DATAFLOW,OECD.ELS.SAE:DSD_EARNINGS@AV_AN_WAGE(1.0),Average annual wages,I,PRT,Portugal,WG,Wages,EUR,Euro,A,Annual,Q,Constant prices,MEAN,Mean,_Z,Not applicable,2003,,22213.161,,2025,,A,Normal value,0,Units,0,Zero
DATAFLOW,OECD.ELS.SAE:DSD_EARNINGS@AV_AN_WAGE(1.0),Average annual wages,I,PRT,Portugal,WG,Wages,EUR,Euro,A,Annual,Q,Constant prices,MEAN,Mean,_Z,Not applicable,2004,,22238.745,,2025,,A,Normal value,0,Units,0,Zero
DATAFLOW,OECD.ELS.SAE:DSD_EARNINGS@AV_AN_WAGE(1.0),Average annual wages,I,PRT,Portugal,WG,Wages,EUR,Euro,A,Annual,Q,Constant prices,MEAN,Mean,_Z,Not applicable,2005,,22119.923,,2025,,A,Normal value,0,Units,0,Zero
DATAFLOW,OECD.ELS.SAE:DSD_EARNINGS@AV_AN_WAGE(1.0),Average annual wages,I,PRT,Portugal,WG,Wages,EUR,Euro,A,Annual,Q,Constant prices,MEAN,Mean,_Z,Not applicable,2006,,21637.554,,2025,,A,Normal value,0,Units,0,Zero
DATAFLOW,OECD.ELS.SAE:DSD_EARNINGS@AV_AN_WAGE(1.0),Average annual wages,I,PRT,Portugal,WG,Wages,EUR,Euro,A,Annual,Q,Constant prices,MEAN,Mean,_Z,Not applicable,2007,,21776.4,,2025,,A,Normal value,0,Units,0,Zero
DATAFLOW,OECD.ELS.SAE:DSD_EARNINGS@AV_AN_WAGE(1.0),Average annual wages,I,PRT,Portugal,WG,Wages,EUR,Euro,A,Annual,Q,Constant prices,MEAN,Mean,_Z,Not applicable,2008,,21704.182,,2025,,A,Normal value,0,Units,0,Zero
DATAFLOW,OECD.ELS.SAE:DSD_EARNINGS@AV_AN_WAGE(1.0),Average annual wages,I,PRT,Portugal,WG,Wages,EUR,Euro,A,Annual,Q,Constant prices,MEAN,Mean,_Z,Not applicable,2009,,22553.921,,2025,,A,Normal value,0,Units,0,Zero
DATAFLOW,OECD.ELS.SAE:DSD_EARNINGS@AV_AN_WAGE(1.0),Average annual wages,I,PRT,Portugal,WG,Wages,EUR,Euro,A,Annual,Q,Constant prices,MEAN,Mean,_Z,Not applicable,2010,,22462.221,,2025,,A,Normal value,0,Units,0,Zero
DATAFLOW,OECD.ELS.SAE:DSD_EARNINGS@AV_AN_WAGE(1.0),Average annual wages,I,PRT,Portugal,WG,Wages,EUR,Euro,A,Annual,Q,Constant prices,MEAN,Mean,_Z,Not applicable,2011,,21940.202,,2025,,A,Normal value,0,Units,0,Zero
DATAFLOW,OECD.ELS.SAE:DSD_EARNINGS@AV_AN_WAGE(1.0),Average annual wages,I,PRT,Portugal,WG,Wages,EUR,Euro,A,Annual,Q,Constant prices,MEAN,Mean,_Z,Not applicable,2012,,20961.69,,2025,,A,Normal value,0,Units,0,Zero
DATAFLOW,OECD.ELS.SAE:DSD_EARNINGS@AV_AN_WAGE(1.0),Average annual wages,I,PRT,Portugal,WG,Wages,EUR,Euro,A,Annual,Q,Constant prices,MEAN,Mean,_Z,Not applicable,2013,,21353.63,,2025,,A,Normal value,0,Units,0,Zero
DATAFLOW,OECD.ELS.SAE:DSD_EARNINGS@AV_AN_WAGE(1.0),Average annual wages,I,PRT,Portugal,WG,Wages,EUR,Euro,A,Annual,Q,Constant prices,MEAN,Mean,_Z,Not applicable,2014,,20998.728,,2025,,A,Normal value,0,Units,0,Zero
DATAFLOW,OECD.ELS.SAE:DSD_EARNINGS@AV_AN_WAGE(1.0),Average annual wages,I,PRT,Portugal,WG,Wages,EUR,Euro,A,Annual,Q,Constant prices,MEAN,Mean,_Z,Not applicable,2015,,20988.701,,2025,,A,Normal value,0,Units,0,Zero
DATAFLOW,OECD.ELS.SAE:DSD_EARNINGS@AV_AN_WAGE(1.0),Average annual wages,I,PRT,Portugal,WG,Wages,EUR,Euro,A,Annual,Q,Constant prices,MEAN,Mean,_Z,Not applicable,2016,,20977.822,,2025,,A,Normal value,0,Units,0,Zero
DATAFLOW,OECD.ELS.SAE:DSD_EARNINGS@AV_AN_WAGE(1.0),Average annual wages,I,PRT,Portugal,WG,Wages,EUR,Euro,A,Annual,Q,Constant prices,MEAN,Mean,_Z,Not applicable,2017,,21061.186,,2025,,A,Normal value,0,Units,0,Zero
DATAFLOW,OECD.ELS.SAE:DSD_EARNINGS@AV_AN_WAGE(1.0),Average annual wages,I,PRT,Portugal,WG,Wages,EUR,Euro,A,Annual,Q,Constant prices,MEAN,Mean,_Z,Not applicable,2018,,21449.933,,2025,,A,Normal value,0,Units,0,Zero
DATAFLOW,OECD.ELS.SAE:DSD_EARNINGS@AV_AN_WAGE(1.0),Average annual wages,I,PRT,Portugal,WG,Wages,EUR,Euro,A,Annual,Q,Constant prices,MEAN,Mean,_Z,Not applicable,2019,,22379.541,,2025,,A,Normal value,0,Units,0,Zero
DATAFLOW,OECD.ELS.SAE:DSD_EARNINGS@AV_AN_WAGE(1.0),Average annual wages,I,PRT,Portugal,WG,Wages,EUR,Euro,A,Annual,Q,Constant prices,MEAN,Mean,_Z,Not applicable,2020,,22678.704,,2025,,A,Normal value,0,Units,0,Zero
DATAFLOW,OECD.ELS.SAE:DSD_EARNINGS@AV_AN_WAGE(1.0),Average annual wages,I,PRT,Portugal,WG,Wages,EUR,Euro,A,Annual,Q,Constant prices,MEAN,Mean,_Z,Not applicable,2021,,23410.556,,2025,,A,Normal value,0,Units,0,Zero
DATAFLOW,OECD.ELS.SAE:DSD_EARNINGS@AV_AN_WAGE(1.0),Average annual wages,I,PRT,Portugal,WG,Wages,EUR,Euro,A,Annual,Q,Constant prices,MEAN,Mean,_Z,Not applicable,2022,,23258.601,,2025,,A,Normal value,0,Units,0,Zero
DATAFLOW,OECD.ELS.SAE:DSD_EARNINGS@AV_AN_WAGE(1.0),Average annual wages,I,PRT,Portugal,WG,Wages,EUR,Euro,A,Annual,Q,Constant prices,MEAN,Mean,_Z,Not applicable,2023,,24342.835,,2025,,A,Normal value,0,Units,0,Zero
DATAFLOW,OECD.ELS.SAE:DSD_EARNINGS@AV_AN_WAGE(1.0),Average annual wages,I,PRT,Portugal,WG,Wages,EUR,Euro,A,Annual,Q,Constant prices,MEAN,Mean,_Z,Not applicable,2024,,25370.389,,2025,,A,Normal value,0,Units,0,Zero
DATAFLOW,OECD.ELS.SAE:DSD_EARNINGS@AV_AN_WAGE(1.0),Average annual wages,I,PRT,Portugal,WG,Wages,EUR,Euro,A,Annual,Q,Constant prices,MEAN,Mean,_Z,Not applicable,2025,,25825.885,,2025,,A,Normal value,0,Units,0,Zero
DATAFLOW,OECD.ELS.SAE:DSD_EARNINGS@AV_AN_WAGE(1.0),Average annual wages,I,SVK,Slovak Republic,WG,Wages,EUR,Euro,A,Annual,Q,Constant prices,MEAN,Mean,_Z,Not applicable,1994,,9075.873,,2025,,A,Normal value,0,Units,0,Zero
DATAFLOW,OECD.ELS.SAE:DSD_EARNINGS@AV_AN_WAGE(1.0),Average annual wages,I,SVK,Slovak Republic,WG,Wages,EUR,Euro,A,Annual,Q,Constant prices,MEAN,Mean,_Z,Not applicable,1995,,9774.99,,2025,,A,Normal value,0,Units,0,Zero
DATAFLOW,OECD.ELS.SAE:DSD_EARNINGS@AV_AN_WAGE(1.0),Average annual wages,I,SVK,Slovak Republic,WG,Wages,EUR,Euro,A,Annual,Q,Constant prices,MEAN,Mean,_Z,Not applicable,1996,,10554.83,,2025,,A,Normal value,0,Units,0,Zero
DATAFLOW,OECD.ELS.SAE:DSD_EARNINGS@AV_AN_WAGE(1.0),Average annual wages,I,SVK,Slovak Republic,WG,Wages,EUR,Euro,A,Annual,Q,Constant prices,MEAN,Mean,_Z,Not applicable,1997,,11915.399,,2025,,A,Normal value,0,Units,0,Zero
DATAFLOW,OECD.ELS.SAE:DSD_EARNINGS@AV_AN_WAGE(1.0),Average annual wages,I,SVK,Slovak Republic,WG,Wages,EUR,Euro,A,Annual,Q,Constant prices,MEAN,Mean,_Z,Not applicable,1998,,12380.25,,2025,,A,Normal value,0,Units,0,Zero
DATAFLOW,OECD.ELS.SAE:DSD_EARNINGS@AV_AN_WAGE(1.0),Average annual wages,I,SVK,Slovak Republic,WG,Wages,EUR,Euro,A,Annual,Q,Constant prices,MEAN,Mean,_Z,Not applicable,1999,,12088.715,,2025,,A,Normal value,0,Units,0,Zero
DATAFLOW,OECD.ELS.SAE:DSD_EARNINGS@AV_AN_WAGE(1.0),Average annual wages,I,SVK,Slovak Republic,WG,Wages,EUR,Euro,A,Annual,Q,Constant prices,MEAN,Mean,_Z,Not applicable,2000,,12563.167,,2025,,A,Normal value,0,Units,0,Zero
DATAFLOW,OECD.ELS.SAE:DSD_EARNINGS@AV_AN_WAGE(1.0),Average annual wages,I,SVK,Slovak Republic,WG,Wages,EUR,Euro,A,Annual,Q,Constant prices,MEAN,Mean,_Z,Not applicable,2001,,12526.703,,2025,,A,Normal value,0,Units,0,Zero
DATAFLOW,OECD.ELS.SAE:DSD_EARNINGS@AV_AN_WAGE(1.0),Average annual wages,I,SVK,Slovak Republic,WG,Wages,EUR,Euro,A,Annual,Q,Constant prices,MEAN,Mean,_Z,Not applicable,2002,,13165.576,,2025,,A,Normal value,0,Units,0,Zero
DATAFLOW,OECD.ELS.SAE:DSD_EARNINGS@AV_AN_WAGE(1.0),Average annual wages,I,SVK,Slovak Republic,WG,Wages,EUR,Euro,A,Annual,Q,Constant prices,MEAN,Mean,_Z,Not applicable,2003,,13389.764,,2025,,A,Normal value,0,Units,0,Zero
DATAFLOW,OECD.ELS.SAE:DSD_EARNINGS@AV_AN_WAGE(1.0),Average annual wages,I,SVK,Slovak Republic,WG,Wages,EUR,Euro,A,Annual,Q,Constant prices,MEAN,Mean,_Z,Not applicable,2004,,13477.456,,2025,,A,Normal value,0,Units,0,Zero
DATAFLOW,OECD.ELS.SAE:DSD_EARNINGS@AV_AN_WAGE(1.0),Average annual wages,I,SVK,Slovak Republic,WG,Wages,EUR,Euro,A,Annual,Q,Constant prices,MEAN,Mean,_Z,Not applicable,2005,,14244.193,,2025,,A,Normal value,0,Units,0,Zero
DATAFLOW,OECD.ELS.SAE:DSD_EARNINGS@AV_AN_WAGE(1.0),Average annual wages,I,SVK,Slovak Republic,WG,Wages,EUR,Euro,A,Annual,Q,Constant prices,MEAN,Mean,_Z,Not applicable,2006,,14768.272,,2025,,A,Normal value,0,Units,0,Zero
DATAFLOW,OECD.ELS.SAE:DSD_EARNINGS@AV_AN_WAGE(1.0),Average annual wages,I,SVK,Slovak Republic,WG,Wages,EUR,Euro,A,Annual,Q,Constant prices,MEAN,Mean,_Z,Not applicable,2007,,15721.995,,2025,,A,Normal value,0,Units,0,Zero
DATAFLOW,OECD.ELS.SAE:DSD_EARNINGS@AV_AN_WAGE(1.0),Average annual wages,I,SVK,Slovak Republic,WG,Wages,EUR,Euro,A,Annual,Q,Constant prices,MEAN,Mean,_Z,Not applicable,2008,,15902.057,,2025,,A,Normal value,0,Units,0,Zero
DATAFLOW,OECD.ELS.SAE:DSD_EARNINGS@AV_AN_WAGE(1.0),Average annual wages,I,SVK,Slovak Republic,WG,Wages,EUR,Euro,A,Annual,Q,Constant prices,MEAN,Mean,_Z,Not applicable,2009,,16431.032,,2025,,A,Normal value,0,Units,0,Zero
DATAFLOW,OECD.ELS.SAE:DSD_EARNINGS@AV_AN_WAGE(1.0),Average annual wages,I,SVK,Slovak Republic,WG,Wages,EUR,Euro,A,Annual,Q,Constant prices,MEAN,Mean,_Z,Not applicable,2010,,17171.903,,2025,,A,Normal value,0,Units,0,Zero
DATAFLOW,OECD.ELS.SAE:DSD_EARNINGS@AV_AN_WAGE(1.0),Average annual wages,I,SVK,Slovak Republic,WG,Wages,EUR,Euro,A,Annual,Q,Constant prices,MEAN,Mean,_Z,Not applicable,2011,,17040.554,,2025,,A,Normal value,0,Units,0,Zero
DATAFLOW,OECD.ELS.SAE:DSD_EARNINGS@AV_AN_WAGE(1.0),Average annual wages,I,SVK,Slovak Republic,WG,Wages,EUR,Euro,A,Annual,Q,Constant prices,MEAN,Mean,_Z,Not applicable,2012,,16847.891,,2025,,A,Normal value,0,Units,0,Zero
DATAFLOW,OECD.ELS.SAE:DSD_EARNINGS@AV_AN_WAGE(1.0),Average annual wages,I,SVK,Slovak Republic,WG,Wages,EUR,Euro,A,Annual,Q,Constant prices,MEAN,Mean,_Z,Not applicable,2013,,17002.091,,2025,,A,Normal value,0,Units,0,Zero
DATAFLOW,OECD.ELS.SAE:DSD_EARNINGS@AV_AN_WAGE(1.0),Average annual wages,I,SVK,Slovak Republic,WG,Wages,EUR,Euro,A,Annual,Q,Constant prices,MEAN,Mean,_Z,Not applicable,2014,,17331.776,,2025,,A,Normal value,0,Units,0,Zero
DATAFLOW,OECD.ELS.SAE:DSD_EARNINGS@AV_AN_WAGE(1.0),Average annual wages,I,SVK,Slovak Republic,WG,Wages,EUR,Euro,A,Annual,Q,Constant prices,MEAN,Mean,_Z,Not applicable,2015,,17989.871,,2025,,A,Normal value,0,Units,0,Zero
DATAFLOW,OECD.ELS.SAE:DSD_EARNINGS@AV_AN_WAGE(1.0),Average annual wages,I,SVK,Slovak Republic,WG,Wages,EUR,Euro,A,Annual,Q,Constant prices,MEAN,Mean,_Z,Not applicable,2016,,18574.574,,2025,,A,Normal value,0,Units,0,Zero
DATAFLOW,OECD.ELS.SAE:DSD_EARNINGS@AV_AN_WAGE(1.0),Average annual wages,I,SVK,Slovak Republic,WG,Wages,EUR,Euro,A,Annual,Q,Constant prices,MEAN,Mean,_Z,Not applicable,2017,,19223.324,,2025,,A,Normal value,0,Units,0,Zero
DATAFLOW,OECD.ELS.SAE:DSD_EARNINGS@AV_AN_WAGE(1.0),Average annual wages,I,SVK,Slovak Republic,WG,Wages,EUR,Euro,A,Annual,Q,Constant prices,MEAN,Mean,_Z,Not applicable,2018,,19842.058,,2025,,A,Normal value,0,Units,0,Zero
DATAFLOW,OECD.ELS.SAE:DSD_EARNINGS@AV_AN_WAGE(1.0),Average annual wages,I,SVK,Slovak Republic,WG,Wages,EUR,Euro,A,Annual,Q,Constant prices,MEAN,Mean,_Z,Not applicable,2019,,20557.127,,2025,,A,Normal value,0,Units,0,Zero
DATAFLOW,OECD.ELS.SAE:DSD_EARNINGS@AV_AN_WAGE(1.0),Average annual wages,I,SVK,Slovak Republic,WG,Wages,EUR,Euro,A,Annual,Q,Constant prices,MEAN,Mean,_Z,Not applicable,2020,,20845.578,,2025,,A,Normal value,0,Units,0,Zero
DATAFLOW,OECD.ELS.SAE:DSD_EARNINGS@AV_AN_WAGE(1.0),Average annual wages,I,SVK,Slovak Republic,WG,Wages,EUR,Euro,A,Annual,Q,Constant prices,MEAN,Mean,_Z,Not applicable,2021,,21325.777,,2025,,A,Normal value,0,Units,0,Zero
DATAFLOW,OECD.ELS.SAE:DSD_EARNINGS@AV_AN_WAGE(1.0),Average annual wages,I,SVK,Slovak Republic,WG,Wages,EUR,Euro,A,Annual,Q,Constant prices,MEAN,Mean,_Z,Not applicable,2022,,20308.132,,2025,,A,Normal value,0,Units,0,Zero
DATAFLOW,OECD.ELS.SAE:DSD_EARNINGS@AV_AN_WAGE(1.0),Average annual wages,I,SVK,Slovak Republic,WG,Wages,EUR,Euro,A,Annual,Q,Constant prices,MEAN,Mean,_Z,Not applicable,2023,,20333.047,,2025,,A,Normal value,0,Units,0,Zero
DATAFLOW,OECD.ELS.SAE:DSD_EARNINGS@AV_AN_WAGE(1.0),Average annual wages,I,SVK,Slovak Republic,WG,Wages,EUR,Euro,A,Annual,Q,Constant prices,MEAN,Mean,_Z,Not applicable,2024,,21072.838,,2025,,A,Normal value,0,Units,0,Zero
DATAFLOW,OECD.ELS.SAE:DSD_EARNINGS@AV_AN_WAGE(1.0),Average annual wages,I,SVK,Slovak Republic,WG,Wages,EUR,Euro,A,Annual,Q,Constant prices,MEAN,Mean,_Z,Not applicable,2025,,21403.216,,2025,,A,Normal value,0,Units,0,Zero
DATAFLOW,OECD.ELS.SAE:DSD_EARNINGS@AV_AN_WAGE(1.0),Average annual wages,I,SVN,Slovenia,WG,Wages,EUR,Euro,A,Annual,Q,Constant prices,MEAN,Mean,_Z,Not applicable,1995,,19196.097,,2025,,A,Normal value,0,Units,0,Zero
DATAFLOW,OECD.ELS.SAE:DSD_EARNINGS@AV_AN_WAGE(1.0),Average annual wages,I,SVN,Slovenia,WG,Wages,EUR,Euro,A,Annual,Q,Constant prices,MEAN,Mean,_Z,Not applicable,1996,,20258.485,,2025,,A,Normal value,0,Units,0,Zero
DATAFLOW,OECD.ELS.SAE:DSD_EARNINGS@AV_AN_WAGE(1.0),Average annual wages,I,SVN,Slovenia,WG,Wages,EUR,Euro,A,Annual,Q,Constant prices,MEAN,Mean,_Z,Not applicable,1997,,21330.556,,2025,,A,Normal value,0,Units,0,Zero
DATAFLOW,OECD.ELS.SAE:DSD_EARNINGS@AV_AN_WAGE(1.0),Average annual wages,I,SVN,Slovenia,WG,Wages,EUR,Euro,A,Annual,Q,Constant prices,MEAN,Mean,_Z,Not applicable,1998,,21645.306,,2025,,A,Normal value,0,Units,0,Zero
DATAFLOW,OECD.ELS.SAE:DSD_EARNINGS@AV_AN_WAGE(1.0),Average annual wages,I,SVN,Slovenia,WG,Wages,EUR,Euro,A,Annual,Q,Constant prices,MEAN,Mean,_Z,Not applicable,1999,,22049.316,,2025,,A,Normal value,0,Units,0,Zero
DATAFLOW,OECD.ELS.SAE:DSD_EARNINGS@AV_AN_WAGE(1.0),Average annual wages,I,SVN,Slovenia,WG,Wages,EUR,Euro,A,Annual,Q,Constant prices,MEAN,Mean,_Z,Not applicable,2000,,22566.967,,2025,,A,Normal value,0,Units,0,Zero
DATAFLOW,OECD.ELS.SAE:DSD_EARNINGS@AV_AN_WAGE(1.0),Average annual wages,I,SVN,Slovenia,WG,Wages,EUR,Euro,A,Annual,Q,Constant prices,MEAN,Mean,_Z,Not applicable,2001,,23475.272,,2025,,A,Normal value,0,Units,0,Zero
DATAFLOW,OECD.ELS.SAE:DSD_EARNINGS@AV_AN_WAGE(1.0),Average annual wages,I,SVN,Slovenia,WG,Wages,EUR,Euro,A,Annual,Q,Constant prices,MEAN,Mean,_Z,Not applicable,2002,,23506.516,,2025,,A,Normal value,0,Units,0,Zero
DATAFLOW,OECD.ELS.SAE:DSD_EARNINGS@AV_AN_WAGE(1.0),Average annual wages,I,SVN,Slovenia,WG,Wages,EUR,Euro,A,Annual,Q,Constant prices,MEAN,Mean,_Z,Not applicable,2003,,24061.174,,2025,,A,Normal value,0,Units,0,Zero
DATAFLOW,OECD.ELS.SAE:DSD_EARNINGS@AV_AN_WAGE(1.0),Average annual wages,I,SVN,Slovenia,WG,Wages,EUR,Euro,A,Annual,Q,Constant prices,MEAN,Mean,_Z,Not applicable,2004,,25287.101,,2025,,A,Normal value,0,Units,0,Zero
DATAFLOW,OECD.ELS.SAE:DSD_EARNINGS@AV_AN_WAGE(1.0),Average annual wages,I,SVN,Slovenia,WG,Wages,EUR,Euro,A,Annual,Q,Constant prices,MEAN,Mean,_Z,Not applicable,2005,,26233.805,,2025,,A,Normal value,0,Units,0,Zero
DATAFLOW,OECD.ELS.SAE:DSD_EARNINGS@AV_AN_WAGE(1.0),Average annual wages,I,SVN,Slovenia,WG,Wages,EUR,Euro,A,Annual,Q,Constant prices,MEAN,Mean,_Z,Not applicable,2006,,27062.643,,2025,,A,Normal value,0,Units,0,Zero
DATAFLOW,OECD.ELS.SAE:DSD_EARNINGS@AV_AN_WAGE(1.0),Average annual wages,I,SVN,Slovenia,WG,Wages,EUR,Euro,A,Annual,Q,Constant prices,MEAN,Mean,_Z,Not applicable,2007,,27638.605,,2025,,A,Normal value,0,Units,0,Zero
DATAFLOW,OECD.ELS.SAE:DSD_EARNINGS@AV_AN_WAGE(1.0),Average annual wages,I,SVN,Slovenia,WG,Wages,EUR,Euro,A,Annual,Q,Constant prices,MEAN,Mean,_Z,Not applicable,2008,,28109.163,,2025,,A,Normal value,0,Units,0,Zero
DATAFLOW,OECD.ELS.SAE:DSD_EARNINGS@AV_AN_WAGE(1.0),Average annual wages,I,SVN,Slovenia,WG,Wages,EUR,Euro,A,Annual,Q,Constant prices,MEAN,Mean,_Z,Not applicable,2009,,28709.151,,2025,,A,Normal value,0,Units,0,Zero
DATAFLOW,OECD.ELS.SAE:DSD_EARNINGS@AV_AN_WAGE(1.0),Average annual wages,I,SVN,Slovenia,WG,Wages,EUR,Euro,A,Annual,Q,Constant prices,MEAN,Mean,_Z,Not applicable,2010,,29418.432,,2025,,A,Normal value,0,Units,0,Zero
DATAFLOW,OECD.ELS.SAE:DSD_EARNINGS@AV_AN_WAGE(1.0),Average annual wages,I,SVN,Slovenia,WG,Wages,EUR,Euro,A,Annual,Q,Constant prices,MEAN,Mean,_Z,Not applicable,2011,,29154.237,,2025,,A,Normal value,0,Units,0,Zero
DATAFLOW,OECD.ELS.SAE:DSD_EARNINGS@AV_AN_WAGE(1.0),Average annual wages,I,SVN,Slovenia,WG,Wages,EUR,Euro,A,Annual,Q,Constant prices,MEAN,Mean,_Z,Not applicable,2012,,28094.798,,2025,,A,Normal value,0,Units,0,Zero
DATAFLOW,OECD.ELS.SAE:DSD_EARNINGS@AV_AN_WAGE(1.0),Average annual wages,I,SVN,Slovenia,WG,Wages,EUR,Euro,A,Annual,Q,Constant prices,MEAN,Mean,_Z,Not applicable,2013,,27879.12,,2025,,A,Normal value,0,Units,0,Zero
DATAFLOW,OECD.ELS.SAE:DSD_EARNINGS@AV_AN_WAGE(1.0),Average annual wages,I,SVN,Slovenia,WG,Wages,EUR,Euro,A,Annual,Q,Constant prices,MEAN,Mean,_Z,Not applicable,2014,,28349.468,,2025,,A,Normal value,0,Units,0,Zero
DATAFLOW,OECD.ELS.SAE:DSD_EARNINGS@AV_AN_WAGE(1.0),Average annual wages,I,SVN,Slovenia,WG,Wages,EUR,Euro,A,Annual,Q,Constant prices,MEAN,Mean,_Z,Not applicable,2015,,29038.682,,2025,,A,Normal value,0,Units,0,Zero
DATAFLOW,OECD.ELS.SAE:DSD_EARNINGS@AV_AN_WAGE(1.0),Average annual wages,I,SVN,Slovenia,WG,Wages,EUR,Euro,A,Annual,Q,Constant prices,MEAN,Mean,_Z,Not applicable,2016,,30179.235,,2025,,A,Normal value,0,Units,0,Zero
DATAFLOW,OECD.ELS.SAE:DSD_EARNINGS@AV_AN_WAGE(1.0),Average annual wages,I,SVN,Slovenia,WG,Wages,EUR,Euro,A,Annual,Q,Constant prices,MEAN,Mean,_Z,Not applicable,2017,,30715.155,,2025,,A,Normal value,0,Units,0,Zero
DATAFLOW,OECD.ELS.SAE:DSD_EARNINGS@AV_AN_WAGE(1.0),Average annual wages,I,SVN,Slovenia,WG,Wages,EUR,Euro,A,Annual,Q,Constant prices,MEAN,Mean,_Z,Not applicable,2018,,31251.166,,2025,,A,Normal value,0,Units,0,Zero
DATAFLOW,OECD.ELS.SAE:DSD_EARNINGS@AV_AN_WAGE(1.0),Average annual wages,I,SVN,Slovenia,WG,Wages,EUR,Euro,A,Annual,Q,Constant prices,MEAN,Mean,_Z,Not applicable,2019,,32304.675,,2025,,A,Normal value,0,Units,0,Zero
DATAFLOW,OECD.ELS.SAE:DSD_EARNINGS@AV_AN_WAGE(1.0),Average annual wages,I,SVN,Slovenia,WG,Wages,EUR,Euro,A,Annual,Q,Constant prices,MEAN,Mean,_Z,Not applicable,2020,,33488.626,,2025,,A,Normal value,0,Units,0,Zero
DATAFLOW,OECD.ELS.SAE:DSD_EARNINGS@AV_AN_WAGE(1.0),Average annual wages,I,SVN,Slovenia,WG,Wages,EUR,Euro,A,Annual,Q,Constant prices,MEAN,Mean,_Z,Not applicable,2021,,34896.041,,2025,,A,Normal value,0,Units,0,Zero
DATAFLOW,OECD.ELS.SAE:DSD_EARNINGS@AV_AN_WAGE(1.0),Average annual wages,I,SVN,Slovenia,WG,Wages,EUR,Euro,A,Annual,Q,Constant prices,MEAN,Mean,_Z,Not applicable,2022,,33511.373,,2025,,A,Normal value,0,Units,0,Zero
DATAFLOW,OECD.ELS.SAE:DSD_EARNINGS@AV_AN_WAGE(1.0),Average annual wages,I,SVN,Slovenia,WG,Wages,EUR,Euro,A,Annual,Q,Constant prices,MEAN,Mean,_Z,Not applicable,2023,,34223.614,,2025,,A,Normal value,0,Units,0,Zero
DATAFLOW,OECD.ELS.SAE:DSD_EARNINGS@AV_AN_WAGE(1.0),Average annual wages,I,SVN,Slovenia,WG,Wages,EUR,Euro,A,Annual,Q,Constant prices,MEAN,Mean,_Z,Not applicable,2024,,35615.159,,2025,,A,Normal value,0,Units,0,Zero
DATAFLOW,OECD.ELS.SAE:DSD_EARNINGS@AV_AN_WAGE(1.0),Average annual wages,I,SVN,Slovenia,WG,Wages,EUR,Euro,A,Annual,Q,Constant prices,MEAN,Mean,_Z,Not applicable,2025,,37569.315,,2025,,A,Normal value,0,Units,0,Zero
DATAFLOW,OECD.ELS.SAE:DSD_EARNINGS@AV_AN_WAGE(1.0),Average annual wages,I,ESP,Spain,WG,Wages,EUR,Euro,A,Annual,Q,Constant prices,MEAN,Mean,_Z,Not applicable,1990,,30250.637,,2025,,A,Normal value,0,Units,0,Zero
DATAFLOW,OECD.ELS.SAE:DSD_EARNINGS@AV_AN_WAGE(1.0),Average annual wages,I,ESP,Spain,WG,Wages,EUR,Euro,A,Annual,Q,Constant prices,MEAN,Mean,_Z,Not applicable,1991,,31215.313,,2025,,A,Normal value,0,Units,0,Zero
DATAFLOW,OECD.ELS.SAE:DSD_EARNINGS@AV_AN_WAGE(1.0),Average annual wages,I,ESP,Spain,WG,Wages,EUR,Euro,A,Annual,Q,Constant prices,MEAN,Mean,_Z,Not applicable,1992,,32368.859,,2025,,A,Normal value,0,Units,0,Zero
DATAFLOW,OECD.ELS.SAE:DSD_EARNINGS@AV_AN_WAGE(1.0),Average annual wages,I,ESP,Spain,WG,Wages,EUR,Euro,A,Annual,Q,Constant prices,MEAN,Mean,_Z,Not applicable,1993,,32885.912,,2025,,A,Normal value,0,Units,0,Zero
DATAFLOW,OECD.ELS.SAE:DSD_EARNINGS@AV_AN_WAGE(1.0),Average annual wages,I,ESP,Spain,WG,Wages,EUR,Euro,A,Annual,Q,Constant prices,MEAN,Mean,_Z,Not applicable,1994,,33229.352,,2025,,A,Normal value,0,Units,0,Zero
DATAFLOW,OECD.ELS.SAE:DSD_EARNINGS@AV_AN_WAGE(1.0),Average annual wages,I,ESP,Spain,WG,Wages,EUR,Euro,A,Annual,Q,Constant prices,MEAN,Mean,_Z,Not applicable,1995,,32569.956,,2025,,A,Normal value,0,Units,0,Zero
DATAFLOW,OECD.ELS.SAE:DSD_EARNINGS@AV_AN_WAGE(1.0),Average annual wages,I,ESP,Spain,WG,Wages,EUR,Euro,A,Annual,Q,Constant prices,MEAN,Mean,_Z,Not applicable,1996,,33078.916,,2025,,A,Normal value,0,Units,0,Zero
DATAFLOW,OECD.ELS.SAE:DSD_EARNINGS@AV_AN_WAGE(1.0),Average annual wages,I,ESP,Spain,WG,Wages,EUR,Euro,A,Annual,Q,Constant prices,MEAN,Mean,_Z,Not applicable,1997,,33058.576,,2025,,A,Normal value,0,Units,0,Zero
DATAFLOW,OECD.ELS.SAE:DSD_EARNINGS@AV_AN_WAGE(1.0),Average annual wages,I,ESP,Spain,WG,Wages,EUR,Euro,A,Annual,Q,Constant prices,MEAN,Mean,_Z,Not applicable,1998,,33278.417,,2025,,A,Normal value,0,Units,0,Zero
DATAFLOW,OECD.ELS.SAE:DSD_EARNINGS@AV_AN_WAGE(1.0),Average annual wages,I,ESP,Spain,WG,Wages,EUR,Euro,A,Annual,Q,Constant prices,MEAN,Mean,_Z,Not applicable,1999,,33222.108,,2025,,A,Normal value,0,Units,0,Zero
DATAFLOW,OECD.ELS.SAE:DSD_EARNINGS@AV_AN_WAGE(1.0),Average annual wages,I,ESP,Spain,WG,Wages,EUR,Euro,A,Annual,Q,Constant prices,MEAN,Mean,_Z,Not applicable,2000,,32465.204,,2025,,A,Normal value,0,Units,0,Zero
DATAFLOW,OECD.ELS.SAE:DSD_EARNINGS@AV_AN_WAGE(1.0),Average annual wages,I,ESP,Spain,WG,Wages,EUR,Euro,A,Annual,Q,Constant prices,MEAN,Mean,_Z,Not applicable,2001,,32283.529,,2025,,A,Normal value,0,Units,0,Zero
DATAFLOW,OECD.ELS.SAE:DSD_EARNINGS@AV_AN_WAGE(1.0),Average annual wages,I,ESP,Spain,WG,Wages,EUR,Euro,A,Annual,Q,Constant prices,MEAN,Mean,_Z,Not applicable,2002,,32427.532,,2025,,A,Normal value,0,Units,0,Zero
DATAFLOW,OECD.ELS.SAE:DSD_EARNINGS@AV_AN_WAGE(1.0),Average annual wages,I,ESP,Spain,WG,Wages,EUR,Euro,A,Annual,Q,Constant prices,MEAN,Mean,_Z,Not applicable,2003,,32270.131,,2025,,A,Normal value,0,Units,0,Zero
DATAFLOW,OECD.ELS.SAE:DSD_EARNINGS@AV_AN_WAGE(1.0),Average annual wages,I,ESP,Spain,WG,Wages,EUR,Euro,A,Annual,Q,Constant prices,MEAN,Mean,_Z,Not applicable,2004,,31864.12,,2025,,A,Normal value,0,Units,0,Zero
DATAFLOW,OECD.ELS.SAE:DSD_EARNINGS@AV_AN_WAGE(1.0),Average annual wages,I,ESP,Spain,WG,Wages,EUR,Euro,A,Annual,Q,Constant prices,MEAN,Mean,_Z,Not applicable,2005,,32006.529,,2025,,A,Normal value,0,Units,0,Zero
DATAFLOW,OECD.ELS.SAE:DSD_EARNINGS@AV_AN_WAGE(1.0),Average annual wages,I,ESP,Spain,WG,Wages,EUR,Euro,A,Annual,Q,Constant prices,MEAN,Mean,_Z,Not applicable,2006,,31873.333,,2025,,A,Normal value,0,Units,0,Zero
DATAFLOW,OECD.ELS.SAE:DSD_EARNINGS@AV_AN_WAGE(1.0),Average annual wages,I,ESP,Spain,WG,Wages,EUR,Euro,A,Annual,Q,Constant prices,MEAN,Mean,_Z,Not applicable,2007,,32227.288,,2025,,A,Normal value,0,Units,0,Zero
DATAFLOW,OECD.ELS.SAE:DSD_EARNINGS@AV_AN_WAGE(1.0),Average annual wages,I,ESP,Spain,WG,Wages,EUR,Euro,A,Annual,Q,Constant prices,MEAN,Mean,_Z,Not applicable,2008,,33397.974,,2025,,A,Normal value,0,Units,0,Zero
DATAFLOW,OECD.ELS.SAE:DSD_EARNINGS@AV_AN_WAGE(1.0),Average annual wages,I,ESP,Spain,WG,Wages,EUR,Euro,A,Annual,Q,Constant prices,MEAN,Mean,_Z,Not applicable,2009,,35532.882,,2025,,A,Normal value,0,Units,0,Zero
DATAFLOW,OECD.ELS.SAE:DSD_EARNINGS@AV_AN_WAGE(1.0),Average annual wages,I,ESP,Spain,WG,Wages,EUR,Euro,A,Annual,Q,Constant prices,MEAN,Mean,_Z,Not applicable,2010,,35269.298,,2025,,A,Normal value,0,Units,0,Zero
DATAFLOW,OECD.ELS.SAE:DSD_EARNINGS@AV_AN_WAGE(1.0),Average annual wages,I,ESP,Spain,WG,Wages,EUR,Euro,A,Annual,Q,Constant prices,MEAN,Mean,_Z,Not applicable,2011,,34649.166,,2025,,A,Normal value,0,Units,0,Zero
DATAFLOW,OECD.ELS.SAE:DSD_EARNINGS@AV_AN_WAGE(1.0),Average annual wages,I,ESP,Spain,WG,Wages,EUR,Euro,A,Annual,Q,Constant prices,MEAN,Mean,_Z,Not applicable,2012,,33801.956,,2025,,A,Normal value,0,Units,0,Zero
DATAFLOW,OECD.ELS.SAE:DSD_EARNINGS@AV_AN_WAGE(1.0),Average annual wages,I,ESP,Spain,WG,Wages,EUR,Euro,A,Annual,Q,Constant prices,MEAN,Mean,_Z,Not applicable,2013,,33730.994,,2025,,A,Normal value,0,Units,0,Zero
DATAFLOW,OECD.ELS.SAE:DSD_EARNINGS@AV_AN_WAGE(1.0),Average annual wages,I,ESP,Spain,WG,Wages,EUR,Euro,A,Annual,Q,Constant prices,MEAN,Mean,_Z,Not applicable,2014,,33652.092,,2025,,A,Normal value,0,Units,0,Zero
DATAFLOW,OECD.ELS.SAE:DSD_EARNINGS@AV_AN_WAGE(1.0),Average annual wages,I,ESP,Spain,WG,Wages,EUR,Euro,A,Annual,Q,Constant prices,MEAN,Mean,_Z,Not applicable,2015,,34243.008,,2025,,A,Normal value,0,Units,0,Zero
DATAFLOW,OECD.ELS.SAE:DSD_EARNINGS@AV_AN_WAGE(1.0),Average annual wages,I,ESP,Spain,WG,Wages,EUR,Euro,A,Annual,Q,Constant prices,MEAN,Mean,_Z,Not applicable,2016,,34047.485,,2025,,A,Normal value,0,Units,0,Zero
DATAFLOW,OECD.ELS.SAE:DSD_EARNINGS@AV_AN_WAGE(1.0),Average annual wages,I,ESP,Spain,WG,Wages,EUR,Euro,A,Annual,Q,Constant prices,MEAN,Mean,_Z,Not applicable,2017,,33617.833,,2025,,A,Normal value,0,Units,0,Zero
DATAFLOW,OECD.ELS.SAE:DSD_EARNINGS@AV_AN_WAGE(1.0),Average annual wages,I,ESP,Spain,WG,Wages,EUR,Euro,A,Annual,Q,Constant prices,MEAN,Mean,_Z,Not applicable,2018,,33545.189,,2025,,A,Normal value,0,Units,0,Zero
DATAFLOW,OECD.ELS.SAE:DSD_EARNINGS@AV_AN_WAGE(1.0),Average annual wages,I,ESP,Spain,WG,Wages,EUR,Euro,A,Annual,Q,Constant prices,MEAN,Mean,_Z,Not applicable,2019,,34045.488,,2025,,A,Normal value,0,Units,0,Zero
DATAFLOW,OECD.ELS.SAE:DSD_EARNINGS@AV_AN_WAGE(1.0),Average annual wages,I,ESP,Spain,WG,Wages,EUR,Euro,A,Annual,Q,Constant prices,MEAN,Mean,_Z,Not applicable,2020,,33663.008,,2025,,A,Normal value,0,Units,0,Zero
DATAFLOW,OECD.ELS.SAE:DSD_EARNINGS@AV_AN_WAGE(1.0),Average annual wages,I,ESP,Spain,WG,Wages,EUR,Euro,A,Annual,Q,Constant prices,MEAN,Mean,_Z,Not applicable,2021,,35027.521,,2025,,A,Normal value,0,Units,0,Zero
DATAFLOW,OECD.ELS.SAE:DSD_EARNINGS@AV_AN_WAGE(1.0),Average annual wages,I,ESP,Spain,WG,Wages,EUR,Euro,A,Annual,Q,Constant prices,MEAN,Mean,_Z,Not applicable,2022,,34455.171,,2025,,A,Normal value,0,Units,0,Zero
DATAFLOW,OECD.ELS.SAE:DSD_EARNINGS@AV_AN_WAGE(1.0),Average annual wages,I,ESP,Spain,WG,Wages,EUR,Euro,A,Annual,Q,Constant prices,MEAN,Mean,_Z,Not applicable,2023,,34213.682,,2025,,A,Normal value,0,Units,0,Zero
DATAFLOW,OECD.ELS.SAE:DSD_EARNINGS@AV_AN_WAGE(1.0),Average annual wages,I,ESP,Spain,WG,Wages,EUR,Euro,A,Annual,Q,Constant prices,MEAN,Mean,_Z,Not applicable,2024,,34698.176,,2025,,A,Normal value,0,Units,0,Zero
DATAFLOW,OECD.ELS.SAE:DSD_EARNINGS@AV_AN_WAGE(1.0),Average annual wages,I,ESP,Spain,WG,Wages,EUR,Euro,A,Annual,Q,Constant prices,MEAN,Mean,_Z,Not applicable,2025,,35121.106,,2025,,A,Normal value,0,Units,0,Zero
DATAFLOW,OECD.ELS.SAE:DSD_EARNINGS@AV_AN_WAGE(1.0),Average annual wages,I,AUT,Austria,WG,Wages,EUR,Euro,A,Annual,V,Current prices,MEAN,Mean,_Z,Not applicable,1990,,20561.597,,,,A,Normal value,0,Units,0,Zero
DATAFLOW,OECD.ELS.SAE:DSD_EARNINGS@AV_AN_WAGE(1.0),Average annual wages,I,AUT,Austria,WG,Wages,EUR,Euro,A,Annual,V,Current prices,MEAN,Mean,_Z,Not applicable,1991,,21875.159,,,,A,Normal value,0,Units,0,Zero
DATAFLOW,OECD.ELS.SAE:DSD_EARNINGS@AV_AN_WAGE(1.0),Average annual wages,I,AUT,Austria,WG,Wages,EUR,Euro,A,Annual,V,Current prices,MEAN,Mean,_Z,Not applicable,1992,,23068.676,,,,A,Normal value,0,Units,0,Zero
DATAFLOW,OECD.ELS.SAE:DSD_EARNINGS@AV_AN_WAGE(1.0),Average annual wages,I,AUT,Austria,WG,Wages,EUR,Euro,A,Annual,V,Current prices,MEAN,Mean,_Z,Not applicable,1993,,23965.418,,,,A,Normal value,0,Units,0,Zero
DATAFLOW,OECD.ELS.SAE:DSD_EARNINGS@AV_AN_WAGE(1.0),Average annual wages,I,AUT,Austria,WG,Wages,EUR,Euro,A,Annual,V,Current prices,MEAN,Mean,_Z,Not applicable,1994,,24757.171,,,,A,Normal value,0,Units,0,Zero
DATAFLOW,OECD.ELS.SAE:DSD_EARNINGS@AV_AN_WAGE(1.0),Average annual wages,I,AUT,Austria,WG,Wages,EUR,Euro,A,Annual,V,Current prices,MEAN,Mean,_Z,Not applicable,1995,,25511.674,,,,A,Normal value,0,Units,0,Zero
DATAFLOW,OECD.ELS.SAE:DSD_EARNINGS@AV_AN_WAGE(1.0),Average annual wages,I,AUT,Austria,WG,Wages,EUR,Euro,A,Annual,V,Current prices,MEAN,Mean,_Z,Not applicable,1996,,25702.341,,,,A,Normal value,0,Units,0,Zero
DATAFLOW,OECD.ELS.SAE:DSD_EARNINGS@AV_AN_WAGE(1.0),Average annual wages,I,AUT,Austria,WG,Wages,EUR,Euro,A,Annual,V,Current prices,MEAN,Mean,_Z,Not applicable,1997,,25874.14,,,,A,Normal value,0,Units,0,Zero
DATAFLOW,OECD.ELS.SAE:DSD_EARNINGS@AV_AN_WAGE(1.0),Average annual wages,I,AUT,Austria,WG,Wages,EUR,Euro,A,Annual,V,Current prices,MEAN,Mean,_Z,Not applicable,1998,,26777.716,,,,A,Normal value,0,Units,0,Zero
DATAFLOW,OECD.ELS.SAE:DSD_EARNINGS@AV_AN_WAGE(1.0),Average annual wages,I,AUT,Austria,WG,Wages,EUR,Euro,A,Annual,V,Current prices,MEAN,Mean,_Z,Not applicable,1999,,27405.044,,,,A,Normal value,0,Units,0,Zero
DATAFLOW,OECD.ELS.SAE:DSD_EARNINGS@AV_AN_WAGE(1.0),Average annual wages,I,AUT,Austria,WG,Wages,EUR,Euro,A,Annual,V,Current prices,MEAN,Mean,_Z,Not applicable,2000,,28047.336,,,,A,Normal value,0,Units,0,Zero
DATAFLOW,OECD.ELS.SAE:DSD_EARNINGS@AV_AN_WAGE(1.0),Average annual wages,I,AUT,Austria,WG,Wages,EUR,Euro,A,Annual,V,Current prices,MEAN,Mean,_Z,Not applicable,2001,,28612.595,,,,A,Normal value,0,Units,0,Zero
DATAFLOW,OECD.ELS.SAE:DSD_EARNINGS@AV_AN_WAGE(1.0),Average annual wages,I,AUT,Austria,WG,Wages,EUR,Euro,A,Annual,V,Current prices,MEAN,Mean,_Z,Not applicable,2002,,29343.75,,,,A,Normal value,0,Units,0,Zero
DATAFLOW,OECD.ELS.SAE:DSD_EARNINGS@AV_AN_WAGE(1.0),Average annual wages,I,AUT,Austria,WG,Wages,EUR,Euro,A,Annual,V,Current prices,MEAN,Mean,_Z,Not applicable,2003,,29864.102,,,,A,Normal value,0,Units,0,Zero
DATAFLOW,OECD.ELS.SAE:DSD_EARNINGS@AV_AN_WAGE(1.0),Average annual wages,I,AUT,Austria,WG,Wages,EUR,Euro,A,Annual,V,Current prices,MEAN,Mean,_Z,Not applicable,2004,,30951.543,,,,A,Normal value,0,Units,0,Zero
DATAFLOW,OECD.ELS.SAE:DSD_EARNINGS@AV_AN_WAGE(1.0),Average annual wages,I,AUT,Austria,WG,Wages,EUR,Euro,A,Annual,V,Current prices,MEAN,Mean,_Z,Not applicable,2005,,31856.24,,,,A,Normal value,0,Units,0,Zero
DATAFLOW,OECD.ELS.SAE:DSD_EARNINGS@AV_AN_WAGE(1.0),Average annual wages,I,AUT,Austria,WG,Wages,EUR,Euro,A,Annual,V,Current prices,MEAN,Mean,_Z,Not applicable,2006,,32982.539,,,,A,Normal value,0,Units,0,Zero
DATAFLOW,OECD.ELS.SAE:DSD_EARNINGS@AV_AN_WAGE(1.0),Average annual wages,I,AUT,Austria,WG,Wages,EUR,Euro,A,Annual,V,Current prices,MEAN,Mean,_Z,Not applicable,2007,,33958.556,,,,A,Normal value,0,Units,0,Zero
DATAFLOW,OECD.ELS.SAE:DSD_EARNINGS@AV_AN_WAGE(1.0),Average annual wages,I,AUT,Austria,WG,Wages,EUR,Euro,A,Annual,V,Current prices,MEAN,Mean,_Z,Not applicable,2008,,35258.933,,,,A,Normal value,0,Units,0,Zero
DATAFLOW,OECD.ELS.SAE:DSD_EARNINGS@AV_AN_WAGE(1.0),Average annual wages,I,AUT,Austria,WG,Wages,EUR,Euro,A,Annual,V,Current prices,MEAN,Mean,_Z,Not applicable,2009,,35956.056,,,,A,Normal value,0,Units,0,Zero
DATAFLOW,OECD.ELS.SAE:DSD_EARNINGS@AV_AN_WAGE(1.0),Average annual wages,I,AUT,Austria,WG,Wages,EUR,Euro,A,Annual,V,Current prices,MEAN,Mean,_Z,Not applicable,2010,,36411.55,,,,A,Normal value,0,Units,0,Zero
DATAFLOW,OECD.ELS.SAE:DSD_EARNINGS@AV_AN_WAGE(1.0),Average annual wages,I,AUT,Austria,WG,Wages,EUR,Euro,A,Annual,V,Current prices,MEAN,Mean,_Z,Not applicable,2011,,37138.524,,,,A,Normal value,0,Units,0,Zero
DATAFLOW,OECD.ELS.SAE:DSD_EARNINGS@AV_AN_WAGE(1.0),Average annual wages,I,AUT,Austria,WG,Wages,EUR,Euro,A,Annual,V,Current prices,MEAN,Mean,_Z,Not applicable,2012,,38213.616,,,,A,Normal value,0,Units,0,Zero
DATAFLOW,OECD.ELS.SAE:DSD_EARNINGS@AV_AN_WAGE(1.0),Average annual wages,I,AUT,Austria,WG,Wages,EUR,Euro,A,Annual,V,Current prices,MEAN,Mean,_Z,Not applicable,2013,,39027.52,,,,A,Normal value,0,Units,0,Zero
DATAFLOW,OECD.ELS.SAE:DSD_EARNINGS@AV_AN_WAGE(1.0),Average annual wages,I,AUT,Austria,WG,Wages,EUR,Euro,A,Annual,V,Current prices,MEAN,Mean,_Z,Not applicable,2014,,39892.684,,,,A,Normal value,0,Units,0,Zero
DATAFLOW,OECD.ELS.SAE:DSD_EARNINGS@AV_AN_WAGE(1.0),Average annual wages,I,AUT,Austria,WG,Wages,EUR,Euro,A,Annual,V,Current prices,MEAN,Mean,_Z,Not applicable,2015,,40736.201,,,,A,Normal value,0,Units,0,Zero
DATAFLOW,OECD.ELS.SAE:DSD_EARNINGS@AV_AN_WAGE(1.0),Average annual wages,I,AUT,Austria,WG,Wages,EUR,Euro,A,Annual,V,Current prices,MEAN,Mean,_Z,Not applicable,2016,,41741.363,,,,A,Normal value,0,Units,0,Zero
DATAFLOW,OECD.ELS.SAE:DSD_EARNINGS@AV_AN_WAGE(1.0),Average annual wages,I,AUT,Austria,WG,Wages,EUR,Euro,A,Annual,V,Current prices,MEAN,Mean,_Z,Not applicable,2017,,42438.812,,,,A,Normal value,0,Units,0,Zero
DATAFLOW,OECD.ELS.SAE:DSD_EARNINGS@AV_AN_WAGE(1.0),Average annual wages,I,AUT,Austria,WG,Wages,EUR,Euro,A,Annual,V,Current prices,MEAN,Mean,_Z,Not applicable,2018,,43388.333,,,,A,Normal value,0,Units,0,Zero
DATAFLOW,OECD.ELS.SAE:DSD_EARNINGS@AV_AN_WAGE(1.0),Average annual wages,I,AUT,Austria,WG,Wages,EUR,Euro,A,Annual,V,Current prices,MEAN,Mean,_Z,Not applicable,2019,,44531.307,,,,A,Normal value,0,Units,0,Zero
DATAFLOW,OECD.ELS.SAE:DSD_EARNINGS@AV_AN_WAGE(1.0),Average annual wages,I,AUT,Austria,WG,Wages,EUR,Euro,A,Annual,V,Current prices,MEAN,Mean,_Z,Not applicable,2020,,45153.723,,,,A,Normal value,0,Units,0,Zero
DATAFLOW,OECD.ELS.SAE:DSD_EARNINGS@AV_AN_WAGE(1.0),Average annual wages,I,AUT,Austria,WG,Wages,EUR,Euro,A,Annual,V,Current prices,MEAN,Mean,_Z,Not applicable,2021,,46905.237,,,,A,Normal value,0,Units,0,Zero
DATAFLOW,OECD.ELS.SAE:DSD_EARNINGS@AV_AN_WAGE(1.0),Average annual wages,I,AUT,Austria,WG,Wages,EUR,Euro,A,Annual,V,Current prices,MEAN,Mean,_Z,Not applicable,2022,,49246.09,,,,A,Normal value,0,Units,0,Zero
DATAFLOW,OECD.ELS.SAE:DSD_EARNINGS@AV_AN_WAGE(1.0),Average annual wages,I,AUT,Austria,WG,Wages,EUR,Euro,A,Annual,V,Current prices,MEAN,Mean,_Z,Not applicable,2023,,52801.076,,,,A,Normal value,0,Units,0,Zero
DATAFLOW,OECD.ELS.SAE:DSD_EARNINGS@AV_AN_WAGE(1.0),Average annual wages,I,AUT,Austria,WG,Wages,EUR,Euro,A,Annual,V,Current prices,MEAN,Mean,_Z,Not applicable,2024,,56745.367,,,,A,Normal value,0,Units,0,Zero
DATAFLOW,OECD.ELS.SAE:DSD_EARNINGS@AV_AN_WAGE(1.0),Average annual wages,I,AUT,Austria,WG,Wages,EUR,Euro,A,Annual,V,Current prices,MEAN,Mean,_Z,Not applicable,2025,,58753.565,,,,A,Normal value,0,Units,0,Zero
DATAFLOW,OECD.ELS.SAE:DSD_EARNINGS@AV_AN_WAGE(1.0),Average annual wages,I,BEL,Belgium,WG,Wages,EUR,Euro,A,Annual,V,Current prices,MEAN,Mean,_Z,Not applicable,1990,,21646.723,,,,A,Normal value,0,Units,0,Zero
DATAFLOW,OECD.ELS.SAE:DSD_EARNINGS@AV_AN_WAGE(1.0),Average annual wages,I,BEL,Belgium,WG,Wages,EUR,Euro,A,Annual,V,Current prices,MEAN,Mean,_Z,Not applicable,1991,,23233.421,,,,A,Normal value,0,Units,0,Zero
DATAFLOW,OECD.ELS.SAE:DSD_EARNINGS@AV_AN_WAGE(1.0),Average annual wages,I,BEL,Belgium,WG,Wages,EUR,Euro,A,Annual,V,Current prices,MEAN,Mean,_Z,Not applicable,1992,,24418.282,,,,A,Normal value,0,Units,0,Zero
DATAFLOW,OECD.ELS.SAE:DSD_EARNINGS@AV_AN_WAGE(1.0),Average annual wages,I,BEL,Belgium,WG,Wages,EUR,Euro,A,Annual,V,Current prices,MEAN,Mean,_Z,Not applicable,1993,,25566.625,,,,A,Normal value,0,Units,0,Zero
DATAFLOW,OECD.ELS.SAE:DSD_EARNINGS@AV_AN_WAGE(1.0),Average annual wages,I,BEL,Belgium,WG,Wages,EUR,Euro,A,Annual,V,Current prices,MEAN,Mean,_Z,Not applicable,1994,,26651.615,,,,A,Normal value,0,Units,0,Zero
DATAFLOW,OECD.ELS.SAE:DSD_EARNINGS@AV_AN_WAGE(1.0),Average annual wages,I,BEL,Belgium,WG,Wages,EUR,Euro,A,Annual,V,Current prices,MEAN,Mean,_Z,Not applicable,1995,,26971.328,,,,A,Normal value,0,Units,0,Zero
DATAFLOW,OECD.ELS.SAE:DSD_EARNINGS@AV_AN_WAGE(1.0),Average annual wages,I,BEL,Belgium,WG,Wages,EUR,Euro,A,Annual,V,Current prices,MEAN,Mean,_Z,Not applicable,1996,,27490.01,,,,A,Normal value,0,Units,0,Zero
DATAFLOW,OECD.ELS.SAE:DSD_EARNINGS@AV_AN_WAGE(1.0),Average annual wages,I,BEL,Belgium,WG,Wages,EUR,Euro,A,Annual,V,Current prices,MEAN,Mean,_Z,Not applicable,1997,,28229.036,,,,A,Normal value,0,Units,0,Zero
DATAFLOW,OECD.ELS.SAE:DSD_EARNINGS@AV_AN_WAGE(1.0),Average annual wages,I,BEL,Belgium,WG,Wages,EUR,Euro,A,Annual,V,Current prices,MEAN,Mean,_Z,Not applicable,1998,,28580.743,,,,A,Normal value,0,Units,0,Zero
DATAFLOW,OECD.ELS.SAE:DSD_EARNINGS@AV_AN_WAGE(1.0),Average annual wages,I,BEL,Belgium,WG,Wages,EUR,Euro,A,Annual,V,Current prices,MEAN,Mean,_Z,Not applicable,1999,,30275.497,,,,A,Normal value,0,Units,0,Zero
DATAFLOW,OECD.ELS.SAE:DSD_EARNINGS@AV_AN_WAGE(1.0),Average annual wages,I,BEL,Belgium,WG,Wages,EUR,Euro,A,Annual,V,Current prices,MEAN,Mean,_Z,Not applicable,2000,,31001.567,,,,A,Normal value,0,Units,0,Zero
DATAFLOW,OECD.ELS.SAE:DSD_EARNINGS@AV_AN_WAGE(1.0),Average annual wages,I,BEL,Belgium,WG,Wages,EUR,Euro,A,Annual,V,Current prices,MEAN,Mean,_Z,Not applicable,2001,,31835.82,,,,A,Normal value,0,Units,0,Zero
DATAFLOW,OECD.ELS.SAE:DSD_EARNINGS@AV_AN_WAGE(1.0),Average annual wages,I,BEL,Belgium,WG,Wages,EUR,Euro,A,Annual,V,Current prices,MEAN,Mean,_Z,Not applicable,2002,,32999.128,,,,A,Normal value,0,Units,0,Zero
DATAFLOW,OECD.ELS.SAE:DSD_EARNINGS@AV_AN_WAGE(1.0),Average annual wages,I,BEL,Belgium,WG,Wages,EUR,Euro,A,Annual,V,Current prices,MEAN,Mean,_Z,Not applicable,2003,,33684.111,,,,A,Normal value,0,Units,0,Zero
DATAFLOW,OECD.ELS.SAE:DSD_EARNINGS@AV_AN_WAGE(1.0),Average annual wages,I,BEL,Belgium,WG,Wages,EUR,Euro,A,Annual,V,Current prices,MEAN,Mean,_Z,Not applicable,2004,,34359.567,,,,A,Normal value,0,Units,0,Zero
DATAFLOW,OECD.ELS.SAE:DSD_EARNINGS@AV_AN_WAGE(1.0),Average annual wages,I,BEL,Belgium,WG,Wages,EUR,Euro,A,Annual,V,Current prices,MEAN,Mean,_Z,Not applicable,2005,,34980.656,,,,A,Normal value,0,Units,0,Zero
DATAFLOW,OECD.ELS.SAE:DSD_EARNINGS@AV_AN_WAGE(1.0),Average annual wages,I,BEL,Belgium,WG,Wages,EUR,Euro,A,Annual,V,Current prices,MEAN,Mean,_Z,Not applicable,2006,,36202.038,,,,A,Normal value,0,Units,0,Zero
DATAFLOW,OECD.ELS.SAE:DSD_EARNINGS@AV_AN_WAGE(1.0),Average annual wages,I,BEL,Belgium,WG,Wages,EUR,Euro,A,Annual,V,Current prices,MEAN,Mean,_Z,Not applicable,2007,,37109.023,,,,A,Normal value,0,Units,0,Zero
DATAFLOW,OECD.ELS.SAE:DSD_EARNINGS@AV_AN_WAGE(1.0),Average annual wages,I,BEL,Belgium,WG,Wages,EUR,Euro,A,Annual,V,Current prices,MEAN,Mean,_Z,Not applicable,2008,,38447.616,,,,A,Normal value,0,Units,0,Zero
DATAFLOW,OECD.ELS.SAE:DSD_EARNINGS@AV_AN_WAGE(1.0),Average annual wages,I,BEL,Belgium,WG,Wages,EUR,Euro,A,Annual,V,Current prices,MEAN,Mean,_Z,Not applicable,2009,,38685.01,,,,A,Normal value,0,Units,0,Zero
DATAFLOW,OECD.ELS.SAE:DSD_EARNINGS@AV_AN_WAGE(1.0),Average annual wages,I,BEL,Belgium,WG,Wages,EUR,Euro,A,Annual,V,Current prices,MEAN,Mean,_Z,Not applicable,2010,,39229.522,,,,A,Normal value,0,Units,0,Zero
DATAFLOW,OECD.ELS.SAE:DSD_EARNINGS@AV_AN_WAGE(1.0),Average annual wages,I,BEL,Belgium,WG,Wages,EUR,Euro,A,Annual,V,Current prices,MEAN,Mean,_Z,Not applicable,2011,,40792.577,,,,A,Normal value,0,Units,0,Zero
DATAFLOW,OECD.ELS.SAE:DSD_EARNINGS@AV_AN_WAGE(1.0),Average annual wages,I,BEL,Belgium,WG,Wages,EUR,Euro,A,Annual,V,Current prices,MEAN,Mean,_Z,Not applicable,2012,,42027.865,,,,A,Normal value,0,Units,0,Zero
DATAFLOW,OECD.ELS.SAE:DSD_EARNINGS@AV_AN_WAGE(1.0),Average annual wages,I,BEL,Belgium,WG,Wages,EUR,Euro,A,Annual,V,Current prices,MEAN,Mean,_Z,Not applicable,2013,,42908.229,,,,A,Normal value,0,Units,0,Zero
DATAFLOW,OECD.ELS.SAE:DSD_EARNINGS@AV_AN_WAGE(1.0),Average annual wages,I,BEL,Belgium,WG,Wages,EUR,Euro,A,Annual,V,Current prices,MEAN,Mean,_Z,Not applicable,2014,,43457.312,,,,A,Normal value,0,Units,0,Zero
DATAFLOW,OECD.ELS.SAE:DSD_EARNINGS@AV_AN_WAGE(1.0),Average annual wages,I,BEL,Belgium,WG,Wages,EUR,Euro,A,Annual,V,Current prices,MEAN,Mean,_Z,Not applicable,2015,,43591.361,,,,A,Normal value,0,Units,0,Zero
DATAFLOW,OECD.ELS.SAE:DSD_EARNINGS@AV_AN_WAGE(1.0),Average annual wages,I,BEL,Belgium,WG,Wages,EUR,Euro,A,Annual,V,Current prices,MEAN,Mean,_Z,Not applicable,2016,,44456.066,,,,A,Normal value,0,Units,0,Zero
DATAFLOW,OECD.ELS.SAE:DSD_EARNINGS@AV_AN_WAGE(1.0),Average annual wages,I,BEL,Belgium,WG,Wages,EUR,Euro,A,Annual,V,Current prices,MEAN,Mean,_Z,Not applicable,2017,,44989.121,,,,A,Normal value,0,Units,0,Zero
DATAFLOW,OECD.ELS.SAE:DSD_EARNINGS@AV_AN_WAGE(1.0),Average annual wages,I,BEL,Belgium,WG,Wages,EUR,Euro,A,Annual,V,Current prices,MEAN,Mean,_Z,Not applicable,2018,,46144.896,,,,A,Normal value,0,Units,0,Zero
DATAFLOW,OECD.ELS.SAE:DSD_EARNINGS@AV_AN_WAGE(1.0),Average annual wages,I,BEL,Belgium,WG,Wages,EUR,Euro,A,Annual,V,Current prices,MEAN,Mean,_Z,Not applicable,2019,,47229.052,,,,A,Normal value,0,Units,0,Zero
DATAFLOW,OECD.ELS.SAE:DSD_EARNINGS@AV_AN_WAGE(1.0),Average annual wages,I,BEL,Belgium,WG,Wages,EUR,Euro,A,Annual,V,Current prices,MEAN,Mean,_Z,Not applicable,2020,,46395.499,,,,A,Normal value,0,Units,0,Zero
DATAFLOW,OECD.ELS.SAE:DSD_EARNINGS@AV_AN_WAGE(1.0),Average annual wages,I,BEL,Belgium,WG,Wages,EUR,Euro,A,Annual,V,Current prices,MEAN,Mean,_Z,Not applicable,2021,,49372.351,,,,A,Normal value,0,Units,0,Zero
DATAFLOW,OECD.ELS.SAE:DSD_EARNINGS@AV_AN_WAGE(1.0),Average annual wages,I,BEL,Belgium,WG,Wages,EUR,Euro,A,Annual,V,Current prices,MEAN,Mean,_Z,Not applicable,2022,,53292.58,,,,A,Normal value,0,Units,0,Zero
DATAFLOW,OECD.ELS.SAE:DSD_EARNINGS@AV_AN_WAGE(1.0),Average annual wages,I,BEL,Belgium,WG,Wages,EUR,Euro,A,Annual,V,Current prices,MEAN,Mean,_Z,Not applicable,2023,,57465.696,,,,A,Normal value,0,Units,0,Zero
DATAFLOW,OECD.ELS.SAE:DSD_EARNINGS@AV_AN_WAGE(1.0),Average annual wages,I,BEL,Belgium,WG,Wages,EUR,Euro,A,Annual,V,Current prices,MEAN,Mean,_Z,Not applicable,2024,,59327.036,,,,A,Normal value,0,Units,0,Zero
DATAFLOW,OECD.ELS.SAE:DSD_EARNINGS@AV_AN_WAGE(1.0),Average annual wages,I,BEL,Belgium,WG,Wages,EUR,Euro,A,Annual,V,Current prices,MEAN,Mean,_Z,Not applicable,2025,,61747.317,,,,A,Normal value,0,Units,0,Zero
DATAFLOW,OECD.ELS.SAE:DSD_EARNINGS@AV_AN_WAGE(1.0),Average annual wages,I,EST,Estonia,WG,Wages,EUR,Euro,A,Annual,V,Current prices,MEAN,Mean,_Z,Not applicable,1995,,1939.42,,,,A,Normal value,0,Units,0,Zero
DATAFLOW,OECD.ELS.SAE:DSD_EARNINGS@AV_AN_WAGE(1.0),Average annual wages,I,EST,Estonia,WG,Wages,EUR,Euro,A,Annual,V,Current prices,MEAN,Mean,_Z,Not applicable,1996,,2494.443,,,,A,Normal value,0,Units,0,Zero
DATAFLOW,OECD.ELS.SAE:DSD_EARNINGS@AV_AN_WAGE(1.0),Average annual wages,I,EST,Estonia,WG,Wages,EUR,Euro,A,Annual,V,Current prices,MEAN,Mean,_Z,Not applicable,1997,,2992.27,,,,A,Normal value,0,Units,0,Zero
DATAFLOW,OECD.ELS.SAE:DSD_EARNINGS@AV_AN_WAGE(1.0),Average annual wages,I,EST,Estonia,WG,Wages,EUR,Euro,A,Annual,V,Current prices,MEAN,Mean,_Z,Not applicable,1998,,3406.357,,,,A,Normal value,0,Units,0,Zero
DATAFLOW,OECD.ELS.SAE:DSD_EARNINGS@AV_AN_WAGE(1.0),Average annual wages,I,EST,Estonia,WG,Wages,EUR,Euro,A,Annual,V,Current prices,MEAN,Mean,_Z,Not applicable,1999,,3682.808,,,,A,Normal value,0,Units,0,Zero
DATAFLOW,OECD.ELS.SAE:DSD_EARNINGS@AV_AN_WAGE(1.0),Average annual wages,I,EST,Estonia,WG,Wages,EUR,Euro,A,Annual,V,Current prices,MEAN,Mean,_Z,Not applicable,2000,,4117.8,,,,A,Normal value,0,Units,0,Zero
DATAFLOW,OECD.ELS.SAE:DSD_EARNINGS@AV_AN_WAGE(1.0),Average annual wages,I,EST,Estonia,WG,Wages,EUR,Euro,A,Annual,V,Current prices,MEAN,Mean,_Z,Not applicable,2001,,4528.278,,,,A,Normal value,0,Units,0,Zero
DATAFLOW,OECD.ELS.SAE:DSD_EARNINGS@AV_AN_WAGE(1.0),Average annual wages,I,EST,Estonia,WG,Wages,EUR,Euro,A,Annual,V,Current prices,MEAN,Mean,_Z,Not applicable,2002,,4955.969,,,,A,Normal value,0,Units,0,Zero
DATAFLOW,OECD.ELS.SAE:DSD_EARNINGS@AV_AN_WAGE(1.0),Average annual wages,I,EST,Estonia,WG,Wages,EUR,Euro,A,Annual,V,Current prices,MEAN,Mean,_Z,Not applicable,2003,,5525.317,,,,A,Normal value,0,Units,0,Zero
DATAFLOW,OECD.ELS.SAE:DSD_EARNINGS@AV_AN_WAGE(1.0),Average annual wages,I,EST,Estonia,WG,Wages,EUR,Euro,A,Annual,V,Current prices,MEAN,Mean,_Z,Not applicable,2004,,6181.717,,,,A,Normal value,0,Units,0,Zero
DATAFLOW,OECD.ELS.SAE:DSD_EARNINGS@AV_AN_WAGE(1.0),Average annual wages,I,EST,Estonia,WG,Wages,EUR,Euro,A,Annual,V,Current prices,MEAN,Mean,_Z,Not applicable,2005,,6836.183,,,,A,Normal value,0,Units,0,Zero
DATAFLOW,OECD.ELS.SAE:DSD_EARNINGS@AV_AN_WAGE(1.0),Average annual wages,I,EST,Estonia,WG,Wages,EUR,Euro,A,Annual,V,Current prices,MEAN,Mean,_Z,Not applicable,2006,,7869.21,,,,A,Normal value,0,Units,0,Zero
DATAFLOW,OECD.ELS.SAE:DSD_EARNINGS@AV_AN_WAGE(1.0),Average annual wages,I,EST,Estonia,WG,Wages,EUR,Euro,A,Annual,V,Current prices,MEAN,Mean,_Z,Not applicable,2007,,9868.007,,,,A,Normal value,0,Units,0,Zero
DATAFLOW,OECD.ELS.SAE:DSD_EARNINGS@AV_AN_WAGE(1.0),Average annual wages,I,EST,Estonia,WG,Wages,EUR,Euro,A,Annual,V,Current prices,MEAN,Mean,_Z,Not applicable,2008,,10783.712,,,,A,Normal value,0,Units,0,Zero
DATAFLOW,OECD.ELS.SAE:DSD_EARNINGS@AV_AN_WAGE(1.0),Average annual wages,I,EST,Estonia,WG,Wages,EUR,Euro,A,Annual,V,Current prices,MEAN,Mean,_Z,Not applicable,2009,,10414.744,,,,A,Normal value,0,Units,0,Zero
DATAFLOW,OECD.ELS.SAE:DSD_EARNINGS@AV_AN_WAGE(1.0),Average annual wages,I,EST,Estonia,WG,Wages,EUR,Euro,A,Annual,V,Current prices,MEAN,Mean,_Z,Not applicable,2010,,10745.056,,,,A,Normal value,0,Units,0,Zero
DATAFLOW,OECD.ELS.SAE:DSD_EARNINGS@AV_AN_WAGE(1.0),Average annual wages,I,EST,Estonia,WG,Wages,EUR,Euro,A,Annual,V,Current prices,MEAN,Mean,_Z,Not applicable,2011,,11016.606,,,,A,Normal value,0,Units,0,Zero
DATAFLOW,OECD.ELS.SAE:DSD_EARNINGS@AV_AN_WAGE(1.0),Average annual wages,I,EST,Estonia,WG,Wages,EUR,Euro,A,Annual,V,Current prices,MEAN,Mean,_Z,Not applicable,2012,,11622.702,,,,A,Normal value,0,Units,0,Zero
DATAFLOW,OECD.ELS.SAE:DSD_EARNINGS@AV_AN_WAGE(1.0),Average annual wages,I,EST,Estonia,WG,Wages,EUR,Euro,A,Annual,V,Current prices,MEAN,Mean,_Z,Not applicable,2013,,12267.617,,,,A,Normal value,0,Units,0,Zero
DATAFLOW,OECD.ELS.SAE:DSD_EARNINGS@AV_AN_WAGE(1.0),Average annual wages,I,EST,Estonia,WG,Wages,EUR,Euro,A,Annual,V,Current prices,MEAN,Mean,_Z,Not applicable,2014,,13027.049,,,,A,Normal value,0,Units,0,Zero
DATAFLOW,OECD.ELS.SAE:DSD_EARNINGS@AV_AN_WAGE(1.0),Average annual wages,I,EST,Estonia,WG,Wages,EUR,Euro,A,Annual,V,Current prices,MEAN,Mean,_Z,Not applicable,2015,,13584.144,,,,A,Normal value,0,Units,0,Zero
DATAFLOW,OECD.ELS.SAE:DSD_EARNINGS@AV_AN_WAGE(1.0),Average annual wages,I,EST,Estonia,WG,Wages,EUR,Euro,A,Annual,V,Current prices,MEAN,Mean,_Z,Not applicable,2016,,14462.241,,,,A,Normal value,0,Units,0,Zero
DATAFLOW,OECD.ELS.SAE:DSD_EARNINGS@AV_AN_WAGE(1.0),Average annual wages,I,EST,Estonia,WG,Wages,EUR,Euro,A,Annual,V,Current prices,MEAN,Mean,_Z,Not applicable,2017,,15408.223,,,,A,Normal value,0,Units,0,Zero
DATAFLOW,OECD.ELS.SAE:DSD_EARNINGS@AV_AN_WAGE(1.0),Average annual wages,I,EST,Estonia,WG,Wages,EUR,Euro,A,Annual,V,Current prices,MEAN,Mean,_Z,Not applicable,2018,,16979.699,,,,A,Normal value,0,Units,0,Zero
DATAFLOW,OECD.ELS.SAE:DSD_EARNINGS@AV_AN_WAGE(1.0),Average annual wages,I,EST,Estonia,WG,Wages,EUR,Euro,A,Annual,V,Current prices,MEAN,Mean,_Z,Not applicable,2019,,18325.616,,,,A,Normal value,0,Units,0,Zero
DATAFLOW,OECD.ELS.SAE:DSD_EARNINGS@AV_AN_WAGE(1.0),Average annual wages,I,EST,Estonia,WG,Wages,EUR,Euro,A,Annual,V,Current prices,MEAN,Mean,_Z,Not applicable,2020,,19118.232,,,,A,Normal value,0,Units,0,Zero
DATAFLOW,OECD.ELS.SAE:DSD_EARNINGS@AV_AN_WAGE(1.0),Average annual wages,I,EST,Estonia,WG,Wages,EUR,Euro,A,Annual,V,Current prices,MEAN,Mean,_Z,Not applicable,2021,,21027.935,,,,A,Normal value,0,Units,0,Zero
DATAFLOW,OECD.ELS.SAE:DSD_EARNINGS@AV_AN_WAGE(1.0),Average annual wages,I,EST,Estonia,WG,Wages,EUR,Euro,A,Annual,V,Current prices,MEAN,Mean,_Z,Not applicable,2022,,22659.734,,,,A,Normal value,0,Units,0,Zero
DATAFLOW,OECD.ELS.SAE:DSD_EARNINGS@AV_AN_WAGE(1.0),Average annual wages,I,EST,Estonia,WG,Wages,EUR,Euro,A,Annual,V,Current prices,MEAN,Mean,_Z,Not applicable,2023,,24647.512,,,,A,Normal value,0,Units,0,Zero
DATAFLOW,OECD.ELS.SAE:DSD_EARNINGS@AV_AN_WAGE(1.0),Average annual wages,I,EST,Estonia,WG,Wages,EUR,Euro,A,Annual,V,Current prices,MEAN,Mean,_Z,Not applicable,2024,,26381.359,,,,A,Normal value,0,Units,0,Zero
DATAFLOW,OECD.ELS.SAE:DSD_EARNINGS@AV_AN_WAGE(1.0),Average annual wages,I,EST,Estonia,WG,Wages,EUR,Euro,A,Annual,V,Current prices,MEAN,Mean,_Z,Not applicable,2025,,27554.17,,,,A,Normal value,0,Units,0,Zero
DATAFLOW,OECD.ELS.SAE:DSD_EARNINGS@AV_AN_WAGE(1.0),Average annual wages,I,FIN,Finland,WG,Wages,EUR,Euro,A,Annual,V,Current prices,MEAN,Mean,_Z,Not applicable,2010,,36735.448,,,,A,Normal value,0,Units,0,Zero
DATAFLOW,OECD.ELS.SAE:DSD_EARNINGS@AV_AN_WAGE(1.0),Average annual wages,I,FIN,Finland,WG,Wages,EUR,Euro,A,Annual,V,Current prices,MEAN,Mean,_Z,Not applicable,2011,,37979.909,,,,A,Normal value,0,Units,0,Zero
DATAFLOW,OECD.ELS.SAE:DSD_EARNINGS@AV_AN_WAGE(1.0),Average annual wages,I,FIN,Finland,WG,Wages,EUR,Euro,A,Annual,V,Current prices,MEAN,Mean,_Z,Not applicable,2012,,38983.599,,,,A,Normal value,0,Units,0,Zero
DATAFLOW,OECD.ELS.SAE:DSD_EARNINGS@AV_AN_WAGE(1.0),Average annual wages,I,FIN,Finland,WG,Wages,EUR,Euro,A,Annual,V,Current prices,MEAN,Mean,_Z,Not applicable,2013,,39557.694,,,,A,Normal value,0,Units,0,Zero
DATAFLOW,OECD.ELS.SAE:DSD_EARNINGS@AV_AN_WAGE(1.0),Average annual wages,I,FIN,Finland,WG,Wages,EUR,Euro,A,Annual,V,Current prices,MEAN,Mean,_Z,Not applicable,2014,,40064.228,,,,A,Normal value,0,Units,0,Zero
DATAFLOW,OECD.ELS.SAE:DSD_EARNINGS@AV_AN_WAGE(1.0),Average annual wages,I,FIN,Finland,WG,Wages,EUR,Euro,A,Annual,V,Current prices,MEAN,Mean,_Z,Not applicable,2015,,40404.34,,,,A,Normal value,0,Units,0,Zero
DATAFLOW,OECD.ELS.SAE:DSD_EARNINGS@AV_AN_WAGE(1.0),Average annual wages,I,FIN,Finland,WG,Wages,EUR,Euro,A,Annual,V,Current prices,MEAN,Mean,_Z,Not applicable,2016,,40889.733,,,,A,Normal value,0,Units,0,Zero
DATAFLOW,OECD.ELS.SAE:DSD_EARNINGS@AV_AN_WAGE(1.0),Average annual wages,I,FIN,Finland,WG,Wages,EUR,Euro,A,Annual,V,Current prices,MEAN,Mean,_Z,Not applicable,2017,,41303.822,,,,A,Normal value,0,Units,0,Zero
DATAFLOW,OECD.ELS.SAE:DSD_EARNINGS@AV_AN_WAGE(1.0),Average annual wages,I,FIN,Finland,WG,Wages,EUR,Euro,A,Annual,V,Current prices,MEAN,Mean,_Z,Not applicable,2018,,42125.785,,,,A,Normal value,0,Units,0,Zero
DATAFLOW,OECD.ELS.SAE:DSD_EARNINGS@AV_AN_WAGE(1.0),Average annual wages,I,FIN,Finland,WG,Wages,EUR,Euro,A,Annual,V,Current prices,MEAN,Mean,_Z,Not applicable,2019,,43211.036,,,,A,Normal value,0,Units,0,Zero
DATAFLOW,OECD.ELS.SAE:DSD_EARNINGS@AV_AN_WAGE(1.0),Average annual wages,I,FIN,Finland,WG,Wages,EUR,Euro,A,Annual,V,Current prices,MEAN,Mean,_Z,Not applicable,2020,,43605.297,,,,A,Normal value,0,Units,0,Zero
DATAFLOW,OECD.ELS.SAE:DSD_EARNINGS@AV_AN_WAGE(1.0),Average annual wages,I,FIN,Finland,WG,Wages,EUR,Euro,A,Annual,V,Current prices,MEAN,Mean,_Z,Not applicable,2021,,46051.722,,,,A,Normal value,0,Units,0,Zero
DATAFLOW,OECD.ELS.SAE:DSD_EARNINGS@AV_AN_WAGE(1.0),Average annual wages,I,FIN,Finland,WG,Wages,EUR,Euro,A,Annual,V,Current prices,MEAN,Mean,_Z,Not applicable,2022,,47340.596,,,,A,Normal value,0,Units,0,Zero
DATAFLOW,OECD.ELS.SAE:DSD_EARNINGS@AV_AN_WAGE(1.0),Average annual wages,I,FIN,Finland,WG,Wages,EUR,Euro,A,Annual,V,Current prices,MEAN,Mean,_Z,Not applicable,2023,,48705.099,,,,A,Normal value,0,Units,0,Zero
DATAFLOW,OECD.ELS.SAE:DSD_EARNINGS@AV_AN_WAGE(1.0),Average annual wages,I,FIN,Finland,WG,Wages,EUR,Euro,A,Annual,V,Current prices,MEAN,Mean,_Z,Not applicable,2024,,49471.847,,,,A,Normal value,0,Units,0,Zero
DATAFLOW,OECD.ELS.SAE:DSD_EARNINGS@AV_AN_WAGE(1.0),Average annual wages,I,FIN,Finland,WG,Wages,EUR,Euro,A,Annual,V,Current prices,MEAN,Mean,_Z,Not applicable,2025,,50569.475,,,,A,Normal value,0,Units,0,Zero
DATAFLOW,OECD.ELS.SAE:DSD_EARNINGS@AV_AN_WAGE(1.0),Average annual wages,I,FRA,France,WG,Wages,EUR,Euro,A,Annual,V,Current prices,MEAN,Mean,_Z,Not applicable,1990,,19692.56,,,,A,Normal value,0,Units,0,Zero
DATAFLOW,OECD.ELS.SAE:DSD_EARNINGS@AV_AN_WAGE(1.0),Average annual wages,I,FRA,France,WG,Wages,EUR,Euro,A,Annual,V,Current prices,MEAN,Mean,_Z,Not applicable,1991,,20449.655,,,,A,Normal value,0,Units,0,Zero
DATAFLOW,OECD.ELS.SAE:DSD_EARNINGS@AV_AN_WAGE(1.0),Average annual wages,I,FRA,France,WG,Wages,EUR,Euro,A,Annual,V,Current prices,MEAN,Mean,_Z,Not applicable,1992,,21183.548,,,,A,Normal value,0,Units,0,Zero
DATAFLOW,OECD.ELS.SAE:DSD_EARNINGS@AV_AN_WAGE(1.0),Average annual wages,I,FRA,France,WG,Wages,EUR,Euro,A,Annual,V,Current prices,MEAN,Mean,_Z,Not applicable,1993,,21786.238,,,,A,Normal value,0,Units,0,Zero
DATAFLOW,OECD.ELS.SAE:DSD_EARNINGS@AV_AN_WAGE(1.0),Average annual wages,I,FRA,France,WG,Wages,EUR,Euro,A,Annual,V,Current prices,MEAN,Mean,_Z,Not applicable,1994,,22095.194,,,,A,Normal value,0,Units,0,Zero
DATAFLOW,OECD.ELS.SAE:DSD_EARNINGS@AV_AN_WAGE(1.0),Average annual wages,I,FRA,France,WG,Wages,EUR,Euro,A,Annual,V,Current prices,MEAN,Mean,_Z,Not applicable,1995,,22672.53,,,,A,Normal value,0,Units,0,Zero
DATAFLOW,OECD.ELS.SAE:DSD_EARNINGS@AV_AN_WAGE(1.0),Average annual wages,I,FRA,France,WG,Wages,EUR,Euro,A,Annual,V,Current prices,MEAN,Mean,_Z,Not applicable,1996,,23092.545,,,,A,Normal value,0,Units,0,Zero
DATAFLOW,OECD.ELS.SAE:DSD_EARNINGS@AV_AN_WAGE(1.0),Average annual wages,I,FRA,France,WG,Wages,EUR,Euro,A,Annual,V,Current prices,MEAN,Mean,_Z,Not applicable,1997,,23573.32,,,,A,Normal value,0,Units,0,Zero
DATAFLOW,OECD.ELS.SAE:DSD_EARNINGS@AV_AN_WAGE(1.0),Average annual wages,I,FRA,France,WG,Wages,EUR,Euro,A,Annual,V,Current prices,MEAN,Mean,_Z,Not applicable,1998,,23948.133,,,,A,Normal value,0,Units,0,Zero
DATAFLOW,OECD.ELS.SAE:DSD_EARNINGS@AV_AN_WAGE(1.0),Average annual wages,I,FRA,France,WG,Wages,EUR,Euro,A,Annual,V,Current prices,MEAN,Mean,_Z,Not applicable,1999,,24360.434,,,,A,Normal value,0,Units,0,Zero
DATAFLOW,OECD.ELS.SAE:DSD_EARNINGS@AV_AN_WAGE(1.0),Average annual wages,I,FRA,France,WG,Wages,EUR,Euro,A,Annual,V,Current prices,MEAN,Mean,_Z,Not applicable,2000,,25057.002,,,,A,Normal value,0,Units,0,Zero
DATAFLOW,OECD.ELS.SAE:DSD_EARNINGS@AV_AN_WAGE(1.0),Average annual wages,I,FRA,France,WG,Wages,EUR,Euro,A,Annual,V,Current prices,MEAN,Mean,_Z,Not applicable,2001,,25666.99,,,,A,Normal value,0,Units,0,Zero
DATAFLOW,OECD.ELS.SAE:DSD_EARNINGS@AV_AN_WAGE(1.0),Average annual wages,I,FRA,France,WG,Wages,EUR,Euro,A,Annual,V,Current prices,MEAN,Mean,_Z,Not applicable,2002,,26567.319,,,,A,Normal value,0,Units,0,Zero
DATAFLOW,OECD.ELS.SAE:DSD_EARNINGS@AV_AN_WAGE(1.0),Average annual wages,I,FRA,France,WG,Wages,EUR,Euro,A,Annual,V,Current prices,MEAN,Mean,_Z,Not applicable,2003,,27254.338,,,,A,Normal value,0,Units,0,Zero
DATAFLOW,OECD.ELS.SAE:DSD_EARNINGS@AV_AN_WAGE(1.0),Average annual wages,I,FRA,France,WG,Wages,EUR,Euro,A,Annual,V,Current prices,MEAN,Mean,_Z,Not applicable,2004,,28279.056,,,,A,Normal value,0,Units,0,Zero
DATAFLOW,OECD.ELS.SAE:DSD_EARNINGS@AV_AN_WAGE(1.0),Average annual wages,I,FRA,France,WG,Wages,EUR,Euro,A,Annual,V,Current prices,MEAN,Mean,_Z,Not applicable,2005,,29183.666,,,,A,Normal value,0,Units,0,Zero
DATAFLOW,OECD.ELS.SAE:DSD_EARNINGS@AV_AN_WAGE(1.0),Average annual wages,I,FRA,France,WG,Wages,EUR,Euro,A,Annual,V,Current prices,MEAN,Mean,_Z,Not applicable,2006,,30126.144,,,,A,Normal value,0,Units,0,Zero
DATAFLOW,OECD.ELS.SAE:DSD_EARNINGS@AV_AN_WAGE(1.0),Average annual wages,I,FRA,France,WG,Wages,EUR,Euro,A,Annual,V,Current prices,MEAN,Mean,_Z,Not applicable,2007,,30860.268,,,,A,Normal value,0,Units,0,Zero
DATAFLOW,OECD.ELS.SAE:DSD_EARNINGS@AV_AN_WAGE(1.0),Average annual wages,I,FRA,France,WG,Wages,EUR,Euro,A,Annual,V,Current prices,MEAN,Mean,_Z,Not applicable,2008,,31636.534,,,,A,Normal value,0,Units,0,Zero
DATAFLOW,OECD.ELS.SAE:DSD_EARNINGS@AV_AN_WAGE(1.0),Average annual wages,I,FRA,France,WG,Wages,EUR,Euro,A,Annual,V,Current prices,MEAN,Mean,_Z,Not applicable,2009,,32168.599,,,,A,Normal value,0,Units,0,Zero
DATAFLOW,OECD.ELS.SAE:DSD_EARNINGS@AV_AN_WAGE(1.0),Average annual wages,I,FRA,France,WG,Wages,EUR,Euro,A,Annual,V,Current prices,MEAN,Mean,_Z,Not applicable,2010,,33130.848,,,,A,Normal value,0,Units,0,Zero
DATAFLOW,OECD.ELS.SAE:DSD_EARNINGS@AV_AN_WAGE(1.0),Average annual wages,I,FRA,France,WG,Wages,EUR,Euro,A,Annual,V,Current prices,MEAN,Mean,_Z,Not applicable,2011,,33772.816,,,,A,Normal value,0,Units,0,Zero
DATAFLOW,OECD.ELS.SAE:DSD_EARNINGS@AV_AN_WAGE(1.0),Average annual wages,I,FRA,France,WG,Wages,EUR,Euro,A,Annual,V,Current prices,MEAN,Mean,_Z,Not applicable,2012,,34437.457,,,,A,Normal value,0,Units,0,Zero
DATAFLOW,OECD.ELS.SAE:DSD_EARNINGS@AV_AN_WAGE(1.0),Average annual wages,I,FRA,France,WG,Wages,EUR,Euro,A,Annual,V,Current prices,MEAN,Mean,_Z,Not applicable,2013,,34989.136,,,,A,Normal value,0,Units,0,Zero
DATAFLOW,OECD.ELS.SAE:DSD_EARNINGS@AV_AN_WAGE(1.0),Average annual wages,I,FRA,France,WG,Wages,EUR,Euro,A,Annual,V,Current prices,MEAN,Mean,_Z,Not applicable,2014,,35260.028,,,,A,Normal value,0,Units,0,Zero
DATAFLOW,OECD.ELS.SAE:DSD_EARNINGS@AV_AN_WAGE(1.0),Average annual wages,I,FRA,France,WG,Wages,EUR,Euro,A,Annual,V,Current prices,MEAN,Mean,_Z,Not applicable,2015,,35620.966,,,,A,Normal value,0,Units,0,Zero
DATAFLOW,OECD.ELS.SAE:DSD_EARNINGS@AV_AN_WAGE(1.0),Average annual wages,I,FRA,France,WG,Wages,EUR,Euro,A,Annual,V,Current prices,MEAN,Mean,_Z,Not applicable,2016,,36079.222,,,,A,Normal value,0,Units,0,Zero
DATAFLOW,OECD.ELS.SAE:DSD_EARNINGS@AV_AN_WAGE(1.0),Average annual wages,I,FRA,France,WG,Wages,EUR,Euro,A,Annual,V,Current prices,MEAN,Mean,_Z,Not applicable,2017,,36858.436,,,,A,Normal value,0,Units,0,Zero
DATAFLOW,OECD.ELS.SAE:DSD_EARNINGS@AV_AN_WAGE(1.0),Average annual wages,I,FRA,France,WG,Wages,EUR,Euro,A,Annual,V,Current prices,MEAN,Mean,_Z,Not applicable,2018,,37392.074,,,,A,Normal value,0,Units,0,Zero
DATAFLOW,OECD.ELS.SAE:DSD_EARNINGS@AV_AN_WAGE(1.0),Average annual wages,I,FRA,France,WG,Wages,EUR,Euro,A,Annual,V,Current prices,MEAN,Mean,_Z,Not applicable,2019,,38078.279,,,,A,Normal value,0,Units,0,Zero
DATAFLOW,OECD.ELS.SAE:DSD_EARNINGS@AV_AN_WAGE(1.0),Average annual wages,I,FRA,France,WG,Wages,EUR,Euro,A,Annual,V,Current prices,MEAN,Mean,_Z,Not applicable,2020,,36562.871,,,,A,Normal value,0,Units,0,Zero
DATAFLOW,OECD.ELS.SAE:DSD_EARNINGS@AV_AN_WAGE(1.0),Average annual wages,I,FRA,France,WG,Wages,EUR,Euro,A,Annual,V,Current prices,MEAN,Mean,_Z,Not applicable,2021,,38660.988,,,,A,Normal value,0,Units,0,Zero
DATAFLOW,OECD.ELS.SAE:DSD_EARNINGS@AV_AN_WAGE(1.0),Average annual wages,I,FRA,France,WG,Wages,EUR,Euro,A,Annual,V,Current prices,MEAN,Mean,_Z,Not applicable,2022,,40661.433,,,,A,Normal value,0,Units,0,Zero
DATAFLOW,OECD.ELS.SAE:DSD_EARNINGS@AV_AN_WAGE(1.0),Average annual wages,I,FRA,France,WG,Wages,EUR,Euro,A,Annual,V,Current prices,MEAN,Mean,_Z,Not applicable,2023,,42447.323,,,,A,Normal value,0,Units,0,Zero
DATAFLOW,OECD.ELS.SAE:DSD_EARNINGS@AV_AN_WAGE(1.0),Average annual wages,I,FRA,France,WG,Wages,EUR,Euro,A,Annual,V,Current prices,MEAN,Mean,_Z,Not applicable,2024,,43559.379,,,,A,Normal value,0,Units,0,Zero
DATAFLOW,OECD.ELS.SAE:DSD_EARNINGS@AV_AN_WAGE(1.0),Average annual wages,I,FRA,France,WG,Wages,EUR,Euro,A,Annual,V,Current prices,MEAN,Mean,_Z,Not applicable,2025,,44303.985,,,,A,Normal value,0,Units,0,Zero
DATAFLOW,OECD.ELS.SAE:DSD_EARNINGS@AV_AN_WAGE(1.0),Average annual wages,I,DEU,Germany,WG,Wages,EUR,Euro,A,Annual,V,Current prices,MEAN,Mean,_Z,Not applicable,1991,,21468.603,,,,A,Normal value,0,Units,0,Zero
DATAFLOW,OECD.ELS.SAE:DSD_EARNINGS@AV_AN_WAGE(1.0),Average annual wages,I,DEU,Germany,WG,Wages,EUR,Euro,A,Annual,V,Current prices,MEAN,Mean,_Z,Not applicable,1992,,23752.312,,,,A,Normal value,0,Units,0,Zero
DATAFLOW,OECD.ELS.SAE:DSD_EARNINGS@AV_AN_WAGE(1.0),Average annual wages,I,DEU,Germany,WG,Wages,EUR,Euro,A,Annual,V,Current prices,MEAN,Mean,_Z,Not applicable,1993,,24881.441,,,,A,Normal value,0,Units,0,Zero
DATAFLOW,OECD.ELS.SAE:DSD_EARNINGS@AV_AN_WAGE(1.0),Average annual wages,I,DEU,Germany,WG,Wages,EUR,Euro,A,Annual,V,Current prices,MEAN,Mean,_Z,Not applicable,1994,,25489.987,,,,A,Normal value,0,Units,0,Zero
DATAFLOW,OECD.ELS.SAE:DSD_EARNINGS@AV_AN_WAGE(1.0),Average annual wages,I,DEU,Germany,WG,Wages,EUR,Euro,A,Annual,V,Current prices,MEAN,Mean,_Z,Not applicable,1995,,26404.402,,,,A,Normal value,0,Units,0,Zero
DATAFLOW,OECD.ELS.SAE:DSD_EARNINGS@AV_AN_WAGE(1.0),Average annual wages,I,DEU,Germany,WG,Wages,EUR,Euro,A,Annual,V,Current prices,MEAN,Mean,_Z,Not applicable,1996,,26885.391,,,,A,Normal value,0,Units,0,Zero
DATAFLOW,OECD.ELS.SAE:DSD_EARNINGS@AV_AN_WAGE(1.0),Average annual wages,I,DEU,Germany,WG,Wages,EUR,Euro,A,Annual,V,Current prices,MEAN,Mean,_Z,Not applicable,1997,,27084.82,,,,A,Normal value,0,Units,0,Zero
DATAFLOW,OECD.ELS.SAE:DSD_EARNINGS@AV_AN_WAGE(1.0),Average annual wages,I,DEU,Germany,WG,Wages,EUR,Euro,A,Annual,V,Current prices,MEAN,Mean,_Z,Not applicable,1998,,27488.072,,,,A,Normal value,0,Units,0,Zero
DATAFLOW,OECD.ELS.SAE:DSD_EARNINGS@AV_AN_WAGE(1.0),Average annual wages,I,DEU,Germany,WG,Wages,EUR,Euro,A,Annual,V,Current prices,MEAN,Mean,_Z,Not applicable,1999,,28012.041,,,,A,Normal value,0,Units,0,Zero
DATAFLOW,OECD.ELS.SAE:DSD_EARNINGS@AV_AN_WAGE(1.0),Average annual wages,I,DEU,Germany,WG,Wages,EUR,Euro,A,Annual,V,Current prices,MEAN,Mean,_Z,Not applicable,2000,,28442.85,,,,A,Normal value,0,Units,0,Zero
DATAFLOW,OECD.ELS.SAE:DSD_EARNINGS@AV_AN_WAGE(1.0),Average annual wages,I,DEU,Germany,WG,Wages,EUR,Euro,A,Annual,V,Current prices,MEAN,Mean,_Z,Not applicable,2001,,29227.171,,,,A,Normal value,0,Units,0,Zero
DATAFLOW,OECD.ELS.SAE:DSD_EARNINGS@AV_AN_WAGE(1.0),Average annual wages,I,DEU,Germany,WG,Wages,EUR,Euro,A,Annual,V,Current prices,MEAN,Mean,_Z,Not applicable,2002,,29788,,,,A,Normal value,0,Units,0,Zero
DATAFLOW,OECD.ELS.SAE:DSD_EARNINGS@AV_AN_WAGE(1.0),Average annual wages,I,DEU,Germany,WG,Wages,EUR,Euro,A,Annual,V,Current prices,MEAN,Mean,_Z,Not applicable,2003,,30413.281,,,,A,Normal value,0,Units,0,Zero
DATAFLOW,OECD.ELS.SAE:DSD_EARNINGS@AV_AN_WAGE(1.0),Average annual wages,I,DEU,Germany,WG,Wages,EUR,Euro,A,Annual,V,Current prices,MEAN,Mean,_Z,Not applicable,2004,,30775,,,,A,Normal value,0,Units,0,Zero
DATAFLOW,OECD.ELS.SAE:DSD_EARNINGS@AV_AN_WAGE(1.0),Average annual wages,I,DEU,Germany,WG,Wages,EUR,Euro,A,Annual,V,Current prices,MEAN,Mean,_Z,Not applicable,2005,,31195.248,,,,A,Normal value,0,Units,0,Zero
DATAFLOW,OECD.ELS.SAE:DSD_EARNINGS@AV_AN_WAGE(1.0),Average annual wages,I,DEU,Germany,WG,Wages,EUR,Euro,A,Annual,V,Current prices,MEAN,Mean,_Z,Not applicable,2006,,31640.797,,,,A,Normal value,0,Units,0,Zero
DATAFLOW,OECD.ELS.SAE:DSD_EARNINGS@AV_AN_WAGE(1.0),Average annual wages,I,DEU,Germany,WG,Wages,EUR,Euro,A,Annual,V,Current prices,MEAN,Mean,_Z,Not applicable,2007,,32126.384,,,,A,Normal value,0,Units,0,Zero
DATAFLOW,OECD.ELS.SAE:DSD_EARNINGS@AV_AN_WAGE(1.0),Average annual wages,I,DEU,Germany,WG,Wages,EUR,Euro,A,Annual,V,Current prices,MEAN,Mean,_Z,Not applicable,2008,,32916.099,,,,A,Normal value,0,Units,0,Zero
DATAFLOW,OECD.ELS.SAE:DSD_EARNINGS@AV_AN_WAGE(1.0),Average annual wages,I,DEU,Germany,WG,Wages,EUR,Euro,A,Annual,V,Current prices,MEAN,Mean,_Z,Not applicable,2009,,32967.736,,,,A,Normal value,0,Units,0,Zero
DATAFLOW,OECD.ELS.SAE:DSD_EARNINGS@AV_AN_WAGE(1.0),Average annual wages,I,DEU,Germany,WG,Wages,EUR,Euro,A,Annual,V,Current prices,MEAN,Mean,_Z,Not applicable,2010,,33794.033,,,,A,Normal value,0,Units,0,Zero
DATAFLOW,OECD.ELS.SAE:DSD_EARNINGS@AV_AN_WAGE(1.0),Average annual wages,I,DEU,Germany,WG,Wages,EUR,Euro,A,Annual,V,Current prices,MEAN,Mean,_Z,Not applicable,2011,,35077.591,,,,A,Normal value,0,Units,0,Zero
DATAFLOW,OECD.ELS.SAE:DSD_EARNINGS@AV_AN_WAGE(1.0),Average annual wages,I,DEU,Germany,WG,Wages,EUR,Euro,A,Annual,V,Current prices,MEAN,Mean,_Z,Not applicable,2012,,36042.052,,,,A,Normal value,0,Units,0,Zero
DATAFLOW,OECD.ELS.SAE:DSD_EARNINGS@AV_AN_WAGE(1.0),Average annual wages,I,DEU,Germany,WG,Wages,EUR,Euro,A,Annual,V,Current prices,MEAN,Mean,_Z,Not applicable,2013,,36941.438,,,,A,Normal value,0,Units,0,Zero
DATAFLOW,OECD.ELS.SAE:DSD_EARNINGS@AV_AN_WAGE(1.0),Average annual wages,I,DEU,Germany,WG,Wages,EUR,Euro,A,Annual,V,Current prices,MEAN,Mean,_Z,Not applicable,2014,,37946.562,,,,A,Normal value,0,Units,0,Zero
DATAFLOW,OECD.ELS.SAE:DSD_EARNINGS@AV_AN_WAGE(1.0),Average annual wages,I,DEU,Germany,WG,Wages,EUR,Euro,A,Annual,V,Current prices,MEAN,Mean,_Z,Not applicable,2015,,39075.915,,,,A,Normal value,0,Units,0,Zero
DATAFLOW,OECD.ELS.SAE:DSD_EARNINGS@AV_AN_WAGE(1.0),Average annual wages,I,DEU,Germany,WG,Wages,EUR,Euro,A,Annual,V,Current prices,MEAN,Mean,_Z,Not applicable,2016,,39995.698,,,,A,Normal value,0,Units,0,Zero
DATAFLOW,OECD.ELS.SAE:DSD_EARNINGS@AV_AN_WAGE(1.0),Average annual wages,I,DEU,Germany,WG,Wages,EUR,Euro,A,Annual,V,Current prices,MEAN,Mean,_Z,Not applicable,2017,,41104.002,,,,A,Normal value,0,Units,0,Zero
DATAFLOW,OECD.ELS.SAE:DSD_EARNINGS@AV_AN_WAGE(1.0),Average annual wages,I,DEU,Germany,WG,Wages,EUR,Euro,A,Annual,V,Current prices,MEAN,Mean,_Z,Not applicable,2018,,42355.858,,,,A,Normal value,0,Units,0,Zero
DATAFLOW,OECD.ELS.SAE:DSD_EARNINGS@AV_AN_WAGE(1.0),Average annual wages,I,DEU,Germany,WG,Wages,EUR,Euro,A,Annual,V,Current prices,MEAN,Mean,_Z,Not applicable,2019,,43670.057,,,,A,Normal value,0,Units,0,Zero
DATAFLOW,OECD.ELS.SAE:DSD_EARNINGS@AV_AN_WAGE(1.0),Average annual wages,I,DEU,Germany,WG,Wages,EUR,Euro,A,Annual,V,Current prices,MEAN,Mean,_Z,Not applicable,2020,,43580.409,,,,A,Normal value,0,Units,0,Zero
DATAFLOW,OECD.ELS.SAE:DSD_EARNINGS@AV_AN_WAGE(1.0),Average annual wages,I,DEU,Germany,WG,Wages,EUR,Euro,A,Annual,V,Current prices,MEAN,Mean,_Z,Not applicable,2021,,44917.797,,,,A,Normal value,0,Units,0,Zero
DATAFLOW,OECD.ELS.SAE:DSD_EARNINGS@AV_AN_WAGE(1.0),Average annual wages,I,DEU,Germany,WG,Wages,EUR,Euro,A,Annual,V,Current prices,MEAN,Mean,_Z,Not applicable,2022,,46913.072,,,,A,Normal value,0,Units,0,Zero
DATAFLOW,OECD.ELS.SAE:DSD_EARNINGS@AV_AN_WAGE(1.0),Average annual wages,I,DEU,Germany,WG,Wages,EUR,Euro,A,Annual,V,Current prices,MEAN,Mean,_Z,Not applicable,2023,,49961.127,,,,A,Normal value,0,Units,0,Zero
DATAFLOW,OECD.ELS.SAE:DSD_EARNINGS@AV_AN_WAGE(1.0),Average annual wages,I,DEU,Germany,WG,Wages,EUR,Euro,A,Annual,V,Current prices,MEAN,Mean,_Z,Not applicable,2024,,52476.531,,,,A,Normal value,0,Units,0,Zero
DATAFLOW,OECD.ELS.SAE:DSD_EARNINGS@AV_AN_WAGE(1.0),Average annual wages,I,DEU,Germany,WG,Wages,EUR,Euro,A,Annual,V,Current prices,MEAN,Mean,_Z,Not applicable,2025,,54839.643,,,,A,Normal value,0,Units,0,Zero
DATAFLOW,OECD.ELS.SAE:DSD_EARNINGS@AV_AN_WAGE(1.0),Average annual wages,I,GRC,Greece,WG,Wages,EUR,Euro,A,Annual,V,Current prices,MEAN,Mean,_Z,Not applicable,1995,,8811.614,,,,A,Normal value,0,Units,0,Zero
DATAFLOW,OECD.ELS.SAE:DSD_EARNINGS@AV_AN_WAGE(1.0),Average annual wages,I,GRC,Greece,WG,Wages,EUR,Euro,A,Annual,V,Current prices,MEAN,Mean,_Z,Not applicable,1996,,9642.299,,,,A,Normal value,0,Units,0,Zero
DATAFLOW,OECD.ELS.SAE:DSD_EARNINGS@AV_AN_WAGE(1.0),Average annual wages,I,GRC,Greece,WG,Wages,EUR,Euro,A,Annual,V,Current prices,MEAN,Mean,_Z,Not applicable,1997,,10999.763,,,,A,Normal value,0,Units,0,Zero
DATAFLOW,OECD.ELS.SAE:DSD_EARNINGS@AV_AN_WAGE(1.0),Average annual wages,I,GRC,Greece,WG,Wages,EUR,Euro,A,Annual,V,Current prices,MEAN,Mean,_Z,Not applicable,1998,,11666.667,,,,A,Normal value,0,Units,0,Zero
DATAFLOW,OECD.ELS.SAE:DSD_EARNINGS@AV_AN_WAGE(1.0),Average annual wages,I,GRC,Greece,WG,Wages,EUR,Euro,A,Annual,V,Current prices,MEAN,Mean,_Z,Not applicable,1999,,12416.013,,,,A,Normal value,0,Units,0,Zero
DATAFLOW,OECD.ELS.SAE:DSD_EARNINGS@AV_AN_WAGE(1.0),Average annual wages,I,GRC,Greece,WG,Wages,EUR,Euro,A,Annual,V,Current prices,MEAN,Mean,_Z,Not applicable,2000,,12793.14,,,,A,Normal value,0,Units,0,Zero
DATAFLOW,OECD.ELS.SAE:DSD_EARNINGS@AV_AN_WAGE(1.0),Average annual wages,I,GRC,Greece,WG,Wages,EUR,Euro,A,Annual,V,Current prices,MEAN,Mean,_Z,Not applicable,2001,,13508.995,,,,A,Normal value,0,Units,0,Zero
DATAFLOW,OECD.ELS.SAE:DSD_EARNINGS@AV_AN_WAGE(1.0),Average annual wages,I,GRC,Greece,WG,Wages,EUR,Euro,A,Annual,V,Current prices,MEAN,Mean,_Z,Not applicable,2002,,15685.3,,,,A,Normal value,0,Units,0,Zero
DATAFLOW,OECD.ELS.SAE:DSD_EARNINGS@AV_AN_WAGE(1.0),Average annual wages,I,GRC,Greece,WG,Wages,EUR,Euro,A,Annual,V,Current prices,MEAN,Mean,_Z,Not applicable,2003,,17017.986,,,,A,Normal value,0,Units,0,Zero
DATAFLOW,OECD.ELS.SAE:DSD_EARNINGS@AV_AN_WAGE(1.0),Average annual wages,I,GRC,Greece,WG,Wages,EUR,Euro,A,Annual,V,Current prices,MEAN,Mean,_Z,Not applicable,2004,,17378.504,,,,A,Normal value,0,Units,0,Zero
DATAFLOW,OECD.ELS.SAE:DSD_EARNINGS@AV_AN_WAGE(1.0),Average annual wages,I,GRC,Greece,WG,Wages,EUR,Euro,A,Annual,V,Current prices,MEAN,Mean,_Z,Not applicable,2005,,18363.282,,,,A,Normal value,0,Units,0,Zero
DATAFLOW,OECD.ELS.SAE:DSD_EARNINGS@AV_AN_WAGE(1.0),Average annual wages,I,GRC,Greece,WG,Wages,EUR,Euro,A,Annual,V,Current prices,MEAN,Mean,_Z,Not applicable,2006,,19408.536,,,,A,Normal value,0,Units,0,Zero
DATAFLOW,OECD.ELS.SAE:DSD_EARNINGS@AV_AN_WAGE(1.0),Average annual wages,I,GRC,Greece,WG,Wages,EUR,Euro,A,Annual,V,Current prices,MEAN,Mean,_Z,Not applicable,2007,,20173.98,,,,A,Normal value,0,Units,0,Zero
DATAFLOW,OECD.ELS.SAE:DSD_EARNINGS@AV_AN_WAGE(1.0),Average annual wages,I,GRC,Greece,WG,Wages,EUR,Euro,A,Annual,V,Current prices,MEAN,Mean,_Z,Not applicable,2008,,20641.372,,,,A,Normal value,0,Units,0,Zero
DATAFLOW,OECD.ELS.SAE:DSD_EARNINGS@AV_AN_WAGE(1.0),Average annual wages,I,GRC,Greece,WG,Wages,EUR,Euro,A,Annual,V,Current prices,MEAN,Mean,_Z,Not applicable,2009,,21695.426,,,,A,Normal value,0,Units,0,Zero
DATAFLOW,OECD.ELS.SAE:DSD_EARNINGS@AV_AN_WAGE(1.0),Average annual wages,I,GRC,Greece,WG,Wages,EUR,Euro,A,Annual,V,Current prices,MEAN,Mean,_Z,Not applicable,2010,,21209.552,,,,A,Normal value,0,Units,0,Zero
DATAFLOW,OECD.ELS.SAE:DSD_EARNINGS@AV_AN_WAGE(1.0),Average annual wages,I,GRC,Greece,WG,Wages,EUR,Euro,A,Annual,V,Current prices,MEAN,Mean,_Z,Not applicable,2011,,20459.955,,,,A,Normal value,0,Units,0,Zero
DATAFLOW,OECD.ELS.SAE:DSD_EARNINGS@AV_AN_WAGE(1.0),Average annual wages,I,GRC,Greece,WG,Wages,EUR,Euro,A,Annual,V,Current prices,MEAN,Mean,_Z,Not applicable,2012,,19462.359,,,,A,Normal value,0,Units,0,Zero
DATAFLOW,OECD.ELS.SAE:DSD_EARNINGS@AV_AN_WAGE(1.0),Average annual wages,I,GRC,Greece,WG,Wages,EUR,Euro,A,Annual,V,Current prices,MEAN,Mean,_Z,Not applicable,2013,,17880.694,,,,A,Normal value,0,Units,0,Zero
DATAFLOW,OECD.ELS.SAE:DSD_EARNINGS@AV_AN_WAGE(1.0),Average annual wages,I,GRC,Greece,WG,Wages,EUR,Euro,A,Annual,V,Current prices,MEAN,Mean,_Z,Not applicable,2014,,17398.962,,,,A,Normal value,0,Units,0,Zero
DATAFLOW,OECD.ELS.SAE:DSD_EARNINGS@AV_AN_WAGE(1.0),Average annual wages,I,GRC,Greece,WG,Wages,EUR,Euro,A,Annual,V,Current prices,MEAN,Mean,_Z,Not applicable,2015,,17309.743,,,,A,Normal value,0,Units,0,Zero
DATAFLOW,OECD.ELS.SAE:DSD_EARNINGS@AV_AN_WAGE(1.0),Average annual wages,I,GRC,Greece,WG,Wages,EUR,Euro,A,Annual,V,Current prices,MEAN,Mean,_Z,Not applicable,2016,,16774.027,,,,A,Normal value,0,Units,0,Zero
DATAFLOW,OECD.ELS.SAE:DSD_EARNINGS@AV_AN_WAGE(1.0),Average annual wages,I,GRC,Greece,WG,Wages,EUR,Euro,A,Annual,V,Current prices,MEAN,Mean,_Z,Not applicable,2017,,16837.945,,,,A,Normal value,0,Units,0,Zero
DATAFLOW,OECD.ELS.SAE:DSD_EARNINGS@AV_AN_WAGE(1.0),Average annual wages,I,GRC,Greece,WG,Wages,EUR,Euro,A,Annual,V,Current prices,MEAN,Mean,_Z,Not applicable,2018,,16161.769,,,,A,Normal value,0,Units,0,Zero
DATAFLOW,OECD.ELS.SAE:DSD_EARNINGS@AV_AN_WAGE(1.0),Average annual wages,I,GRC,Greece,WG,Wages,EUR,Euro,A,Annual,V,Current prices,MEAN,Mean,_Z,Not applicable,2019,,16212.143,,,,A,Normal value,0,Units,0,Zero
DATAFLOW,OECD.ELS.SAE:DSD_EARNINGS@AV_AN_WAGE(1.0),Average annual wages,I,GRC,Greece,WG,Wages,EUR,Euro,A,Annual,V,Current prices,MEAN,Mean,_Z,Not applicable,2020,,16061.205,,,,A,Normal value,0,Units,0,Zero
DATAFLOW,OECD.ELS.SAE:DSD_EARNINGS@AV_AN_WAGE(1.0),Average annual wages,I,GRC,Greece,WG,Wages,EUR,Euro,A,Annual,V,Current prices,MEAN,Mean,_Z,Not applicable,2021,,16252.78,,,,A,Normal value,0,Units,0,Zero
DATAFLOW,OECD.ELS.SAE:DSD_EARNINGS@AV_AN_WAGE(1.0),Average annual wages,I,GRC,Greece,WG,Wages,EUR,Euro,A,Annual,V,Current prices,MEAN,Mean,_Z,Not applicable,2022,,16677.39,,,,A,Normal value,0,Units,0,Zero
DATAFLOW,OECD.ELS.SAE:DSD_EARNINGS@AV_AN_WAGE(1.0),Average annual wages,I,GRC,Greece,WG,Wages,EUR,Euro,A,Annual,V,Current prices,MEAN,Mean,_Z,Not applicable,2023,,17258.82,,,,A,Normal value,0,Units,0,Zero
DATAFLOW,OECD.ELS.SAE:DSD_EARNINGS@AV_AN_WAGE(1.0),Average annual wages,I,GRC,Greece,WG,Wages,EUR,Euro,A,Annual,V,Current prices,MEAN,Mean,_Z,Not applicable,2024,,18225.537,,,,A,Normal value,0,Units,0,Zero
DATAFLOW,OECD.ELS.SAE:DSD_EARNINGS@AV_AN_WAGE(1.0),Average annual wages,I,GRC,Greece,WG,Wages,EUR,Euro,A,Annual,V,Current prices,MEAN,Mean,_Z,Not applicable,2025,,18800.831,,,,A,Normal value,0,Units,0,Zero
DATAFLOW,OECD.ELS.SAE:DSD_EARNINGS@AV_AN_WAGE(1.0),Average annual wages,I,IRL,Ireland,WG,Wages,EUR,Euro,A,Annual,V,Current prices,MEAN,Mean,_Z,Not applicable,1990,,14211.156,,,,A,Normal value,0,Units,0,Zero
DATAFLOW,OECD.ELS.SAE:DSD_EARNINGS@AV_AN_WAGE(1.0),Average annual wages,I,IRL,Ireland,WG,Wages,EUR,Euro,A,Annual,V,Current prices,MEAN,Mean,_Z,Not applicable,1991,,15194.832,,,,A,Normal value,0,Units,0,Zero
DATAFLOW,OECD.ELS.SAE:DSD_EARNINGS@AV_AN_WAGE(1.0),Average annual wages,I,IRL,Ireland,WG,Wages,EUR,Euro,A,Annual,V,Current prices,MEAN,Mean,_Z,Not applicable,1992,,16296.372,,,,A,Normal value,0,Units,0,Zero
DATAFLOW,OECD.ELS.SAE:DSD_EARNINGS@AV_AN_WAGE(1.0),Average annual wages,I,IRL,Ireland,WG,Wages,EUR,Euro,A,Annual,V,Current prices,MEAN,Mean,_Z,Not applicable,1993,,17472.743,,,,A,Normal value,0,Units,0,Zero
DATAFLOW,OECD.ELS.SAE:DSD_EARNINGS@AV_AN_WAGE(1.0),Average annual wages,I,IRL,Ireland,WG,Wages,EUR,Euro,A,Annual,V,Current prices,MEAN,Mean,_Z,Not applicable,1994,,18061.055,,,,A,Normal value,0,Units,0,Zero
DATAFLOW,OECD.ELS.SAE:DSD_EARNINGS@AV_AN_WAGE(1.0),Average annual wages,I,IRL,Ireland,WG,Wages,EUR,Euro,A,Annual,V,Current prices,MEAN,Mean,_Z,Not applicable,1995,,18889.068,,,,A,Normal value,0,Units,0,Zero
DATAFLOW,OECD.ELS.SAE:DSD_EARNINGS@AV_AN_WAGE(1.0),Average annual wages,I,IRL,Ireland,WG,Wages,EUR,Euro,A,Annual,V,Current prices,MEAN,Mean,_Z,Not applicable,1996,,20203.076,,,,A,Normal value,0,Units,0,Zero
DATAFLOW,OECD.ELS.SAE:DSD_EARNINGS@AV_AN_WAGE(1.0),Average annual wages,I,IRL,Ireland,WG,Wages,EUR,Euro,A,Annual,V,Current prices,MEAN,Mean,_Z,Not applicable,1997,,22185.091,,,,A,Normal value,0,Units,0,Zero
DATAFLOW,OECD.ELS.SAE:DSD_EARNINGS@AV_AN_WAGE(1.0),Average annual wages,I,IRL,Ireland,WG,Wages,EUR,Euro,A,Annual,V,Current prices,MEAN,Mean,_Z,Not applicable,1998,,24264.274,,,,A,Normal value,0,Units,0,Zero
DATAFLOW,OECD.ELS.SAE:DSD_EARNINGS@AV_AN_WAGE(1.0),Average annual wages,I,IRL,Ireland,WG,Wages,EUR,Euro,A,Annual,V,Current prices,MEAN,Mean,_Z,Not applicable,1999,,25519.523,,,,A,Normal value,0,Units,0,Zero
DATAFLOW,OECD.ELS.SAE:DSD_EARNINGS@AV_AN_WAGE(1.0),Average annual wages,I,IRL,Ireland,WG,Wages,EUR,Euro,A,Annual,V,Current prices,MEAN,Mean,_Z,Not applicable,2000,,27380.25,,,,A,Normal value,0,Units,0,Zero
DATAFLOW,OECD.ELS.SAE:DSD_EARNINGS@AV_AN_WAGE(1.0),Average annual wages,I,IRL,Ireland,WG,Wages,EUR,Euro,A,Annual,V,Current prices,MEAN,Mean,_Z,Not applicable,2001,,29498.821,,,,A,Normal value,0,Units,0,Zero
DATAFLOW,OECD.ELS.SAE:DSD_EARNINGS@AV_AN_WAGE(1.0),Average annual wages,I,IRL,Ireland,WG,Wages,EUR,Euro,A,Annual,V,Current prices,MEAN,Mean,_Z,Not applicable,2002,,31155.171,,,,A,Normal value,0,Units,0,Zero
DATAFLOW,OECD.ELS.SAE:DSD_EARNINGS@AV_AN_WAGE(1.0),Average annual wages,I,IRL,Ireland,WG,Wages,EUR,Euro,A,Annual,V,Current prices,MEAN,Mean,_Z,Not applicable,2003,,33227.745,,,,A,Normal value,0,Units,0,Zero
DATAFLOW,OECD.ELS.SAE:DSD_EARNINGS@AV_AN_WAGE(1.0),Average annual wages,I,IRL,Ireland,WG,Wages,EUR,Euro,A,Annual,V,Current prices,MEAN,Mean,_Z,Not applicable,2004,,34947.397,,,,A,Normal value,0,Units,0,Zero
DATAFLOW,OECD.ELS.SAE:DSD_EARNINGS@AV_AN_WAGE(1.0),Average annual wages,I,IRL,Ireland,WG,Wages,EUR,Euro,A,Annual,V,Current prices,MEAN,Mean,_Z,Not applicable,2005,,36987.919,,,,A,Normal value,0,Units,0,Zero
DATAFLOW,OECD.ELS.SAE:DSD_EARNINGS@AV_AN_WAGE(1.0),Average annual wages,I,IRL,Ireland,WG,Wages,EUR,Euro,A,Annual,V,Current prices,MEAN,Mean,_Z,Not applicable,2006,,38340.742,,,,A,Normal value,0,Units,0,Zero
DATAFLOW,OECD.ELS.SAE:DSD_EARNINGS@AV_AN_WAGE(1.0),Average annual wages,I,IRL,Ireland,WG,Wages,EUR,Euro,A,Annual,V,Current prices,MEAN,Mean,_Z,Not applicable,2007,,40677.243,,,,A,Normal value,0,Units,0,Zero
DATAFLOW,OECD.ELS.SAE:DSD_EARNINGS@AV_AN_WAGE(1.0),Average annual wages,I,IRL,Ireland,WG,Wages,EUR,Euro,A,Annual,V,Current prices,MEAN,Mean,_Z,Not applicable,2008,,42880.963,,,,A,Normal value,0,Units,0,Zero
DATAFLOW,OECD.ELS.SAE:DSD_EARNINGS@AV_AN_WAGE(1.0),Average annual wages,I,IRL,Ireland,WG,Wages,EUR,Euro,A,Annual,V,Current prices,MEAN,Mean,_Z,Not applicable,2009,,43480.437,,,,A,Normal value,0,Units,0,Zero
DATAFLOW,OECD.ELS.SAE:DSD_EARNINGS@AV_AN_WAGE(1.0),Average annual wages,I,IRL,Ireland,WG,Wages,EUR,Euro,A,Annual,V,Current prices,MEAN,Mean,_Z,Not applicable,2010,,43137.329,,,,A,Normal value,0,Units,0,Zero
DATAFLOW,OECD.ELS.SAE:DSD_EARNINGS@AV_AN_WAGE(1.0),Average annual wages,I,IRL,Ireland,WG,Wages,EUR,Euro,A,Annual,V,Current prices,MEAN,Mean,_Z,Not applicable,2011,,45102.124,,,,A,Normal value,0,Units,0,Zero
DATAFLOW,OECD.ELS.SAE:DSD_EARNINGS@AV_AN_WAGE(1.0),Average annual wages,I,IRL,Ireland,WG,Wages,EUR,Euro,A,Annual,V,Current prices,MEAN,Mean,_Z,Not applicable,2012,,45161.438,,,,A,Normal value,0,Units,0,Zero
DATAFLOW,OECD.ELS.SAE:DSD_EARNINGS@AV_AN_WAGE(1.0),Average annual wages,I,IRL,Ireland,WG,Wages,EUR,Euro,A,Annual,V,Current prices,MEAN,Mean,_Z,Not applicable,2013,,44671.6,,,,A,Normal value,0,Units,0,Zero
DATAFLOW,OECD.ELS.SAE:DSD_EARNINGS@AV_AN_WAGE(1.0),Average annual wages,I,IRL,Ireland,WG,Wages,EUR,Euro,A,Annual,V,Current prices,MEAN,Mean,_Z,Not applicable,2014,,44781.255,,,,A,Normal value,0,Units,0,Zero
DATAFLOW,OECD.ELS.SAE:DSD_EARNINGS@AV_AN_WAGE(1.0),Average annual wages,I,IRL,Ireland,WG,Wages,EUR,Euro,A,Annual,V,Current prices,MEAN,Mean,_Z,Not applicable,2015,,45248.792,,,,A,Normal value,0,Units,0,Zero
DATAFLOW,OECD.ELS.SAE:DSD_EARNINGS@AV_AN_WAGE(1.0),Average annual wages,I,IRL,Ireland,WG,Wages,EUR,Euro,A,Annual,V,Current prices,MEAN,Mean,_Z,Not applicable,2016,,46146.931,,,,A,Normal value,0,Units,0,Zero
DATAFLOW,OECD.ELS.SAE:DSD_EARNINGS@AV_AN_WAGE(1.0),Average annual wages,I,IRL,Ireland,WG,Wages,EUR,Euro,A,Annual,V,Current prices,MEAN,Mean,_Z,Not applicable,2017,,47276.874,,,,A,Normal value,0,Units,0,Zero
DATAFLOW,OECD.ELS.SAE:DSD_EARNINGS@AV_AN_WAGE(1.0),Average annual wages,I,IRL,Ireland,WG,Wages,EUR,Euro,A,Annual,V,Current prices,MEAN,Mean,_Z,Not applicable,2018,,48750.419,,,,A,Normal value,0,Units,0,Zero
DATAFLOW,OECD.ELS.SAE:DSD_EARNINGS@AV_AN_WAGE(1.0),Average annual wages,I,IRL,Ireland,WG,Wages,EUR,Euro,A,Annual,V,Current prices,MEAN,Mean,_Z,Not applicable,2019,,50611.408,,,,A,Normal value,0,Units,0,Zero
DATAFLOW,OECD.ELS.SAE:DSD_EARNINGS@AV_AN_WAGE(1.0),Average annual wages,I,IRL,Ireland,WG,Wages,EUR,Euro,A,Annual,V,Current prices,MEAN,Mean,_Z,Not applicable,2020,,51343.234,,,,A,Normal value,0,Units,0,Zero
DATAFLOW,OECD.ELS.SAE:DSD_EARNINGS@AV_AN_WAGE(1.0),Average annual wages,I,IRL,Ireland,WG,Wages,EUR,Euro,A,Annual,V,Current prices,MEAN,Mean,_Z,Not applicable,2021,,53006.189,,,,A,Normal value,0,Units,0,Zero
DATAFLOW,OECD.ELS.SAE:DSD_EARNINGS@AV_AN_WAGE(1.0),Average annual wages,I,IRL,Ireland,WG,Wages,EUR,Euro,A,Annual,V,Current prices,MEAN,Mean,_Z,Not applicable,2022,,54525.327,,,,A,Normal value,0,Units,0,Zero
DATAFLOW,OECD.ELS.SAE:DSD_EARNINGS@AV_AN_WAGE(1.0),Average annual wages,I,IRL,Ireland,WG,Wages,EUR,Euro,A,Annual,V,Current prices,MEAN,Mean,_Z,Not applicable,2023,,58837.21,,,,A,Normal value,0,Units,0,Zero
DATAFLOW,OECD.ELS.SAE:DSD_EARNINGS@AV_AN_WAGE(1.0),Average annual wages,I,IRL,Ireland,WG,Wages,EUR,Euro,A,Annual,V,Current prices,MEAN,Mean,_Z,Not applicable,2024,,61306.354,,,,A,Normal value,0,Units,0,Zero
DATAFLOW,OECD.ELS.SAE:DSD_EARNINGS@AV_AN_WAGE(1.0),Average annual wages,I,IRL,Ireland,WG,Wages,EUR,Euro,A,Annual,V,Current prices,MEAN,Mean,_Z,Not applicable,2025,,63379.4,,,,A,Normal value,0,Units,0,Zero
DATAFLOW,OECD.ELS.SAE:DSD_EARNINGS@AV_AN_WAGE(1.0),Average annual wages,I,ITA,Italy,WG,Wages,EUR,Euro,A,Annual,V,Current prices,MEAN,Mean,_Z,Not applicable,1990,,14452.458,,,,A,Normal value,0,Units,0,Zero
DATAFLOW,OECD.ELS.SAE:DSD_EARNINGS@AV_AN_WAGE(1.0),Average annual wages,I,ITA,Italy,WG,Wages,EUR,Euro,A,Annual,V,Current prices,MEAN,Mean,_Z,Not applicable,1991,,15568.203,,,,A,Normal value,0,Units,0,Zero
DATAFLOW,OECD.ELS.SAE:DSD_EARNINGS@AV_AN_WAGE(1.0),Average annual wages,I,ITA,Italy,WG,Wages,EUR,Euro,A,Annual,V,Current prices,MEAN,Mean,_Z,Not applicable,1992,,16356.293,,,,A,Normal value,0,Units,0,Zero
DATAFLOW,OECD.ELS.SAE:DSD_EARNINGS@AV_AN_WAGE(1.0),Average annual wages,I,ITA,Italy,WG,Wages,EUR,Euro,A,Annual,V,Current prices,MEAN,Mean,_Z,Not applicable,1993,,16967.882,,,,A,Normal value,0,Units,0,Zero
DATAFLOW,OECD.ELS.SAE:DSD_EARNINGS@AV_AN_WAGE(1.0),Average annual wages,I,ITA,Italy,WG,Wages,EUR,Euro,A,Annual,V,Current prices,MEAN,Mean,_Z,Not applicable,1994,,17601.013,,,,A,Normal value,0,Units,0,Zero
DATAFLOW,OECD.ELS.SAE:DSD_EARNINGS@AV_AN_WAGE(1.0),Average annual wages,I,ITA,Italy,WG,Wages,EUR,Euro,A,Annual,V,Current prices,MEAN,Mean,_Z,Not applicable,1995,,18261.726,,,,A,Normal value,0,Units,0,Zero
DATAFLOW,OECD.ELS.SAE:DSD_EARNINGS@AV_AN_WAGE(1.0),Average annual wages,I,ITA,Italy,WG,Wages,EUR,Euro,A,Annual,V,Current prices,MEAN,Mean,_Z,Not applicable,1996,,19177.995,,,,A,Normal value,0,Units,0,Zero
DATAFLOW,OECD.ELS.SAE:DSD_EARNINGS@AV_AN_WAGE(1.0),Average annual wages,I,ITA,Italy,WG,Wages,EUR,Euro,A,Annual,V,Current prices,MEAN,Mean,_Z,Not applicable,1997,,20092.245,,,,A,Normal value,0,Units,0,Zero
DATAFLOW,OECD.ELS.SAE:DSD_EARNINGS@AV_AN_WAGE(1.0),Average annual wages,I,ITA,Italy,WG,Wages,EUR,Euro,A,Annual,V,Current prices,MEAN,Mean,_Z,Not applicable,1998,,20541.02,,,,A,Normal value,0,Units,0,Zero
DATAFLOW,OECD.ELS.SAE:DSD_EARNINGS@AV_AN_WAGE(1.0),Average annual wages,I,ITA,Italy,WG,Wages,EUR,Euro,A,Annual,V,Current prices,MEAN,Mean,_Z,Not applicable,1999,,21109.692,,,,A,Normal value,0,Units,0,Zero
DATAFLOW,OECD.ELS.SAE:DSD_EARNINGS@AV_AN_WAGE(1.0),Average annual wages,I,ITA,Italy,WG,Wages,EUR,Euro,A,Annual,V,Current prices,MEAN,Mean,_Z,Not applicable,2000,,21767.387,,,,A,Normal value,0,Units,0,Zero
DATAFLOW,OECD.ELS.SAE:DSD_EARNINGS@AV_AN_WAGE(1.0),Average annual wages,I,ITA,Italy,WG,Wages,EUR,Euro,A,Annual,V,Current prices,MEAN,Mean,_Z,Not applicable,2001,,22478.552,,,,A,Normal value,0,Units,0,Zero
DATAFLOW,OECD.ELS.SAE:DSD_EARNINGS@AV_AN_WAGE(1.0),Average annual wages,I,ITA,Italy,WG,Wages,EUR,Euro,A,Annual,V,Current prices,MEAN,Mean,_Z,Not applicable,2002,,22919.67,,,,A,Normal value,0,Units,0,Zero
DATAFLOW,OECD.ELS.SAE:DSD_EARNINGS@AV_AN_WAGE(1.0),Average annual wages,I,ITA,Italy,WG,Wages,EUR,Euro,A,Annual,V,Current prices,MEAN,Mean,_Z,Not applicable,2003,,23499.927,,,,A,Normal value,0,Units,0,Zero
DATAFLOW,OECD.ELS.SAE:DSD_EARNINGS@AV_AN_WAGE(1.0),Average annual wages,I,ITA,Italy,WG,Wages,EUR,Euro,A,Annual,V,Current prices,MEAN,Mean,_Z,Not applicable,2004,,24572.634,,,,A,Normal value,0,Units,0,Zero
DATAFLOW,OECD.ELS.SAE:DSD_EARNINGS@AV_AN_WAGE(1.0),Average annual wages,I,ITA,Italy,WG,Wages,EUR,Euro,A,Annual,V,Current prices,MEAN,Mean,_Z,Not applicable,2005,,25372.174,,,,A,Normal value,0,Units,0,Zero
DATAFLOW,OECD.ELS.SAE:DSD_EARNINGS@AV_AN_WAGE(1.0),Average annual wages,I,ITA,Italy,WG,Wages,EUR,Euro,A,Annual,V,Current prices,MEAN,Mean,_Z,Not applicable,2006,,26220.873,,,,A,Normal value,0,Units,0,Zero
DATAFLOW,OECD.ELS.SAE:DSD_EARNINGS@AV_AN_WAGE(1.0),Average annual wages,I,ITA,Italy,WG,Wages,EUR,Euro,A,Annual,V,Current prices,MEAN,Mean,_Z,Not applicable,2007,,26780.139,,,,A,Normal value,0,Units,0,Zero
DATAFLOW,OECD.ELS.SAE:DSD_EARNINGS@AV_AN_WAGE(1.0),Average annual wages,I,ITA,Italy,WG,Wages,EUR,Euro,A,Annual,V,Current prices,MEAN,Mean,_Z,Not applicable,2008,,27621.153,,,,A,Normal value,0,Units,0,Zero
DATAFLOW,OECD.ELS.SAE:DSD_EARNINGS@AV_AN_WAGE(1.0),Average annual wages,I,ITA,Italy,WG,Wages,EUR,Euro,A,Annual,V,Current prices,MEAN,Mean,_Z,Not applicable,2009,,27651.789,,,,A,Normal value,0,Units,0,Zero
DATAFLOW,OECD.ELS.SAE:DSD_EARNINGS@AV_AN_WAGE(1.0),Average annual wages,I,ITA,Italy,WG,Wages,EUR,Euro,A,Annual,V,Current prices,MEAN,Mean,_Z,Not applicable,2010,,28328.488,,,,A,Normal value,0,Units,0,Zero
DATAFLOW,OECD.ELS.SAE:DSD_EARNINGS@AV_AN_WAGE(1.0),Average annual wages,I,ITA,Italy,WG,Wages,EUR,Euro,A,Annual,V,Current prices,MEAN,Mean,_Z,Not applicable,2011,,28708.157,,,,A,Normal value,0,Units,0,Zero
DATAFLOW,OECD.ELS.SAE:DSD_EARNINGS@AV_AN_WAGE(1.0),Average annual wages,I,ITA,Italy,WG,Wages,EUR,Euro,A,Annual,V,Current prices,MEAN,Mean,_Z,Not applicable,2012,,28546.96,,,,A,Normal value,0,Units,0,Zero
DATAFLOW,OECD.ELS.SAE:DSD_EARNINGS@AV_AN_WAGE(1.0),Average annual wages,I,ITA,Italy,WG,Wages,EUR,Euro,A,Annual,V,Current prices,MEAN,Mean,_Z,Not applicable,2013,,28945.391,,,,A,Normal value,0,Units,0,Zero
DATAFLOW,OECD.ELS.SAE:DSD_EARNINGS@AV_AN_WAGE(1.0),Average annual wages,I,ITA,Italy,WG,Wages,EUR,Euro,A,Annual,V,Current prices,MEAN,Mean,_Z,Not applicable,2014,,29160.471,,,,A,Normal value,0,Units,0,Zero
DATAFLOW,OECD.ELS.SAE:DSD_EARNINGS@AV_AN_WAGE(1.0),Average annual wages,I,ITA,Italy,WG,Wages,EUR,Euro,A,Annual,V,Current prices,MEAN,Mean,_Z,Not applicable,2015,,29472.87,,,,A,Normal value,0,Units,0,Zero
DATAFLOW,OECD.ELS.SAE:DSD_EARNINGS@AV_AN_WAGE(1.0),Average annual wages,I,ITA,Italy,WG,Wages,EUR,Euro,A,Annual,V,Current prices,MEAN,Mean,_Z,Not applicable,2016,,29744.19,,,,A,Normal value,0,Units,0,Zero
DATAFLOW,OECD.ELS.SAE:DSD_EARNINGS@AV_AN_WAGE(1.0),Average annual wages,I,ITA,Italy,WG,Wages,EUR,Euro,A,Annual,V,Current prices,MEAN,Mean,_Z,Not applicable,2017,,29878.528,,,,A,Normal value,0,Units,0,Zero
DATAFLOW,OECD.ELS.SAE:DSD_EARNINGS@AV_AN_WAGE(1.0),Average annual wages,I,ITA,Italy,WG,Wages,EUR,Euro,A,Annual,V,Current prices,MEAN,Mean,_Z,Not applicable,2018,,30097.774,,,,A,Normal value,0,Units,0,Zero
DATAFLOW,OECD.ELS.SAE:DSD_EARNINGS@AV_AN_WAGE(1.0),Average annual wages,I,ITA,Italy,WG,Wages,EUR,Euro,A,Annual,V,Current prices,MEAN,Mean,_Z,Not applicable,2019,,30444.17,,,,A,Normal value,0,Units,0,Zero
DATAFLOW,OECD.ELS.SAE:DSD_EARNINGS@AV_AN_WAGE(1.0),Average annual wages,I,ITA,Italy,WG,Wages,EUR,Euro,A,Annual,V,Current prices,MEAN,Mean,_Z,Not applicable,2020,,29051.818,,,,A,Normal value,0,Units,0,Zero
DATAFLOW,OECD.ELS.SAE:DSD_EARNINGS@AV_AN_WAGE(1.0),Average annual wages,I,ITA,Italy,WG,Wages,EUR,Euro,A,Annual,V,Current prices,MEAN,Mean,_Z,Not applicable,2021,,30973.615,,,,A,Normal value,0,Units,0,Zero
DATAFLOW,OECD.ELS.SAE:DSD_EARNINGS@AV_AN_WAGE(1.0),Average annual wages,I,ITA,Italy,WG,Wages,EUR,Euro,A,Annual,V,Current prices,MEAN,Mean,_Z,Not applicable,2022,,32110.248,,,,A,Normal value,0,Units,0,Zero
DATAFLOW,OECD.ELS.SAE:DSD_EARNINGS@AV_AN_WAGE(1.0),Average annual wages,I,ITA,Italy,WG,Wages,EUR,Euro,A,Annual,V,Current prices,MEAN,Mean,_Z,Not applicable,2023,,32949.627,,,,A,Normal value,0,Units,0,Zero
DATAFLOW,OECD.ELS.SAE:DSD_EARNINGS@AV_AN_WAGE(1.0),Average annual wages,I,ITA,Italy,WG,Wages,EUR,Euro,A,Annual,V,Current prices,MEAN,Mean,_Z,Not applicable,2024,,33842.465,,,,A,Normal value,0,Units,0,Zero
DATAFLOW,OECD.ELS.SAE:DSD_EARNINGS@AV_AN_WAGE(1.0),Average annual wages,I,ITA,Italy,WG,Wages,EUR,Euro,A,Annual,V,Current prices,MEAN,Mean,_Z,Not applicable,2025,,34732.901,,,,A,Normal value,0,Units,0,Zero
DATAFLOW,OECD.ELS.SAE:DSD_EARNINGS@AV_AN_WAGE(1.0),Average annual wages,I,LVA,Latvia,WG,Wages,EUR,Euro,A,Annual,V,Current prices,MEAN,Mean,_Z,Not applicable,1996,,2161.648,,,,A,Normal value,0,Units,0,Zero
DATAFLOW,OECD.ELS.SAE:DSD_EARNINGS@AV_AN_WAGE(1.0),Average annual wages,I,LVA,Latvia,WG,Wages,EUR,Euro,A,Annual,V,Current prices,MEAN,Mean,_Z,Not applicable,1997,,2435.014,,,,A,Normal value,0,Units,0,Zero
DATAFLOW,OECD.ELS.SAE:DSD_EARNINGS@AV_AN_WAGE(1.0),Average annual wages,I,LVA,Latvia,WG,Wages,EUR,Euro,A,Annual,V,Current prices,MEAN,Mean,_Z,Not applicable,1998,,2639.298,,,,A,Normal value,0,Units,0,Zero
DATAFLOW,OECD.ELS.SAE:DSD_EARNINGS@AV_AN_WAGE(1.0),Average annual wages,I,LVA,Latvia,WG,Wages,EUR,Euro,A,Annual,V,Current prices,MEAN,Mean,_Z,Not applicable,1999,,2833.013,,,,A,Normal value,0,Units,0,Zero
DATAFLOW,OECD.ELS.SAE:DSD_EARNINGS@AV_AN_WAGE(1.0),Average annual wages,I,LVA,Latvia,WG,Wages,EUR,Euro,A,Annual,V,Current prices,MEAN,Mean,_Z,Not applicable,2000,,3069.811,,,,A,Normal value,0,Units,0,Zero
DATAFLOW,OECD.ELS.SAE:DSD_EARNINGS@AV_AN_WAGE(1.0),Average annual wages,I,LVA,Latvia,WG,Wages,EUR,Euro,A,Annual,V,Current prices,MEAN,Mean,_Z,Not applicable,2001,,3245.248,,,,A,Normal value,0,Units,0,Zero
DATAFLOW,OECD.ELS.SAE:DSD_EARNINGS@AV_AN_WAGE(1.0),Average annual wages,I,LVA,Latvia,WG,Wages,EUR,Euro,A,Annual,V,Current prices,MEAN,Mean,_Z,Not applicable,2002,,3322.461,,,,A,Normal value,0,Units,0,Zero
DATAFLOW,OECD.ELS.SAE:DSD_EARNINGS@AV_AN_WAGE(1.0),Average annual wages,I,LVA,Latvia,WG,Wages,EUR,Euro,A,Annual,V,Current prices,MEAN,Mean,_Z,Not applicable,2003,,3750.272,,,,A,Normal value,0,Units,0,Zero
DATAFLOW,OECD.ELS.SAE:DSD_EARNINGS@AV_AN_WAGE(1.0),Average annual wages,I,LVA,Latvia,WG,Wages,EUR,Euro,A,Annual,V,Current prices,MEAN,Mean,_Z,Not applicable,2004,,4332.678,,,,A,Normal value,0,Units,0,Zero
DATAFLOW,OECD.ELS.SAE:DSD_EARNINGS@AV_AN_WAGE(1.0),Average annual wages,I,LVA,Latvia,WG,Wages,EUR,Euro,A,Annual,V,Current prices,MEAN,Mean,_Z,Not applicable,2005,,5529.871,,,,A,Normal value,0,Units,0,Zero
DATAFLOW,OECD.ELS.SAE:DSD_EARNINGS@AV_AN_WAGE(1.0),Average annual wages,I,LVA,Latvia,WG,Wages,EUR,Euro,A,Annual,V,Current prices,MEAN,Mean,_Z,Not applicable,2006,,6723.716,,,,A,Normal value,0,Units,0,Zero
DATAFLOW,OECD.ELS.SAE:DSD_EARNINGS@AV_AN_WAGE(1.0),Average annual wages,I,LVA,Latvia,WG,Wages,EUR,Euro,A,Annual,V,Current prices,MEAN,Mean,_Z,Not applicable,2007,,9253.068,,,,A,Normal value,0,Units,0,Zero
DATAFLOW,OECD.ELS.SAE:DSD_EARNINGS@AV_AN_WAGE(1.0),Average annual wages,I,LVA,Latvia,WG,Wages,EUR,Euro,A,Annual,V,Current prices,MEAN,Mean,_Z,Not applicable,2008,,10834.595,,,,A,Normal value,0,Units,0,Zero
DATAFLOW,OECD.ELS.SAE:DSD_EARNINGS@AV_AN_WAGE(1.0),Average annual wages,I,LVA,Latvia,WG,Wages,EUR,Euro,A,Annual,V,Current prices,MEAN,Mean,_Z,Not applicable,2009,,9420.604,,,,A,Normal value,0,Units,0,Zero
DATAFLOW,OECD.ELS.SAE:DSD_EARNINGS@AV_AN_WAGE(1.0),Average annual wages,I,LVA,Latvia,WG,Wages,EUR,Euro,A,Annual,V,Current prices,MEAN,Mean,_Z,Not applicable,2010,,8832.508,,,,A,Normal value,0,Units,0,Zero
DATAFLOW,OECD.ELS.SAE:DSD_EARNINGS@AV_AN_WAGE(1.0),Average annual wages,I,LVA,Latvia,WG,Wages,EUR,Euro,A,Annual,V,Current prices,MEAN,Mean,_Z,Not applicable,2011,,9058.286,,,,A,Normal value,0,Units,0,Zero
DATAFLOW,OECD.ELS.SAE:DSD_EARNINGS@AV_AN_WAGE(1.0),Average annual wages,I,LVA,Latvia,WG,Wages,EUR,Euro,A,Annual,V,Current prices,MEAN,Mean,_Z,Not applicable,2012,,9731.824,,,,A,Normal value,0,Units,0,Zero
DATAFLOW,OECD.ELS.SAE:DSD_EARNINGS@AV_AN_WAGE(1.0),Average annual wages,I,LVA,Latvia,WG,Wages,EUR,Euro,A,Annual,V,Current prices,MEAN,Mean,_Z,Not applicable,2013,,10258.744,,,,A,Normal value,0,Units,0,Zero
DATAFLOW,OECD.ELS.SAE:DSD_EARNINGS@AV_AN_WAGE(1.0),Average annual wages,I,LVA,Latvia,WG,Wages,EUR,Euro,A,Annual,V,Current prices,MEAN,Mean,_Z,Not applicable,2014,,11066.762,,,,A,Normal value,0,Units,0,Zero
DATAFLOW,OECD.ELS.SAE:DSD_EARNINGS@AV_AN_WAGE(1.0),Average annual wages,I,LVA,Latvia,WG,Wages,EUR,Euro,A,Annual,V,Current prices,MEAN,Mean,_Z,Not applicable,2015,,11971.839,,,,A,Normal value,0,Units,0,Zero
DATAFLOW,OECD.ELS.SAE:DSD_EARNINGS@AV_AN_WAGE(1.0),Average annual wages,I,LVA,Latvia,WG,Wages,EUR,Euro,A,Annual,V,Current prices,MEAN,Mean,_Z,Not applicable,2016,,12719.323,,,,A,Normal value,0,Units,0,Zero
DATAFLOW,OECD.ELS.SAE:DSD_EARNINGS@AV_AN_WAGE(1.0),Average annual wages,I,LVA,Latvia,WG,Wages,EUR,Euro,A,Annual,V,Current prices,MEAN,Mean,_Z,Not applicable,2017,,13564.985,,,,A,Normal value,0,Units,0,Zero
DATAFLOW,OECD.ELS.SAE:DSD_EARNINGS@AV_AN_WAGE(1.0),Average annual wages,I,LVA,Latvia,WG,Wages,EUR,Euro,A,Annual,V,Current prices,MEAN,Mean,_Z,Not applicable,2018,,14526.137,,,,A,Normal value,0,Units,0,Zero
DATAFLOW,OECD.ELS.SAE:DSD_EARNINGS@AV_AN_WAGE(1.0),Average annual wages,I,LVA,Latvia,WG,Wages,EUR,Euro,A,Annual,V,Current prices,MEAN,Mean,_Z,Not applicable,2019,,15682.868,,,,A,Normal value,0,Units,0,Zero
DATAFLOW,OECD.ELS.SAE:DSD_EARNINGS@AV_AN_WAGE(1.0),Average annual wages,I,LVA,Latvia,WG,Wages,EUR,Euro,A,Annual,V,Current prices,MEAN,Mean,_Z,Not applicable,2020,,16295.48,,,,A,Normal value,0,Units,0,Zero
DATAFLOW,OECD.ELS.SAE:DSD_EARNINGS@AV_AN_WAGE(1.0),Average annual wages,I,LVA,Latvia,WG,Wages,EUR,Euro,A,Annual,V,Current prices,MEAN,Mean,_Z,Not applicable,2021,,17879.058,,,,A,Normal value,0,Units,0,Zero
DATAFLOW,OECD.ELS.SAE:DSD_EARNINGS@AV_AN_WAGE(1.0),Average annual wages,I,LVA,Latvia,WG,Wages,EUR,Euro,A,Annual,V,Current prices,MEAN,Mean,_Z,Not applicable,2022,,19554.27,,,,A,Normal value,0,Units,0,Zero
DATAFLOW,OECD.ELS.SAE:DSD_EARNINGS@AV_AN_WAGE(1.0),Average annual wages,I,LVA,Latvia,WG,Wages,EUR,Euro,A,Annual,V,Current prices,MEAN,Mean,_Z,Not applicable,2023,,21064.86,,,,A,Normal value,0,Units,0,Zero
DATAFLOW,OECD.ELS.SAE:DSD_EARNINGS@AV_AN_WAGE(1.0),Average annual wages,I,LVA,Latvia,WG,Wages,EUR,Euro,A,Annual,V,Current prices,MEAN,Mean,_Z,Not applicable,2024,,23052.696,,,,A,Normal value,0,Units,0,Zero
DATAFLOW,OECD.ELS.SAE:DSD_EARNINGS@AV_AN_WAGE(1.0),Average annual wages,I,LVA,Latvia,WG,Wages,EUR,Euro,A,Annual,V,Current prices,MEAN,Mean,_Z,Not applicable,2025,,24684.866,,,,A,Normal value,0,Units,0,Zero
DATAFLOW,OECD.ELS.SAE:DSD_EARNINGS@AV_AN_WAGE(1.0),Average annual wages,I,LTU,Lithuania,WG,Wages,EUR,Euro,A,Annual,V,Current prices,MEAN,Mean,_Z,Not applicable,1995,,2457.021,,,,A,Normal value,0,Units,0,Zero
DATAFLOW,OECD.ELS.SAE:DSD_EARNINGS@AV_AN_WAGE(1.0),Average annual wages,I,LTU,Lithuania,WG,Wages,EUR,Euro,A,Annual,V,Current prices,MEAN,Mean,_Z,Not applicable,1996,,3233.746,,,,A,Normal value,0,Units,0,Zero
DATAFLOW,OECD.ELS.SAE:DSD_EARNINGS@AV_AN_WAGE(1.0),Average annual wages,I,LTU,Lithuania,WG,Wages,EUR,Euro,A,Annual,V,Current prices,MEAN,Mean,_Z,Not applicable,1997,,3907.274,,,,A,Normal value,0,Units,0,Zero
DATAFLOW,OECD.ELS.SAE:DSD_EARNINGS@AV_AN_WAGE(1.0),Average annual wages,I,LTU,Lithuania,WG,Wages,EUR,Euro,A,Annual,V,Current prices,MEAN,Mean,_Z,Not applicable,1998,,4511.829,,,,A,Normal value,0,Units,0,Zero
DATAFLOW,OECD.ELS.SAE:DSD_EARNINGS@AV_AN_WAGE(1.0),Average annual wages,I,LTU,Lithuania,WG,Wages,EUR,Euro,A,Annual,V,Current prices,MEAN,Mean,_Z,Not applicable,1999,,4654.919,,,,A,Normal value,0,Units,0,Zero
DATAFLOW,OECD.ELS.SAE:DSD_EARNINGS@AV_AN_WAGE(1.0),Average annual wages,I,LTU,Lithuania,WG,Wages,EUR,Euro,A,Annual,V,Current prices,MEAN,Mean,_Z,Not applicable,2000,,4592.256,,,,A,Normal value,0,Units,0,Zero
DATAFLOW,OECD.ELS.SAE:DSD_EARNINGS@AV_AN_WAGE(1.0),Average annual wages,I,LTU,Lithuania,WG,Wages,EUR,Euro,A,Annual,V,Current prices,MEAN,Mean,_Z,Not applicable,2001,,4959.913,,,,A,Normal value,0,Units,0,Zero
DATAFLOW,OECD.ELS.SAE:DSD_EARNINGS@AV_AN_WAGE(1.0),Average annual wages,I,LTU,Lithuania,WG,Wages,EUR,Euro,A,Annual,V,Current prices,MEAN,Mean,_Z,Not applicable,2002,,5271.557,,,,A,Normal value,0,Units,0,Zero
DATAFLOW,OECD.ELS.SAE:DSD_EARNINGS@AV_AN_WAGE(1.0),Average annual wages,I,LTU,Lithuania,WG,Wages,EUR,Euro,A,Annual,V,Current prices,MEAN,Mean,_Z,Not applicable,2003,,5746.993,,,,A,Normal value,0,Units,0,Zero
DATAFLOW,OECD.ELS.SAE:DSD_EARNINGS@AV_AN_WAGE(1.0),Average annual wages,I,LTU,Lithuania,WG,Wages,EUR,Euro,A,Annual,V,Current prices,MEAN,Mean,_Z,Not applicable,2004,,6367.22,,,,A,Normal value,0,Units,0,Zero
DATAFLOW,OECD.ELS.SAE:DSD_EARNINGS@AV_AN_WAGE(1.0),Average annual wages,I,LTU,Lithuania,WG,Wages,EUR,Euro,A,Annual,V,Current prices,MEAN,Mean,_Z,Not applicable,2005,,7198.529,,,,A,Normal value,0,Units,0,Zero
DATAFLOW,OECD.ELS.SAE:DSD_EARNINGS@AV_AN_WAGE(1.0),Average annual wages,I,LTU,Lithuania,WG,Wages,EUR,Euro,A,Annual,V,Current prices,MEAN,Mean,_Z,Not applicable,2006,,8623.404,,,,A,Normal value,0,Units,0,Zero
DATAFLOW,OECD.ELS.SAE:DSD_EARNINGS@AV_AN_WAGE(1.0),Average annual wages,I,LTU,Lithuania,WG,Wages,EUR,Euro,A,Annual,V,Current prices,MEAN,Mean,_Z,Not applicable,2007,,9718.631,,,,A,Normal value,0,Units,0,Zero
DATAFLOW,OECD.ELS.SAE:DSD_EARNINGS@AV_AN_WAGE(1.0),Average annual wages,I,LTU,Lithuania,WG,Wages,EUR,Euro,A,Annual,V,Current prices,MEAN,Mean,_Z,Not applicable,2008,,10956.157,,,,A,Normal value,0,Units,0,Zero
DATAFLOW,OECD.ELS.SAE:DSD_EARNINGS@AV_AN_WAGE(1.0),Average annual wages,I,LTU,Lithuania,WG,Wages,EUR,Euro,A,Annual,V,Current prices,MEAN,Mean,_Z,Not applicable,2009,,9973.205,,,,A,Normal value,0,Units,0,Zero
DATAFLOW,OECD.ELS.SAE:DSD_EARNINGS@AV_AN_WAGE(1.0),Average annual wages,I,LTU,Lithuania,WG,Wages,EUR,Euro,A,Annual,V,Current prices,MEAN,Mean,_Z,Not applicable,2010,,10142.667,,,,A,Normal value,0,Units,0,Zero
DATAFLOW,OECD.ELS.SAE:DSD_EARNINGS@AV_AN_WAGE(1.0),Average annual wages,I,LTU,Lithuania,WG,Wages,EUR,Euro,A,Annual,V,Current prices,MEAN,Mean,_Z,Not applicable,2011,,10824.741,,,,A,Normal value,0,Units,0,Zero
DATAFLOW,OECD.ELS.SAE:DSD_EARNINGS@AV_AN_WAGE(1.0),Average annual wages,I,LTU,Lithuania,WG,Wages,EUR,Euro,A,Annual,V,Current prices,MEAN,Mean,_Z,Not applicable,2012,,11381.954,,,,A,Normal value,0,Units,0,Zero
DATAFLOW,OECD.ELS.SAE:DSD_EARNINGS@AV_AN_WAGE(1.0),Average annual wages,I,LTU,Lithuania,WG,Wages,EUR,Euro,A,Annual,V,Current prices,MEAN,Mean,_Z,Not applicable,2013,,11900.094,,,,A,Normal value,0,Units,0,Zero
DATAFLOW,OECD.ELS.SAE:DSD_EARNINGS@AV_AN_WAGE(1.0),Average annual wages,I,LTU,Lithuania,WG,Wages,EUR,Euro,A,Annual,V,Current prices,MEAN,Mean,_Z,Not applicable,2014,,12448.668,,,,A,Normal value,0,Units,0,Zero
DATAFLOW,OECD.ELS.SAE:DSD_EARNINGS@AV_AN_WAGE(1.0),Average annual wages,I,LTU,Lithuania,WG,Wages,EUR,Euro,A,Annual,V,Current prices,MEAN,Mean,_Z,Not applicable,2015,,13102.081,,,,A,Normal value,0,Units,0,Zero
DATAFLOW,OECD.ELS.SAE:DSD_EARNINGS@AV_AN_WAGE(1.0),Average annual wages,I,LTU,Lithuania,WG,Wages,EUR,Euro,A,Annual,V,Current prices,MEAN,Mean,_Z,Not applicable,2016,,13881.588,,,,A,Normal value,0,Units,0,Zero
DATAFLOW,OECD.ELS.SAE:DSD_EARNINGS@AV_AN_WAGE(1.0),Average annual wages,I,LTU,Lithuania,WG,Wages,EUR,Euro,A,Annual,V,Current prices,MEAN,Mean,_Z,Not applicable,2017,,15178.114,,,,A,Normal value,0,Units,0,Zero
DATAFLOW,OECD.ELS.SAE:DSD_EARNINGS@AV_AN_WAGE(1.0),Average annual wages,I,LTU,Lithuania,WG,Wages,EUR,Euro,A,Annual,V,Current prices,MEAN,Mean,_Z,Not applicable,2018,,16281.962,,,,A,Normal value,0,Units,0,Zero
DATAFLOW,OECD.ELS.SAE:DSD_EARNINGS@AV_AN_WAGE(1.0),Average annual wages,I,LTU,Lithuania,WG,Wages,EUR,Euro,A,Annual,V,Current prices,MEAN,Mean,_Z,Not applicable,2019,,18355.048,,,,A,Normal value,0,Units,0,Zero
DATAFLOW,OECD.ELS.SAE:DSD_EARNINGS@AV_AN_WAGE(1.0),Average annual wages,I,LTU,Lithuania,WG,Wages,EUR,Euro,A,Annual,V,Current prices,MEAN,Mean,_Z,Not applicable,2020,,19537.538,,,,A,Normal value,0,Units,0,Zero
DATAFLOW,OECD.ELS.SAE:DSD_EARNINGS@AV_AN_WAGE(1.0),Average annual wages,I,LTU,Lithuania,WG,Wages,EUR,Euro,A,Annual,V,Current prices,MEAN,Mean,_Z,Not applicable,2021,,21712.736,,,,A,Normal value,0,Units,0,Zero
DATAFLOW,OECD.ELS.SAE:DSD_EARNINGS@AV_AN_WAGE(1.0),Average annual wages,I,LTU,Lithuania,WG,Wages,EUR,Euro,A,Annual,V,Current prices,MEAN,Mean,_Z,Not applicable,2022,,24234.733,,,,A,Normal value,0,Units,0,Zero
DATAFLOW,OECD.ELS.SAE:DSD_EARNINGS@AV_AN_WAGE(1.0),Average annual wages,I,LTU,Lithuania,WG,Wages,EUR,Euro,A,Annual,V,Current prices,MEAN,Mean,_Z,Not applicable,2023,,27140.948,,,,A,Normal value,0,Units,0,Zero
DATAFLOW,OECD.ELS.SAE:DSD_EARNINGS@AV_AN_WAGE(1.0),Average annual wages,I,LTU,Lithuania,WG,Wages,EUR,Euro,A,Annual,V,Current prices,MEAN,Mean,_Z,Not applicable,2024,,29130.508,,,,A,Normal value,0,Units,0,Zero
DATAFLOW,OECD.ELS.SAE:DSD_EARNINGS@AV_AN_WAGE(1.0),Average annual wages,I,LTU,Lithuania,WG,Wages,EUR,Euro,A,Annual,V,Current prices,MEAN,Mean,_Z,Not applicable,2025,,31939.415,,,,A,Normal value,0,Units,0,Zero
DATAFLOW,OECD.ELS.SAE:DSD_EARNINGS@AV_AN_WAGE(1.0),Average annual wages,I,LUX,Luxembourg,WG,Wages,EUR,Euro,A,Annual,V,Current prices,MEAN,Mean,_Z,Not applicable,1997,,35610.071,,,,A,Normal value,0,Units,0,Zero
DATAFLOW,OECD.ELS.SAE:DSD_EARNINGS@AV_AN_WAGE(1.0),Average annual wages,I,LUX,Luxembourg,WG,Wages,EUR,Euro,A,Annual,V,Current prices,MEAN,Mean,_Z,Not applicable,2006,,48980.354,,,,A,Normal value,0,Units,0,Zero
DATAFLOW,OECD.ELS.SAE:DSD_EARNINGS@AV_AN_WAGE(1.0),Average annual wages,I,LUX,Luxembourg,WG,Wages,EUR,Euro,A,Annual,V,Current prices,MEAN,Mean,_Z,Not applicable,2007,,51390.591,,,,A,Normal value,0,Units,0,Zero
DATAFLOW,OECD.ELS.SAE:DSD_EARNINGS@AV_AN_WAGE(1.0),Average annual wages,I,LUX,Luxembourg,WG,Wages,EUR,Euro,A,Annual,V,Current prices,MEAN,Mean,_Z,Not applicable,2008,,52696.905,,,,A,Normal value,0,Units,0,Zero
DATAFLOW,OECD.ELS.SAE:DSD_EARNINGS@AV_AN_WAGE(1.0),Average annual wages,I,LUX,Luxembourg,WG,Wages,EUR,Euro,A,Annual,V,Current prices,MEAN,Mean,_Z,Not applicable,2009,,53754.664,,,,A,Normal value,0,Units,0,Zero
DATAFLOW,OECD.ELS.SAE:DSD_EARNINGS@AV_AN_WAGE(1.0),Average annual wages,I,LUX,Luxembourg,WG,Wages,EUR,Euro,A,Annual,V,Current prices,MEAN,Mean,_Z,Not applicable,2012,,57443.491,,,,A,Normal value,0,Units,0,Zero
DATAFLOW,OECD.ELS.SAE:DSD_EARNINGS@AV_AN_WAGE(1.0),Average annual wages,I,LUX,Luxembourg,WG,Wages,EUR,Euro,A,Annual,V,Current prices,MEAN,Mean,_Z,Not applicable,2014,,60426.856,,,,A,Normal value,0,Units,0,Zero
DATAFLOW,OECD.ELS.SAE:DSD_EARNINGS@AV_AN_WAGE(1.0),Average annual wages,I,LUX,Luxembourg,WG,Wages,EUR,Euro,A,Annual,V,Current prices,MEAN,Mean,_Z,Not applicable,2015,,61292.793,,,,A,Normal value,0,Units,0,Zero
DATAFLOW,OECD.ELS.SAE:DSD_EARNINGS@AV_AN_WAGE(1.0),Average annual wages,I,LUX,Luxembourg,WG,Wages,EUR,Euro,A,Annual,V,Current prices,MEAN,Mean,_Z,Not applicable,2016,,61584.584,,,,A,Normal value,0,Units,0,Zero
DATAFLOW,OECD.ELS.SAE:DSD_EARNINGS@AV_AN_WAGE(1.0),Average annual wages,I,LUX,Luxembourg,WG,Wages,EUR,Euro,A,Annual,V,Current prices,MEAN,Mean,_Z,Not applicable,2017,,63734.576,,,,A,Normal value,0,Units,0,Zero
DATAFLOW,OECD.ELS.SAE:DSD_EARNINGS@AV_AN_WAGE(1.0),Average annual wages,I,LUX,Luxembourg,WG,Wages,EUR,Euro,A,Annual,V,Current prices,MEAN,Mean,_Z,Not applicable,2018,,65297.494,,,,A,Normal value,0,Units,0,Zero
DATAFLOW,OECD.ELS.SAE:DSD_EARNINGS@AV_AN_WAGE(1.0),Average annual wages,I,LUX,Luxembourg,WG,Wages,EUR,Euro,A,Annual,V,Current prices,MEAN,Mean,_Z,Not applicable,2019,,66258.572,,,,A,Normal value,0,Units,0,Zero
DATAFLOW,OECD.ELS.SAE:DSD_EARNINGS@AV_AN_WAGE(1.0),Average annual wages,I,LUX,Luxembourg,WG,Wages,EUR,Euro,A,Annual,V,Current prices,MEAN,Mean,_Z,Not applicable,2020,,67487.593,,,,A,Normal value,0,Units,0,Zero
DATAFLOW,OECD.ELS.SAE:DSD_EARNINGS@AV_AN_WAGE(1.0),Average annual wages,I,LUX,Luxembourg,WG,Wages,EUR,Euro,A,Annual,V,Current prices,MEAN,Mean,_Z,Not applicable,2021,,71773.875,,,,A,Normal value,0,Units,0,Zero
DATAFLOW,OECD.ELS.SAE:DSD_EARNINGS@AV_AN_WAGE(1.0),Average annual wages,I,LUX,Luxembourg,WG,Wages,EUR,Euro,A,Annual,V,Current prices,MEAN,Mean,_Z,Not applicable,2022,,74473.39,,,,A,Normal value,0,Units,0,Zero
DATAFLOW,OECD.ELS.SAE:DSD_EARNINGS@AV_AN_WAGE(1.0),Average annual wages,I,LUX,Luxembourg,WG,Wages,EUR,Euro,A,Annual,V,Current prices,MEAN,Mean,_Z,Not applicable,2023,,80190.531,,,,A,Normal value,0,Units,0,Zero
DATAFLOW,OECD.ELS.SAE:DSD_EARNINGS@AV_AN_WAGE(1.0),Average annual wages,I,LUX,Luxembourg,WG,Wages,EUR,Euro,A,Annual,V,Current prices,MEAN,Mean,_Z,Not applicable,2024,,83294.011,,,,A,Normal value,0,Units,0,Zero
DATAFLOW,OECD.ELS.SAE:DSD_EARNINGS@AV_AN_WAGE(1.0),Average annual wages,I,LUX,Luxembourg,WG,Wages,EUR,Euro,A,Annual,V,Current prices,MEAN,Mean,_Z,Not applicable,2025,,86016.667,,,,A,Normal value,0,Units,0,Zero
DATAFLOW,OECD.ELS.SAE:DSD_EARNINGS@AV_AN_WAGE(1.0),Average annual wages,I,NLD,Netherlands,WG,Wages,EUR,Euro,A,Annual,V,Current prices,MEAN,Mean,_Z,Not applicable,1990,,24426.516,,,,A,Normal value,0,Units,0,Zero
DATAFLOW,OECD.ELS.SAE:DSD_EARNINGS@AV_AN_WAGE(1.0),Average annual wages,I,NLD,Netherlands,WG,Wages,EUR,Euro,A,Annual,V,Current prices,MEAN,Mean,_Z,Not applicable,1991,,25499.763,,,,A,Normal value,0,Units,0,Zero
DATAFLOW,OECD.ELS.SAE:DSD_EARNINGS@AV_AN_WAGE(1.0),Average annual wages,I,NLD,Netherlands,WG,Wages,EUR,Euro,A,Annual,V,Current prices,MEAN,Mean,_Z,Not applicable,1992,,26427.972,,,,A,Normal value,0,Units,0,Zero
DATAFLOW,OECD.ELS.SAE:DSD_EARNINGS@AV_AN_WAGE(1.0),Average annual wages,I,NLD,Netherlands,WG,Wages,EUR,Euro,A,Annual,V,Current prices,MEAN,Mean,_Z,Not applicable,1993,,27459.347,,,,A,Normal value,0,Units,0,Zero
DATAFLOW,OECD.ELS.SAE:DSD_EARNINGS@AV_AN_WAGE(1.0),Average annual wages,I,NLD,Netherlands,WG,Wages,EUR,Euro,A,Annual,V,Current prices,MEAN,Mean,_Z,Not applicable,1994,,28365.514,,,,A,Normal value,0,Units,0,Zero
DATAFLOW,OECD.ELS.SAE:DSD_EARNINGS@AV_AN_WAGE(1.0),Average annual wages,I,NLD,Netherlands,WG,Wages,EUR,Euro,A,Annual,V,Current prices,MEAN,Mean,_Z,Not applicable,1995,,28403.477,,,,A,Normal value,0,Units,0,Zero
DATAFLOW,OECD.ELS.SAE:DSD_EARNINGS@AV_AN_WAGE(1.0),Average annual wages,I,NLD,Netherlands,WG,Wages,EUR,Euro,A,Annual,V,Current prices,MEAN,Mean,_Z,Not applicable,1996,,28838.99,,,,A,Normal value,0,Units,0,Zero
DATAFLOW,OECD.ELS.SAE:DSD_EARNINGS@AV_AN_WAGE(1.0),Average annual wages,I,NLD,Netherlands,WG,Wages,EUR,Euro,A,Annual,V,Current prices,MEAN,Mean,_Z,Not applicable,1997,,29594.233,,,,A,Normal value,0,Units,0,Zero
DATAFLOW,OECD.ELS.SAE:DSD_EARNINGS@AV_AN_WAGE(1.0),Average annual wages,I,NLD,Netherlands,WG,Wages,EUR,Euro,A,Annual,V,Current prices,MEAN,Mean,_Z,Not applicable,1998,,29166.524,,,,A,Normal value,0,Units,0,Zero
DATAFLOW,OECD.ELS.SAE:DSD_EARNINGS@AV_AN_WAGE(1.0),Average annual wages,I,NLD,Netherlands,WG,Wages,EUR,Euro,A,Annual,V,Current prices,MEAN,Mean,_Z,Not applicable,1999,,30266.761,,,,A,Normal value,0,Units,0,Zero
DATAFLOW,OECD.ELS.SAE:DSD_EARNINGS@AV_AN_WAGE(1.0),Average annual wages,I,NLD,Netherlands,WG,Wages,EUR,Euro,A,Annual,V,Current prices,MEAN,Mean,_Z,Not applicable,2000,,31946.911,,,,A,Normal value,0,Units,0,Zero
DATAFLOW,OECD.ELS.SAE:DSD_EARNINGS@AV_AN_WAGE(1.0),Average annual wages,I,NLD,Netherlands,WG,Wages,EUR,Euro,A,Annual,V,Current prices,MEAN,Mean,_Z,Not applicable,2001,,33485.315,,,,A,Normal value,0,Units,0,Zero
DATAFLOW,OECD.ELS.SAE:DSD_EARNINGS@AV_AN_WAGE(1.0),Average annual wages,I,NLD,Netherlands,WG,Wages,EUR,Euro,A,Annual,V,Current prices,MEAN,Mean,_Z,Not applicable,2002,,34719.734,,,,A,Normal value,0,Units,0,Zero
DATAFLOW,OECD.ELS.SAE:DSD_EARNINGS@AV_AN_WAGE(1.0),Average annual wages,I,NLD,Netherlands,WG,Wages,EUR,Euro,A,Annual,V,Current prices,MEAN,Mean,_Z,Not applicable,2003,,35772.808,,,,A,Normal value,0,Units,0,Zero
DATAFLOW,OECD.ELS.SAE:DSD_EARNINGS@AV_AN_WAGE(1.0),Average annual wages,I,NLD,Netherlands,WG,Wages,EUR,Euro,A,Annual,V,Current prices,MEAN,Mean,_Z,Not applicable,2004,,36839.004,,,,A,Normal value,0,Units,0,Zero
DATAFLOW,OECD.ELS.SAE:DSD_EARNINGS@AV_AN_WAGE(1.0),Average annual wages,I,NLD,Netherlands,WG,Wages,EUR,Euro,A,Annual,V,Current prices,MEAN,Mean,_Z,Not applicable,2005,,37534.264,,,,A,Normal value,0,Units,0,Zero
DATAFLOW,OECD.ELS.SAE:DSD_EARNINGS@AV_AN_WAGE(1.0),Average annual wages,I,NLD,Netherlands,WG,Wages,EUR,Euro,A,Annual,V,Current prices,MEAN,Mean,_Z,Not applicable,2006,,38488.591,,,,A,Normal value,0,Units,0,Zero
DATAFLOW,OECD.ELS.SAE:DSD_EARNINGS@AV_AN_WAGE(1.0),Average annual wages,I,NLD,Netherlands,WG,Wages,EUR,Euro,A,Annual,V,Current prices,MEAN,Mean,_Z,Not applicable,2007,,39847.165,,,,A,Normal value,0,Units,0,Zero
DATAFLOW,OECD.ELS.SAE:DSD_EARNINGS@AV_AN_WAGE(1.0),Average annual wages,I,NLD,Netherlands,WG,Wages,EUR,Euro,A,Annual,V,Current prices,MEAN,Mean,_Z,Not applicable,2008,,40914.988,,,,A,Normal value,0,Units,0,Zero
DATAFLOW,OECD.ELS.SAE:DSD_EARNINGS@AV_AN_WAGE(1.0),Average annual wages,I,NLD,Netherlands,WG,Wages,EUR,Euro,A,Annual,V,Current prices,MEAN,Mean,_Z,Not applicable,2009,,41858.198,,,,A,Normal value,0,Units,0,Zero
DATAFLOW,OECD.ELS.SAE:DSD_EARNINGS@AV_AN_WAGE(1.0),Average annual wages,I,NLD,Netherlands,WG,Wages,EUR,Euro,A,Annual,V,Current prices,MEAN,Mean,_Z,Not applicable,2010,,42610.989,,,,A,Normal value,0,Units,0,Zero
DATAFLOW,OECD.ELS.SAE:DSD_EARNINGS@AV_AN_WAGE(1.0),Average annual wages,I,NLD,Netherlands,WG,Wages,EUR,Euro,A,Annual,V,Current prices,MEAN,Mean,_Z,Not applicable,2011,,43401.463,,,,A,Normal value,0,Units,0,Zero
DATAFLOW,OECD.ELS.SAE:DSD_EARNINGS@AV_AN_WAGE(1.0),Average annual wages,I,NLD,Netherlands,WG,Wages,EUR,Euro,A,Annual,V,Current prices,MEAN,Mean,_Z,Not applicable,2012,,44122.1,,,,A,Normal value,0,Units,0,Zero
DATAFLOW,OECD.ELS.SAE:DSD_EARNINGS@AV_AN_WAGE(1.0),Average annual wages,I,NLD,Netherlands,WG,Wages,EUR,Euro,A,Annual,V,Current prices,MEAN,Mean,_Z,Not applicable,2013,,45179.391,,,,A,Normal value,0,Units,0,Zero
DATAFLOW,OECD.ELS.SAE:DSD_EARNINGS@AV_AN_WAGE(1.0),Average annual wages,I,NLD,Netherlands,WG,Wages,EUR,Euro,A,Annual,V,Current prices,MEAN,Mean,_Z,Not applicable,2014,,45335.226,,,,A,Normal value,0,Units,0,Zero
DATAFLOW,OECD.ELS.SAE:DSD_EARNINGS@AV_AN_WAGE(1.0),Average annual wages,I,NLD,Netherlands,WG,Wages,EUR,Euro,A,Annual,V,Current prices,MEAN,Mean,_Z,Not applicable,2015,,45967.528,,,,A,Normal value,0,Units,0,Zero
DATAFLOW,OECD.ELS.SAE:DSD_EARNINGS@AV_AN_WAGE(1.0),Average annual wages,I,NLD,Netherlands,WG,Wages,EUR,Euro,A,Annual,V,Current prices,MEAN,Mean,_Z,Not applicable,2016,,46516.074,,,,A,Normal value,0,Units,0,Zero
DATAFLOW,OECD.ELS.SAE:DSD_EARNINGS@AV_AN_WAGE(1.0),Average annual wages,I,NLD,Netherlands,WG,Wages,EUR,Euro,A,Annual,V,Current prices,MEAN,Mean,_Z,Not applicable,2017,,46704.942,,,,A,Normal value,0,Units,0,Zero
DATAFLOW,OECD.ELS.SAE:DSD_EARNINGS@AV_AN_WAGE(1.0),Average annual wages,I,NLD,Netherlands,WG,Wages,EUR,Euro,A,Annual,V,Current prices,MEAN,Mean,_Z,Not applicable,2018,,47260.983,,,,A,Normal value,0,Units,0,Zero
DATAFLOW,OECD.ELS.SAE:DSD_EARNINGS@AV_AN_WAGE(1.0),Average annual wages,I,NLD,Netherlands,WG,Wages,EUR,Euro,A,Annual,V,Current prices,MEAN,Mean,_Z,Not applicable,2019,,48188.086,,,,A,Normal value,0,Units,0,Zero
DATAFLOW,OECD.ELS.SAE:DSD_EARNINGS@AV_AN_WAGE(1.0),Average annual wages,I,NLD,Netherlands,WG,Wages,EUR,Euro,A,Annual,V,Current prices,MEAN,Mean,_Z,Not applicable,2020,,49749.696,,,,A,Normal value,0,Units,0,Zero
DATAFLOW,OECD.ELS.SAE:DSD_EARNINGS@AV_AN_WAGE(1.0),Average annual wages,I,NLD,Netherlands,WG,Wages,EUR,Euro,A,Annual,V,Current prices,MEAN,Mean,_Z,Not applicable,2021,,51041.861,,,,A,Normal value,0,Units,0,Zero
DATAFLOW,OECD.ELS.SAE:DSD_EARNINGS@AV_AN_WAGE(1.0),Average annual wages,I,NLD,Netherlands,WG,Wages,EUR,Euro,A,Annual,V,Current prices,MEAN,Mean,_Z,Not applicable,2022,,52103.929,,,,A,Normal value,0,Units,0,Zero
DATAFLOW,OECD.ELS.SAE:DSD_EARNINGS@AV_AN_WAGE(1.0),Average annual wages,I,NLD,Netherlands,WG,Wages,EUR,Euro,A,Annual,V,Current prices,MEAN,Mean,_Z,Not applicable,2023,,55494.716,,,,A,Normal value,0,Units,0,Zero
DATAFLOW,OECD.ELS.SAE:DSD_EARNINGS@AV_AN_WAGE(1.0),Average annual wages,I,NLD,Netherlands,WG,Wages,EUR,Euro,A,Annual,V,Current prices,MEAN,Mean,_Z,Not applicable,2024,,58922.444,,,,A,Normal value,0,Units,0,Zero
DATAFLOW,OECD.ELS.SAE:DSD_EARNINGS@AV_AN_WAGE(1.0),Average annual wages,I,NLD,Netherlands,WG,Wages,EUR,Euro,A,Annual,V,Current prices,MEAN,Mean,_Z,Not applicable,2025,,61492.132,,,,A,Normal value,0,Units,0,Zero
DATAFLOW,OECD.ELS.SAE:DSD_EARNINGS@AV_AN_WAGE(1.0),Average annual wages,I,PRT,Portugal,WG,Wages,EUR,Euro,A,Annual,V,Current prices,MEAN,Mean,_Z,Not applicable,2000,,12629.826,,,,A,Normal value,0,Units,0,Zero
DATAFLOW,OECD.ELS.SAE:DSD_EARNINGS@AV_AN_WAGE(1.0),Average annual wages,I,PRT,Portugal,WG,Wages,EUR,Euro,A,Annual,V,Current prices,MEAN,Mean,_Z,Not applicable,2001,,13165.243,,,,A,Normal value,0,Units,0,Zero
DATAFLOW,OECD.ELS.SAE:DSD_EARNINGS@AV_AN_WAGE(1.0),Average annual wages,I,PRT,Portugal,WG,Wages,EUR,Euro,A,Annual,V,Current prices,MEAN,Mean,_Z,Not applicable,2004,,14421.795,,,,A,Normal value,0,Units,0,Zero
DATAFLOW,OECD.ELS.SAE:DSD_EARNINGS@AV_AN_WAGE(1.0),Average annual wages,I,PRT,Portugal,WG,Wages,EUR,Euro,A,Annual,V,Current prices,MEAN,Mean,_Z,Not applicable,2007,,15699.655,,,,A,Normal value,0,Units,0,Zero
DATAFLOW,OECD.ELS.SAE:DSD_EARNINGS@AV_AN_WAGE(1.0),Average annual wages,I,PRT,Portugal,WG,Wages,EUR,Euro,A,Annual,V,Current prices,MEAN,Mean,_Z,Not applicable,2010,,16629.136,,,,A,Normal value,0,Units,0,Zero
DATAFLOW,OECD.ELS.SAE:DSD_EARNINGS@AV_AN_WAGE(1.0),Average annual wages,I,PRT,Portugal,WG,Wages,EUR,Euro,A,Annual,V,Current prices,MEAN,Mean,_Z,Not applicable,2011,,16527.629,,,,A,Normal value,0,Units,0,Zero
DATAFLOW,OECD.ELS.SAE:DSD_EARNINGS@AV_AN_WAGE(1.0),Average annual wages,I,PRT,Portugal,WG,Wages,EUR,Euro,A,Annual,V,Current prices,MEAN,Mean,_Z,Not applicable,2012,,16091.865,,,,A,Normal value,0,Units,0,Zero
DATAFLOW,OECD.ELS.SAE:DSD_EARNINGS@AV_AN_WAGE(1.0),Average annual wages,I,PRT,Portugal,WG,Wages,EUR,Euro,A,Annual,V,Current prices,MEAN,Mean,_Z,Not applicable,2013,,16538.068,,,,A,Normal value,0,Units,0,Zero
DATAFLOW,OECD.ELS.SAE:DSD_EARNINGS@AV_AN_WAGE(1.0),Average annual wages,I,PRT,Portugal,WG,Wages,EUR,Euro,A,Annual,V,Current prices,MEAN,Mean,_Z,Not applicable,2014,,16302.916,,,,A,Normal value,0,Units,0,Zero
DATAFLOW,OECD.ELS.SAE:DSD_EARNINGS@AV_AN_WAGE(1.0),Average annual wages,I,PRT,Portugal,WG,Wages,EUR,Euro,A,Annual,V,Current prices,MEAN,Mean,_Z,Not applicable,2015,,16419.532,,,,A,Normal value,0,Units,0,Zero
DATAFLOW,OECD.ELS.SAE:DSD_EARNINGS@AV_AN_WAGE(1.0),Average annual wages,I,PRT,Portugal,WG,Wages,EUR,Euro,A,Annual,V,Current prices,MEAN,Mean,_Z,Not applicable,2016,,16586.697,,,,A,Normal value,0,Units,0,Zero
DATAFLOW,OECD.ELS.SAE:DSD_EARNINGS@AV_AN_WAGE(1.0),Average annual wages,I,PRT,Portugal,WG,Wages,EUR,Euro,A,Annual,V,Current prices,MEAN,Mean,_Z,Not applicable,2017,,16920.445,,,,A,Normal value,0,Units,0,Zero
DATAFLOW,OECD.ELS.SAE:DSD_EARNINGS@AV_AN_WAGE(1.0),Average annual wages,I,PRT,Portugal,WG,Wages,EUR,Euro,A,Annual,V,Current prices,MEAN,Mean,_Z,Not applicable,2018,,17514.608,,,,A,Normal value,0,Units,0,Zero
DATAFLOW,OECD.ELS.SAE:DSD_EARNINGS@AV_AN_WAGE(1.0),Average annual wages,I,PRT,Portugal,WG,Wages,EUR,Euro,A,Annual,V,Current prices,MEAN,Mean,_Z,Not applicable,2019,,18438.36,,,,A,Normal value,0,Units,0,Zero
DATAFLOW,OECD.ELS.SAE:DSD_EARNINGS@AV_AN_WAGE(1.0),Average annual wages,I,PRT,Portugal,WG,Wages,EUR,Euro,A,Annual,V,Current prices,MEAN,Mean,_Z,Not applicable,2020,,18765.56,,,,A,Normal value,0,Units,0,Zero
DATAFLOW,OECD.ELS.SAE:DSD_EARNINGS@AV_AN_WAGE(1.0),Average annual wages,I,PRT,Portugal,WG,Wages,EUR,Euro,A,Annual,V,Current prices,MEAN,Mean,_Z,Not applicable,2021,,19766.821,,,,A,Normal value,0,Units,0,Zero
DATAFLOW,OECD.ELS.SAE:DSD_EARNINGS@AV_AN_WAGE(1.0),Average annual wages,I,PRT,Portugal,WG,Wages,EUR,Euro,A,Annual,V,Current prices,MEAN,Mean,_Z,Not applicable,2022,,21065.573,,,,A,Normal value,0,Units,0,Zero
DATAFLOW,OECD.ELS.SAE:DSD_EARNINGS@AV_AN_WAGE(1.0),Average annual wages,I,PRT,Portugal,WG,Wages,EUR,Euro,A,Annual,V,Current prices,MEAN,Mean,_Z,Not applicable,2023,,23108.995,,,,A,Normal value,0,Units,0,Zero
DATAFLOW,OECD.ELS.SAE:DSD_EARNINGS@AV_AN_WAGE(1.0),Average annual wages,I,PRT,Portugal,WG,Wages,EUR,Euro,A,Annual,V,Current prices,MEAN,Mean,_Z,Not applicable,2024,,24748.542,,,,A,Normal value,0,Units,0,Zero
DATAFLOW,OECD.ELS.SAE:DSD_EARNINGS@AV_AN_WAGE(1.0),Average annual wages,I,PRT,Portugal,WG,Wages,EUR,Euro,A,Annual,V,Current prices,MEAN,Mean,_Z,Not applicable,2025,,25825.885,,,,A,Normal value,0,Units,0,Zero
DATAFLOW,OECD.ELS.SAE:DSD_EARNINGS@AV_AN_WAGE(1.0),Average annual wages,I,SVK,Slovak Republic,WG,Wages,EUR,Euro,A,Annual,V,Current prices,MEAN,Mean,_Z,Not applicable,1994,,2632.907,,,,A,Normal value,0,Units,0,Zero
DATAFLOW,OECD.ELS.SAE:DSD_EARNINGS@AV_AN_WAGE(1.0),Average annual wages,I,SVK,Slovak Republic,WG,Wages,EUR,Euro,A,Annual,V,Current prices,MEAN,Mean,_Z,Not applicable,1995,,3097.51,,,,A,Normal value,0,Units,0,Zero
DATAFLOW,OECD.ELS.SAE:DSD_EARNINGS@AV_AN_WAGE(1.0),Average annual wages,I,SVK,Slovak Republic,WG,Wages,EUR,Euro,A,Annual,V,Current prices,MEAN,Mean,_Z,Not applicable,1996,,3493.893,,,,A,Normal value,0,Units,0,Zero
DATAFLOW,OECD.ELS.SAE:DSD_EARNINGS@AV_AN_WAGE(1.0),Average annual wages,I,SVK,Slovak Republic,WG,Wages,EUR,Euro,A,Annual,V,Current prices,MEAN,Mean,_Z,Not applicable,1997,,4120.447,,,,A,Normal value,0,Units,0,Zero
DATAFLOW,OECD.ELS.SAE:DSD_EARNINGS@AV_AN_WAGE(1.0),Average annual wages,I,SVK,Slovak Republic,WG,Wages,EUR,Euro,A,Annual,V,Current prices,MEAN,Mean,_Z,Not applicable,1998,,4531.349,,,,A,Normal value,0,Units,0,Zero
DATAFLOW,OECD.ELS.SAE:DSD_EARNINGS@AV_AN_WAGE(1.0),Average annual wages,I,SVK,Slovak Republic,WG,Wages,EUR,Euro,A,Annual,V,Current prices,MEAN,Mean,_Z,Not applicable,1999,,4866.258,,,,A,Normal value,0,Units,0,Zero
DATAFLOW,OECD.ELS.SAE:DSD_EARNINGS@AV_AN_WAGE(1.0),Average annual wages,I,SVK,Slovak Republic,WG,Wages,EUR,Euro,A,Annual,V,Current prices,MEAN,Mean,_Z,Not applicable,2000,,5473.247,,,,A,Normal value,0,Units,0,Zero
DATAFLOW,OECD.ELS.SAE:DSD_EARNINGS@AV_AN_WAGE(1.0),Average annual wages,I,SVK,Slovak Republic,WG,Wages,EUR,Euro,A,Annual,V,Current prices,MEAN,Mean,_Z,Not applicable,2001,,5766.054,,,,A,Normal value,0,Units,0,Zero
DATAFLOW,OECD.ELS.SAE:DSD_EARNINGS@AV_AN_WAGE(1.0),Average annual wages,I,SVK,Slovak Republic,WG,Wages,EUR,Euro,A,Annual,V,Current prices,MEAN,Mean,_Z,Not applicable,2002,,6239.509,,,,A,Normal value,0,Units,0,Zero
DATAFLOW,OECD.ELS.SAE:DSD_EARNINGS@AV_AN_WAGE(1.0),Average annual wages,I,SVK,Slovak Republic,WG,Wages,EUR,Euro,A,Annual,V,Current prices,MEAN,Mean,_Z,Not applicable,2003,,6770.314,,,,A,Normal value,0,Units,0,Zero
DATAFLOW,OECD.ELS.SAE:DSD_EARNINGS@AV_AN_WAGE(1.0),Average annual wages,I,SVK,Slovak Republic,WG,Wages,EUR,Euro,A,Annual,V,Current prices,MEAN,Mean,_Z,Not applicable,2004,,7312.019,,,,A,Normal value,0,Units,0,Zero
DATAFLOW,OECD.ELS.SAE:DSD_EARNINGS@AV_AN_WAGE(1.0),Average annual wages,I,SVK,Slovak Republic,WG,Wages,EUR,Euro,A,Annual,V,Current prices,MEAN,Mean,_Z,Not applicable,2005,,7941.431,,,,A,Normal value,0,Units,0,Zero
DATAFLOW,OECD.ELS.SAE:DSD_EARNINGS@AV_AN_WAGE(1.0),Average annual wages,I,SVK,Slovak Republic,WG,Wages,EUR,Euro,A,Annual,V,Current prices,MEAN,Mean,_Z,Not applicable,2006,,8633.58,,,,A,Normal value,0,Units,0,Zero
DATAFLOW,OECD.ELS.SAE:DSD_EARNINGS@AV_AN_WAGE(1.0),Average annual wages,I,SVK,Slovak Republic,WG,Wages,EUR,Euro,A,Annual,V,Current prices,MEAN,Mean,_Z,Not applicable,2007,,9428.706,,,,A,Normal value,0,Units,0,Zero
DATAFLOW,OECD.ELS.SAE:DSD_EARNINGS@AV_AN_WAGE(1.0),Average annual wages,I,SVK,Slovak Republic,WG,Wages,EUR,Euro,A,Annual,V,Current prices,MEAN,Mean,_Z,Not applicable,2008,,9957.172,,,,A,Normal value,0,Units,0,Zero
DATAFLOW,OECD.ELS.SAE:DSD_EARNINGS@AV_AN_WAGE(1.0),Average annual wages,I,SVK,Slovak Republic,WG,Wages,EUR,Euro,A,Annual,V,Current prices,MEAN,Mean,_Z,Not applicable,2009,,10293.455,,,,A,Normal value,0,Units,0,Zero
DATAFLOW,OECD.ELS.SAE:DSD_EARNINGS@AV_AN_WAGE(1.0),Average annual wages,I,SVK,Slovak Republic,WG,Wages,EUR,Euro,A,Annual,V,Current prices,MEAN,Mean,_Z,Not applicable,2010,,10861.372,,,,A,Normal value,0,Units,0,Zero
DATAFLOW,OECD.ELS.SAE:DSD_EARNINGS@AV_AN_WAGE(1.0),Average annual wages,I,SVK,Slovak Republic,WG,Wages,EUR,Euro,A,Annual,V,Current prices,MEAN,Mean,_Z,Not applicable,2011,,11189.261,,,,A,Normal value,0,Units,0,Zero
DATAFLOW,OECD.ELS.SAE:DSD_EARNINGS@AV_AN_WAGE(1.0),Average annual wages,I,SVK,Slovak Republic,WG,Wages,EUR,Euro,A,Annual,V,Current prices,MEAN,Mean,_Z,Not applicable,2012,,11437.652,,,,A,Normal value,0,Units,0,Zero
DATAFLOW,OECD.ELS.SAE:DSD_EARNINGS@AV_AN_WAGE(1.0),Average annual wages,I,SVK,Slovak Republic,WG,Wages,EUR,Euro,A,Annual,V,Current prices,MEAN,Mean,_Z,Not applicable,2013,,11691.539,,,,A,Normal value,0,Units,0,Zero
DATAFLOW,OECD.ELS.SAE:DSD_EARNINGS@AV_AN_WAGE(1.0),Average annual wages,I,SVK,Slovak Republic,WG,Wages,EUR,Euro,A,Annual,V,Current prices,MEAN,Mean,_Z,Not applicable,2014,,11904.07,,,,A,Normal value,0,Units,0,Zero
DATAFLOW,OECD.ELS.SAE:DSD_EARNINGS@AV_AN_WAGE(1.0),Average annual wages,I,SVK,Slovak Republic,WG,Wages,EUR,Euro,A,Annual,V,Current prices,MEAN,Mean,_Z,Not applicable,2015,,12342.271,,,,A,Normal value,0,Units,0,Zero
DATAFLOW,OECD.ELS.SAE:DSD_EARNINGS@AV_AN_WAGE(1.0),Average annual wages,I,SVK,Slovak Republic,WG,Wages,EUR,Euro,A,Annual,V,Current prices,MEAN,Mean,_Z,Not applicable,2016,,12703.861,,,,A,Normal value,0,Units,0,Zero
DATAFLOW,OECD.ELS.SAE:DSD_EARNINGS@AV_AN_WAGE(1.0),Average annual wages,I,SVK,Slovak Republic,WG,Wages,EUR,Euro,A,Annual,V,Current prices,MEAN,Mean,_Z,Not applicable,2017,,13285.243,,,,A,Normal value,0,Units,0,Zero
DATAFLOW,OECD.ELS.SAE:DSD_EARNINGS@AV_AN_WAGE(1.0),Average annual wages,I,SVK,Slovak Republic,WG,Wages,EUR,Euro,A,Annual,V,Current prices,MEAN,Mean,_Z,Not applicable,2018,,13974.723,,,,A,Normal value,0,Units,0,Zero
DATAFLOW,OECD.ELS.SAE:DSD_EARNINGS@AV_AN_WAGE(1.0),Average annual wages,I,SVK,Slovak Republic,WG,Wages,EUR,Euro,A,Annual,V,Current prices,MEAN,Mean,_Z,Not applicable,2019,,14812.696,,,,A,Normal value,0,Units,0,Zero
DATAFLOW,OECD.ELS.SAE:DSD_EARNINGS@AV_AN_WAGE(1.0),Average annual wages,I,SVK,Slovak Republic,WG,Wages,EUR,Euro,A,Annual,V,Current prices,MEAN,Mean,_Z,Not applicable,2020,,15344.471,,,,A,Normal value,0,Units,0,Zero
DATAFLOW,OECD.ELS.SAE:DSD_EARNINGS@AV_AN_WAGE(1.0),Average annual wages,I,SVK,Slovak Republic,WG,Wages,EUR,Euro,A,Annual,V,Current prices,MEAN,Mean,_Z,Not applicable,2021,,16201.306,,,,A,Normal value,0,Units,0,Zero
DATAFLOW,OECD.ELS.SAE:DSD_EARNINGS@AV_AN_WAGE(1.0),Average annual wages,I,SVK,Slovak Republic,WG,Wages,EUR,Euro,A,Annual,V,Current prices,MEAN,Mean,_Z,Not applicable,2022,,17206.012,,,,A,Normal value,0,Units,0,Zero
DATAFLOW,OECD.ELS.SAE:DSD_EARNINGS@AV_AN_WAGE(1.0),Average annual wages,I,SVK,Slovak Republic,WG,Wages,EUR,Euro,A,Annual,V,Current prices,MEAN,Mean,_Z,Not applicable,2023,,18952.519,,,,A,Normal value,0,Units,0,Zero
DATAFLOW,OECD.ELS.SAE:DSD_EARNINGS@AV_AN_WAGE(1.0),Average annual wages,I,SVK,Slovak Republic,WG,Wages,EUR,Euro,A,Annual,V,Current prices,MEAN,Mean,_Z,Not applicable,2024,,20230.028,,,,A,Normal value,0,Units,0,Zero
DATAFLOW,OECD.ELS.SAE:DSD_EARNINGS@AV_AN_WAGE(1.0),Average annual wages,I,SVK,Slovak Republic,WG,Wages,EUR,Euro,A,Annual,V,Current prices,MEAN,Mean,_Z,Not applicable,2025,,21403.216,,,,A,Normal value,0,Units,0,Zero
DATAFLOW,OECD.ELS.SAE:DSD_EARNINGS@AV_AN_WAGE(1.0),Average annual wages,I,SVN,Slovenia,WG,Wages,EUR,Euro,A,Annual,V,Current prices,MEAN,Mean,_Z,Not applicable,1995,,6464.719,,,,A,Normal value,0,Units,0,Zero
DATAFLOW,OECD.ELS.SAE:DSD_EARNINGS@AV_AN_WAGE(1.0),Average annual wages,I,SVN,Slovenia,WG,Wages,EUR,Euro,A,Annual,V,Current prices,MEAN,Mean,_Z,Not applicable,1996,,7532.241,,,,A,Normal value,0,Units,0,Zero
DATAFLOW,OECD.ELS.SAE:DSD_EARNINGS@AV_AN_WAGE(1.0),Average annual wages,I,SVN,Slovenia,WG,Wages,EUR,Euro,A,Annual,V,Current prices,MEAN,Mean,_Z,Not applicable,1997,,8612.718,,,,A,Normal value,0,Units,0,Zero
DATAFLOW,OECD.ELS.SAE:DSD_EARNINGS@AV_AN_WAGE(1.0),Average annual wages,I,SVN,Slovenia,WG,Wages,EUR,Euro,A,Annual,V,Current prices,MEAN,Mean,_Z,Not applicable,1998,,9350.713,,,,A,Normal value,0,Units,0,Zero
DATAFLOW,OECD.ELS.SAE:DSD_EARNINGS@AV_AN_WAGE(1.0),Average annual wages,I,SVN,Slovenia,WG,Wages,EUR,Euro,A,Annual,V,Current prices,MEAN,Mean,_Z,Not applicable,1999,,10124.956,,,,A,Normal value,0,Units,0,Zero
DATAFLOW,OECD.ELS.SAE:DSD_EARNINGS@AV_AN_WAGE(1.0),Average annual wages,I,SVN,Slovenia,WG,Wages,EUR,Euro,A,Annual,V,Current prices,MEAN,Mean,_Z,Not applicable,2000,,11136.861,,,,A,Normal value,0,Units,0,Zero
DATAFLOW,OECD.ELS.SAE:DSD_EARNINGS@AV_AN_WAGE(1.0),Average annual wages,I,SVN,Slovenia,WG,Wages,EUR,Euro,A,Annual,V,Current prices,MEAN,Mean,_Z,Not applicable,2001,,12457.705,,,,A,Normal value,0,Units,0,Zero
DATAFLOW,OECD.ELS.SAE:DSD_EARNINGS@AV_AN_WAGE(1.0),Average annual wages,I,SVN,Slovenia,WG,Wages,EUR,Euro,A,Annual,V,Current prices,MEAN,Mean,_Z,Not applicable,2002,,13414.348,,,,A,Normal value,0,Units,0,Zero
DATAFLOW,OECD.ELS.SAE:DSD_EARNINGS@AV_AN_WAGE(1.0),Average annual wages,I,SVN,Slovenia,WG,Wages,EUR,Euro,A,Annual,V,Current prices,MEAN,Mean,_Z,Not applicable,2003,,14453.267,,,,A,Normal value,0,Units,0,Zero
DATAFLOW,OECD.ELS.SAE:DSD_EARNINGS@AV_AN_WAGE(1.0),Average annual wages,I,SVN,Slovenia,WG,Wages,EUR,Euro,A,Annual,V,Current prices,MEAN,Mean,_Z,Not applicable,2004,,15641.702,,,,A,Normal value,0,Units,0,Zero
DATAFLOW,OECD.ELS.SAE:DSD_EARNINGS@AV_AN_WAGE(1.0),Average annual wages,I,SVN,Slovenia,WG,Wages,EUR,Euro,A,Annual,V,Current prices,MEAN,Mean,_Z,Not applicable,2005,,16578.416,,,,A,Normal value,0,Units,0,Zero
DATAFLOW,OECD.ELS.SAE:DSD_EARNINGS@AV_AN_WAGE(1.0),Average annual wages,I,SVN,Slovenia,WG,Wages,EUR,Euro,A,Annual,V,Current prices,MEAN,Mean,_Z,Not applicable,2006,,17507.433,,,,A,Normal value,0,Units,0,Zero
DATAFLOW,OECD.ELS.SAE:DSD_EARNINGS@AV_AN_WAGE(1.0),Average annual wages,I,SVN,Slovenia,WG,Wages,EUR,Euro,A,Annual,V,Current prices,MEAN,Mean,_Z,Not applicable,2007,,18605.957,,,,A,Normal value,0,Units,0,Zero
DATAFLOW,OECD.ELS.SAE:DSD_EARNINGS@AV_AN_WAGE(1.0),Average annual wages,I,SVN,Slovenia,WG,Wages,EUR,Euro,A,Annual,V,Current prices,MEAN,Mean,_Z,Not applicable,2008,,19979.03,,,,A,Normal value,0,Units,0,Zero
DATAFLOW,OECD.ELS.SAE:DSD_EARNINGS@AV_AN_WAGE(1.0),Average annual wages,I,SVN,Slovenia,WG,Wages,EUR,Euro,A,Annual,V,Current prices,MEAN,Mean,_Z,Not applicable,2009,,20354.788,,,,A,Normal value,0,Units,0,Zero
DATAFLOW,OECD.ELS.SAE:DSD_EARNINGS@AV_AN_WAGE(1.0),Average annual wages,I,SVN,Slovenia,WG,Wages,EUR,Euro,A,Annual,V,Current prices,MEAN,Mean,_Z,Not applicable,2010,,21290.587,,,,A,Normal value,0,Units,0,Zero
DATAFLOW,OECD.ELS.SAE:DSD_EARNINGS@AV_AN_WAGE(1.0),Average annual wages,I,SVN,Slovenia,WG,Wages,EUR,Euro,A,Annual,V,Current prices,MEAN,Mean,_Z,Not applicable,2011,,21564.238,,,,A,Normal value,0,Units,0,Zero
DATAFLOW,OECD.ELS.SAE:DSD_EARNINGS@AV_AN_WAGE(1.0),Average annual wages,I,SVN,Slovenia,WG,Wages,EUR,Euro,A,Annual,V,Current prices,MEAN,Mean,_Z,Not applicable,2012,,21196.121,,,,A,Normal value,0,Units,0,Zero
DATAFLOW,OECD.ELS.SAE:DSD_EARNINGS@AV_AN_WAGE(1.0),Average annual wages,I,SVN,Slovenia,WG,Wages,EUR,Euro,A,Annual,V,Current prices,MEAN,Mean,_Z,Not applicable,2013,,21324.983,,,,A,Normal value,0,Units,0,Zero
DATAFLOW,OECD.ELS.SAE:DSD_EARNINGS@AV_AN_WAGE(1.0),Average annual wages,I,SVN,Slovenia,WG,Wages,EUR,Euro,A,Annual,V,Current prices,MEAN,Mean,_Z,Not applicable,2014,,21671.134,,,,A,Normal value,0,Units,0,Zero
DATAFLOW,OECD.ELS.SAE:DSD_EARNINGS@AV_AN_WAGE(1.0),Average annual wages,I,SVN,Slovenia,WG,Wages,EUR,Euro,A,Annual,V,Current prices,MEAN,Mean,_Z,Not applicable,2015,,22015.824,,,,A,Normal value,0,Units,0,Zero
DATAFLOW,OECD.ELS.SAE:DSD_EARNINGS@AV_AN_WAGE(1.0),Average annual wages,I,SVN,Slovenia,WG,Wages,EUR,Euro,A,Annual,V,Current prices,MEAN,Mean,_Z,Not applicable,2016,,22774.314,,,,A,Normal value,0,Units,0,Zero
DATAFLOW,OECD.ELS.SAE:DSD_EARNINGS@AV_AN_WAGE(1.0),Average annual wages,I,SVN,Slovenia,WG,Wages,EUR,Euro,A,Annual,V,Current prices,MEAN,Mean,_Z,Not applicable,2017,,23535.809,,,,A,Normal value,0,Units,0,Zero
DATAFLOW,OECD.ELS.SAE:DSD_EARNINGS@AV_AN_WAGE(1.0),Average annual wages,I,SVN,Slovenia,WG,Wages,EUR,Euro,A,Annual,V,Current prices,MEAN,Mean,_Z,Not applicable,2018,,24429.888,,,,A,Normal value,0,Units,0,Zero
DATAFLOW,OECD.ELS.SAE:DSD_EARNINGS@AV_AN_WAGE(1.0),Average annual wages,I,SVN,Slovenia,WG,Wages,EUR,Euro,A,Annual,V,Current prices,MEAN,Mean,_Z,Not applicable,2019,,25606.352,,,,A,Normal value,0,Units,0,Zero
DATAFLOW,OECD.ELS.SAE:DSD_EARNINGS@AV_AN_WAGE(1.0),Average annual wages,I,SVN,Slovenia,WG,Wages,EUR,Euro,A,Annual,V,Current prices,MEAN,Mean,_Z,Not applicable,2020,,26438.732,,,,A,Normal value,0,Units,0,Zero
DATAFLOW,OECD.ELS.SAE:DSD_EARNINGS@AV_AN_WAGE(1.0),Average annual wages,I,SVN,Slovenia,WG,Wages,EUR,Euro,A,Annual,V,Current prices,MEAN,Mean,_Z,Not applicable,2021,,28484.398,,,,A,Normal value,0,Units,0,Zero
DATAFLOW,OECD.ELS.SAE:DSD_EARNINGS@AV_AN_WAGE(1.0),Average annual wages,I,SVN,Slovenia,WG,Wages,EUR,Euro,A,Annual,V,Current prices,MEAN,Mean,_Z,Not applicable,2022,,29987.674,,,,A,Normal value,0,Units,0,Zero
DATAFLOW,OECD.ELS.SAE:DSD_EARNINGS@AV_AN_WAGE(1.0),Average annual wages,I,SVN,Slovenia,WG,Wages,EUR,Euro,A,Annual,V,Current prices,MEAN,Mean,_Z,Not applicable,2023,,32959.795,,,,A,Normal value,0,Units,0,Zero
DATAFLOW,OECD.ELS.SAE:DSD_EARNINGS@AV_AN_WAGE(1.0),Average annual wages,I,SVN,Slovenia,WG,Wages,EUR,Euro,A,Annual,V,Current prices,MEAN,Mean,_Z,Not applicable,2024,,35006.009,,,,A,Normal value,0,Units,0,Zero
DATAFLOW,OECD.ELS.SAE:DSD_EARNINGS@AV_AN_WAGE(1.0),Average annual wages,I,SVN,Slovenia,WG,Wages,EUR,Euro,A,Annual,V,Current prices,MEAN,Mean,_Z,Not applicable,2025,,37569.315,,,,A,Normal value,0,Units,0,Zero
DATAFLOW,OECD.ELS.SAE:DSD_EARNINGS@AV_AN_WAGE(1.0),Average annual wages,I,ESP,Spain,WG,Wages,EUR,Euro,A,Annual,V,Current prices,MEAN,Mean,_Z,Not applicable,1990,,11505.183,,,,A,Normal value,0,Units,0,Zero
DATAFLOW,OECD.ELS.SAE:DSD_EARNINGS@AV_AN_WAGE(1.0),Average annual wages,I,ESP,Spain,WG,Wages,EUR,Euro,A,Annual,V,Current prices,MEAN,Mean,_Z,Not applicable,1991,,12636.402,,,,A,Normal value,0,Units,0,Zero
DATAFLOW,OECD.ELS.SAE:DSD_EARNINGS@AV_AN_WAGE(1.0),Average annual wages,I,ESP,Spain,WG,Wages,EUR,Euro,A,Annual,V,Current prices,MEAN,Mean,_Z,Not applicable,1992,,13963.254,,,,A,Normal value,0,Units,0,Zero
DATAFLOW,OECD.ELS.SAE:DSD_EARNINGS@AV_AN_WAGE(1.0),Average annual wages,I,ESP,Spain,WG,Wages,EUR,Euro,A,Annual,V,Current prices,MEAN,Mean,_Z,Not applicable,1993,,14938.472,,,,A,Normal value,0,Units,0,Zero
DATAFLOW,OECD.ELS.SAE:DSD_EARNINGS@AV_AN_WAGE(1.0),Average annual wages,I,ESP,Spain,WG,Wages,EUR,Euro,A,Annual,V,Current prices,MEAN,Mean,_Z,Not applicable,1994,,15828.356,,,,A,Normal value,0,Units,0,Zero
DATAFLOW,OECD.ELS.SAE:DSD_EARNINGS@AV_AN_WAGE(1.0),Average annual wages,I,ESP,Spain,WG,Wages,EUR,Euro,A,Annual,V,Current prices,MEAN,Mean,_Z,Not applicable,1995,,16262.849,,,,A,Normal value,0,Units,0,Zero
DATAFLOW,OECD.ELS.SAE:DSD_EARNINGS@AV_AN_WAGE(1.0),Average annual wages,I,ESP,Spain,WG,Wages,EUR,Euro,A,Annual,V,Current prices,MEAN,Mean,_Z,Not applicable,1996,,16974.263,,,,A,Normal value,0,Units,0,Zero
DATAFLOW,OECD.ELS.SAE:DSD_EARNINGS@AV_AN_WAGE(1.0),Average annual wages,I,ESP,Spain,WG,Wages,EUR,Euro,A,Annual,V,Current prices,MEAN,Mean,_Z,Not applicable,1997,,17434.696,,,,A,Normal value,0,Units,0,Zero
DATAFLOW,OECD.ELS.SAE:DSD_EARNINGS@AV_AN_WAGE(1.0),Average annual wages,I,ESP,Spain,WG,Wages,EUR,Euro,A,Annual,V,Current prices,MEAN,Mean,_Z,Not applicable,1998,,17836.922,,,,A,Normal value,0,Units,0,Zero
DATAFLOW,OECD.ELS.SAE:DSD_EARNINGS@AV_AN_WAGE(1.0),Average annual wages,I,ESP,Spain,WG,Wages,EUR,Euro,A,Annual,V,Current prices,MEAN,Mean,_Z,Not applicable,1999,,18183.439,,,,A,Normal value,0,Units,0,Zero
DATAFLOW,OECD.ELS.SAE:DSD_EARNINGS@AV_AN_WAGE(1.0),Average annual wages,I,ESP,Spain,WG,Wages,EUR,Euro,A,Annual,V,Current prices,MEAN,Mean,_Z,Not applicable,2000,,18506.421,,,,A,Normal value,0,Units,0,Zero
DATAFLOW,OECD.ELS.SAE:DSD_EARNINGS@AV_AN_WAGE(1.0),Average annual wages,I,ESP,Spain,WG,Wages,EUR,Euro,A,Annual,V,Current prices,MEAN,Mean,_Z,Not applicable,2001,,19056.64,,,,A,Normal value,0,Units,0,Zero
DATAFLOW,OECD.ELS.SAE:DSD_EARNINGS@AV_AN_WAGE(1.0),Average annual wages,I,ESP,Spain,WG,Wages,EUR,Euro,A,Annual,V,Current prices,MEAN,Mean,_Z,Not applicable,2002,,19660.446,,,,A,Normal value,0,Units,0,Zero
DATAFLOW,OECD.ELS.SAE:DSD_EARNINGS@AV_AN_WAGE(1.0),Average annual wages,I,ESP,Spain,WG,Wages,EUR,Euro,A,Annual,V,Current prices,MEAN,Mean,_Z,Not applicable,2003,,20192.273,,,,A,Normal value,0,Units,0,Zero
DATAFLOW,OECD.ELS.SAE:DSD_EARNINGS@AV_AN_WAGE(1.0),Average annual wages,I,ESP,Spain,WG,Wages,EUR,Euro,A,Annual,V,Current prices,MEAN,Mean,_Z,Not applicable,2004,,20637.889,,,,A,Normal value,0,Units,0,Zero
DATAFLOW,OECD.ELS.SAE:DSD_EARNINGS@AV_AN_WAGE(1.0),Average annual wages,I,ESP,Spain,WG,Wages,EUR,Euro,A,Annual,V,Current prices,MEAN,Mean,_Z,Not applicable,2005,,21417.788,,,,A,Normal value,0,Units,0,Zero
DATAFLOW,OECD.ELS.SAE:DSD_EARNINGS@AV_AN_WAGE(1.0),Average annual wages,I,ESP,Spain,WG,Wages,EUR,Euro,A,Annual,V,Current prices,MEAN,Mean,_Z,Not applicable,2006,,22072.824,,,,A,Normal value,0,Units,0,Zero
DATAFLOW,OECD.ELS.SAE:DSD_EARNINGS@AV_AN_WAGE(1.0),Average annual wages,I,ESP,Spain,WG,Wages,EUR,Euro,A,Annual,V,Current prices,MEAN,Mean,_Z,Not applicable,2007,,23067.415,,,,A,Normal value,0,Units,0,Zero
DATAFLOW,OECD.ELS.SAE:DSD_EARNINGS@AV_AN_WAGE(1.0),Average annual wages,I,ESP,Spain,WG,Wages,EUR,Euro,A,Annual,V,Current prices,MEAN,Mean,_Z,Not applicable,2008,,24757.86,,,,A,Normal value,0,Units,0,Zero
DATAFLOW,OECD.ELS.SAE:DSD_EARNINGS@AV_AN_WAGE(1.0),Average annual wages,I,ESP,Spain,WG,Wages,EUR,Euro,A,Annual,V,Current prices,MEAN,Mean,_Z,Not applicable,2009,,26088.007,,,,A,Normal value,0,Units,0,Zero
DATAFLOW,OECD.ELS.SAE:DSD_EARNINGS@AV_AN_WAGE(1.0),Average annual wages,I,ESP,Spain,WG,Wages,EUR,Euro,A,Annual,V,Current prices,MEAN,Mean,_Z,Not applicable,2010,,26401.056,,,,A,Normal value,0,Units,0,Zero
DATAFLOW,OECD.ELS.SAE:DSD_EARNINGS@AV_AN_WAGE(1.0),Average annual wages,I,ESP,Spain,WG,Wages,EUR,Euro,A,Annual,V,Current prices,MEAN,Mean,_Z,Not applicable,2011,,26540.946,,,,A,Normal value,0,Units,0,Zero
DATAFLOW,OECD.ELS.SAE:DSD_EARNINGS@AV_AN_WAGE(1.0),Average annual wages,I,ESP,Spain,WG,Wages,EUR,Euro,A,Annual,V,Current prices,MEAN,Mean,_Z,Not applicable,2012,,26418.088,,,,A,Normal value,0,Units,0,Zero
DATAFLOW,OECD.ELS.SAE:DSD_EARNINGS@AV_AN_WAGE(1.0),Average annual wages,I,ESP,Spain,WG,Wages,EUR,Euro,A,Annual,V,Current prices,MEAN,Mean,_Z,Not applicable,2013,,26612.622,,,,A,Normal value,0,Units,0,Zero
DATAFLOW,OECD.ELS.SAE:DSD_EARNINGS@AV_AN_WAGE(1.0),Average annual wages,I,ESP,Spain,WG,Wages,EUR,Euro,A,Annual,V,Current prices,MEAN,Mean,_Z,Not applicable,2014,,26584.532,,,,A,Normal value,0,Units,0,Zero
DATAFLOW,OECD.ELS.SAE:DSD_EARNINGS@AV_AN_WAGE(1.0),Average annual wages,I,ESP,Spain,WG,Wages,EUR,Euro,A,Annual,V,Current prices,MEAN,Mean,_Z,Not applicable,2015,,27030.949,,,,A,Normal value,0,Units,0,Zero
DATAFLOW,OECD.ELS.SAE:DSD_EARNINGS@AV_AN_WAGE(1.0),Average annual wages,I,ESP,Spain,WG,Wages,EUR,Euro,A,Annual,V,Current prices,MEAN,Mean,_Z,Not applicable,2016,,26929.235,,,,A,Normal value,0,Units,0,Zero
DATAFLOW,OECD.ELS.SAE:DSD_EARNINGS@AV_AN_WAGE(1.0),Average annual wages,I,ESP,Spain,WG,Wages,EUR,Euro,A,Annual,V,Current prices,MEAN,Mean,_Z,Not applicable,2017,,26991.939,,,,A,Normal value,0,Units,0,Zero
DATAFLOW,OECD.ELS.SAE:DSD_EARNINGS@AV_AN_WAGE(1.0),Average annual wages,I,ESP,Spain,WG,Wages,EUR,Euro,A,Annual,V,Current prices,MEAN,Mean,_Z,Not applicable,2018,,27311.162,,,,A,Normal value,0,Units,0,Zero
DATAFLOW,OECD.ELS.SAE:DSD_EARNINGS@AV_AN_WAGE(1.0),Average annual wages,I,ESP,Spain,WG,Wages,EUR,Euro,A,Annual,V,Current prices,MEAN,Mean,_Z,Not applicable,2019,,28014.795,,,,A,Normal value,0,Units,0,Zero
DATAFLOW,OECD.ELS.SAE:DSD_EARNINGS@AV_AN_WAGE(1.0),Average annual wages,I,ESP,Spain,WG,Wages,EUR,Euro,A,Annual,V,Current prices,MEAN,Mean,_Z,Not applicable,2020,,27722.642,,,,A,Normal value,0,Units,0,Zero
DATAFLOW,OECD.ELS.SAE:DSD_EARNINGS@AV_AN_WAGE(1.0),Average annual wages,I,ESP,Spain,WG,Wages,EUR,Euro,A,Annual,V,Current prices,MEAN,Mean,_Z,Not applicable,2021,,29480.344,,,,A,Normal value,0,Units,0,Zero
DATAFLOW,OECD.ELS.SAE:DSD_EARNINGS@AV_AN_WAGE(1.0),Average annual wages,I,ESP,Spain,WG,Wages,EUR,Euro,A,Annual,V,Current prices,MEAN,Mean,_Z,Not applicable,2022,,30919.398,,,,A,Normal value,0,Units,0,Zero
DATAFLOW,OECD.ELS.SAE:DSD_EARNINGS@AV_AN_WAGE(1.0),Average annual wages,I,ESP,Spain,WG,Wages,EUR,Euro,A,Annual,V,Current prices,MEAN,Mean,_Z,Not applicable,2023,,32276.052,,,,A,Normal value,0,Units,0,Zero
DATAFLOW,OECD.ELS.SAE:DSD_EARNINGS@AV_AN_WAGE(1.0),Average annual wages,I,ESP,Spain,WG,Wages,EUR,Euro,A,Annual,V,Current prices,MEAN,Mean,_Z,Not applicable,2024,,33767.131,,,,A,Normal value,0,Units,0,Zero
DATAFLOW,OECD.ELS.SAE:DSD_EARNINGS@AV_AN_WAGE(1.0),Average annual wages,I,ESP,Spain,WG,Wages,EUR,Euro,A,Annual,V,Current prices,MEAN,Mean,_Z,Not applicable,2025,,35121.106,,,,A,Normal value,0,Units,0,Zero
DATAFLOW,OECD.ELS.SAE:DSD_EARNINGS@AV_AN_WAGE(1.0),Average annual wages,I,AUS,Australia,WG,Wages,AUD,Australian dollar,A,Annual,V,Current prices,MEAN,Mean,_Z,Not applicable,2015,,79207.22,,,,A,Normal value,0,Units,0,Zero
DATAFLOW,OECD.ELS.SAE:DSD_EARNINGS@AV_AN_WAGE(1.0),Average annual wages,I,AUS,Australia,WG,Wages,AUD,Australian dollar,A,Annual,V,Current prices,MEAN,Mean,_Z,Not applicable,2016,,80093.429,,,,A,Normal value,0,Units,0,Zero
DATAFLOW,OECD.ELS.SAE:DSD_EARNINGS@AV_AN_WAGE(1.0),Average annual wages,I,AUS,Australia,WG,Wages,AUD,Australian dollar,A,Annual,V,Current prices,MEAN,Mean,_Z,Not applicable,2017,,80842.067,,,,A,Normal value,0,Units,0,Zero
DATAFLOW,OECD.ELS.SAE:DSD_EARNINGS@AV_AN_WAGE(1.0),Average annual wages,I,AUS,Australia,WG,Wages,AUD,Australian dollar,A,Annual,V,Current prices,MEAN,Mean,_Z,Not applicable,2018,,82489.348,,,,A,Normal value,0,Units,0,Zero
DATAFLOW,OECD.ELS.SAE:DSD_EARNINGS@AV_AN_WAGE(1.0),Average annual wages,I,AUS,Australia,WG,Wages,AUD,Australian dollar,A,Annual,V,Current prices,MEAN,Mean,_Z,Not applicable,2019,,84767.993,,,,A,Normal value,0,Units,0,Zero
DATAFLOW,OECD.ELS.SAE:DSD_EARNINGS@AV_AN_WAGE(1.0),Average annual wages,I,AUS,Australia,WG,Wages,AUD,Australian dollar,A,Annual,V,Current prices,MEAN,Mean,_Z,Not applicable,2020,,87640.146,,,,A,Normal value,0,Units,0,Zero
DATAFLOW,OECD.ELS.SAE:DSD_EARNINGS@AV_AN_WAGE(1.0),Average annual wages,I,AUS,Australia,WG,Wages,AUD,Australian dollar,A,Annual,V,Current prices,MEAN,Mean,_Z,Not applicable,2021,,90481.428,,,,A,Normal value,0,Units,0,Zero
DATAFLOW,OECD.ELS.SAE:DSD_EARNINGS@AV_AN_WAGE(1.0),Average annual wages,I,AUS,Australia,WG,Wages,AUD,Australian dollar,A,Annual,V,Current prices,MEAN,Mean,_Z,Not applicable,2022,,93260.323,,,,A,Normal value,0,Units,0,Zero
DATAFLOW,OECD.ELS.SAE:DSD_EARNINGS@AV_AN_WAGE(1.0),Average annual wages,I,AUS,Australia,WG,Wages,AUD,Australian dollar,A,Annual,V,Current prices,MEAN,Mean,_Z,Not applicable,2023,,97457.947,,,,A,Normal value,0,Units,0,Zero
DATAFLOW,OECD.ELS.SAE:DSD_EARNINGS@AV_AN_WAGE(1.0),Average annual wages,I,AUS,Australia,WG,Wages,AUD,Australian dollar,A,Annual,V,Current prices,MEAN,Mean,_Z,Not applicable,2024,,101160.92,,,,A,Normal value,0,Units,0,Zero
DATAFLOW,OECD.ELS.SAE:DSD_EARNINGS@AV_AN_WAGE(1.0),Average annual wages,I,AUS,Australia,WG,Wages,AUD,Australian dollar,A,Annual,V,Current prices,MEAN,Mean,_Z,Not applicable,2025,,105477.7,,,,A,Normal value,0,Units,0,Zero
DATAFLOW,OECD.ELS.SAE:DSD_EARNINGS@AV_AN_WAGE(1.0),Average annual wages,I,CAN,Canada,WG,Wages,CAD,Canadian dollar,A,Annual,V,Current prices,MEAN,Mean,_Z,Not applicable,2008,,55381.564,,,,A,Normal value,0,Units,0,Zero
DATAFLOW,OECD.ELS.SAE:DSD_EARNINGS@AV_AN_WAGE(1.0),Average annual wages,I,CAN,Canada,WG,Wages,CAD,Canadian dollar,A,Annual,V,Current prices,MEAN,Mean,_Z,Not applicable,2009,,55834.831,,,,A,Normal value,0,Units,0,Zero
DATAFLOW,OECD.ELS.SAE:DSD_EARNINGS@AV_AN_WAGE(1.0),Average annual wages,I,CAN,Canada,WG,Wages,CAD,Canadian dollar,A,Annual,V,Current prices,MEAN,Mean,_Z,Not applicable,2010,,56680.24,,,,A,Normal value,0,Units,0,Zero
DATAFLOW,OECD.ELS.SAE:DSD_EARNINGS@AV_AN_WAGE(1.0),Average annual wages,I,CAN,Canada,WG,Wages,CAD,Canadian dollar,A,Annual,V,Current prices,MEAN,Mean,_Z,Not applicable,2011,,58653.683,,,,A,Normal value,0,Units,0,Zero
DATAFLOW,OECD.ELS.SAE:DSD_EARNINGS@AV_AN_WAGE(1.0),Average annual wages,I,CAN,Canada,WG,Wages,CAD,Canadian dollar,A,Annual,V,Current prices,MEAN,Mean,_Z,Not applicable,2012,,60217.489,,,,A,Normal value,0,Units,0,Zero
DATAFLOW,OECD.ELS.SAE:DSD_EARNINGS@AV_AN_WAGE(1.0),Average annual wages,I,CAN,Canada,WG,Wages,CAD,Canadian dollar,A,Annual,V,Current prices,MEAN,Mean,_Z,Not applicable,2013,,61641.876,,,,A,Normal value,0,Units,0,Zero
DATAFLOW,OECD.ELS.SAE:DSD_EARNINGS@AV_AN_WAGE(1.0),Average annual wages,I,CAN,Canada,WG,Wages,CAD,Canadian dollar,A,Annual,V,Current prices,MEAN,Mean,_Z,Not applicable,2014,,63561.501,,,,A,Normal value,0,Units,0,Zero
DATAFLOW,OECD.ELS.SAE:DSD_EARNINGS@AV_AN_WAGE(1.0),Average annual wages,I,CAN,Canada,WG,Wages,CAD,Canadian dollar,A,Annual,V,Current prices,MEAN,Mean,_Z,Not applicable,2015,,64722.163,,,,A,Normal value,0,Units,0,Zero
DATAFLOW,OECD.ELS.SAE:DSD_EARNINGS@AV_AN_WAGE(1.0),Average annual wages,I,CAN,Canada,WG,Wages,CAD,Canadian dollar,A,Annual,V,Current prices,MEAN,Mean,_Z,Not applicable,2016,,64002.215,,,,A,Normal value,0,Units,0,Zero
DATAFLOW,OECD.ELS.SAE:DSD_EARNINGS@AV_AN_WAGE(1.0),Average annual wages,I,CAN,Canada,WG,Wages,CAD,Canadian dollar,A,Annual,V,Current prices,MEAN,Mean,_Z,Not applicable,2017,,65713.808,,,,A,Normal value,0,Units,0,Zero
DATAFLOW,OECD.ELS.SAE:DSD_EARNINGS@AV_AN_WAGE(1.0),Average annual wages,I,CAN,Canada,WG,Wages,CAD,Canadian dollar,A,Annual,V,Current prices,MEAN,Mean,_Z,Not applicable,2018,,67956.737,,,,A,Normal value,0,Units,0,Zero
DATAFLOW,OECD.ELS.SAE:DSD_EARNINGS@AV_AN_WAGE(1.0),Average annual wages,I,CAN,Canada,WG,Wages,CAD,Canadian dollar,A,Annual,V,Current prices,MEAN,Mean,_Z,Not applicable,2019,,69463.074,,,,A,Normal value,0,Units,0,Zero
DATAFLOW,OECD.ELS.SAE:DSD_EARNINGS@AV_AN_WAGE(1.0),Average annual wages,I,CAN,Canada,WG,Wages,CAD,Canadian dollar,A,Annual,V,Current prices,MEAN,Mean,_Z,Not applicable,2020,,72218.466,,,,A,Normal value,0,Units,0,Zero
DATAFLOW,OECD.ELS.SAE:DSD_EARNINGS@AV_AN_WAGE(1.0),Average annual wages,I,CAN,Canada,WG,Wages,CAD,Canadian dollar,A,Annual,V,Current prices,MEAN,Mean,_Z,Not applicable,2021,,74717.728,,,,A,Normal value,0,Units,0,Zero
DATAFLOW,OECD.ELS.SAE:DSD_EARNINGS@AV_AN_WAGE(1.0),Average annual wages,I,CAN,Canada,WG,Wages,CAD,Canadian dollar,A,Annual,V,Current prices,MEAN,Mean,_Z,Not applicable,2022,,77825.763,,,,A,Normal value,0,Units,0,Zero
DATAFLOW,OECD.ELS.SAE:DSD_EARNINGS@AV_AN_WAGE(1.0),Average annual wages,I,CAN,Canada,WG,Wages,CAD,Canadian dollar,A,Annual,V,Current prices,MEAN,Mean,_Z,Not applicable,2023,,80398.72,,,,A,Normal value,0,Units,0,Zero
DATAFLOW,OECD.ELS.SAE:DSD_EARNINGS@AV_AN_WAGE(1.0),Average annual wages,I,CAN,Canada,WG,Wages,CAD,Canadian dollar,A,Annual,V,Current prices,MEAN,Mean,_Z,Not applicable,2024,,83486.039,,,,A,Normal value,0,Units,0,Zero
DATAFLOW,OECD.ELS.SAE:DSD_EARNINGS@AV_AN_WAGE(1.0),Average annual wages,I,CAN,Canada,WG,Wages,CAD,Canadian dollar,A,Annual,V,Current prices,MEAN,Mean,_Z,Not applicable,2025,,85587.553,,,,A,Normal value,0,Units,0,Zero
DATAFLOW,OECD.ELS.SAE:DSD_EARNINGS@AV_AN_WAGE(1.0),Average annual wages,I,CHL,Chile,WG,Wages,CLP,Chilean peso,A,Annual,V,Current prices,MEAN,Mean,_Z,Not applicable,1996,,3385033.4,,,,A,Normal value,0,Units,0,Zero
DATAFLOW,OECD.ELS.SAE:DSD_EARNINGS@AV_AN_WAGE(1.0),Average annual wages,I,CHL,Chile,WG,Wages,CLP,Chilean peso,A,Annual,V,Current prices,MEAN,Mean,_Z,Not applicable,1997,,3742202.4,,,,A,Normal value,0,Units,0,Zero
DATAFLOW,OECD.ELS.SAE:DSD_EARNINGS@AV_AN_WAGE(1.0),Average annual wages,I,CHL,Chile,WG,Wages,CLP,Chilean peso,A,Annual,V,Current prices,MEAN,Mean,_Z,Not applicable,1998,,4012342,,,,A,Normal value,0,Units,0,Zero
DATAFLOW,OECD.ELS.SAE:DSD_EARNINGS@AV_AN_WAGE(1.0),Average annual wages,I,CHL,Chile,WG,Wages,CLP,Chilean peso,A,Annual,V,Current prices,MEAN,Mean,_Z,Not applicable,1999,,4345411.9,,,,A,Normal value,0,Units,0,Zero
DATAFLOW,OECD.ELS.SAE:DSD_EARNINGS@AV_AN_WAGE(1.0),Average annual wages,I,CHL,Chile,WG,Wages,CLP,Chilean peso,A,Annual,V,Current prices,MEAN,Mean,_Z,Not applicable,2000,,4536378.9,,,,A,Normal value,0,Units,0,Zero
DATAFLOW,OECD.ELS.SAE:DSD_EARNINGS@AV_AN_WAGE(1.0),Average annual wages,I,CHL,Chile,WG,Wages,CLP,Chilean peso,A,Annual,V,Current prices,MEAN,Mean,_Z,Not applicable,2001,,4936516.7,,,,A,Normal value,0,Units,0,Zero
DATAFLOW,OECD.ELS.SAE:DSD_EARNINGS@AV_AN_WAGE(1.0),Average annual wages,I,CHL,Chile,WG,Wages,CLP,Chilean peso,A,Annual,V,Current prices,MEAN,Mean,_Z,Not applicable,2002,,5144472,,,,A,Normal value,0,Units,0,Zero
DATAFLOW,OECD.ELS.SAE:DSD_EARNINGS@AV_AN_WAGE(1.0),Average annual wages,I,CHL,Chile,WG,Wages,CLP,Chilean peso,A,Annual,V,Current prices,MEAN,Mean,_Z,Not applicable,2003,,5391594.3,,,,A,Normal value,0,Units,0,Zero
DATAFLOW,OECD.ELS.SAE:DSD_EARNINGS@AV_AN_WAGE(1.0),Average annual wages,I,CHL,Chile,WG,Wages,CLP,Chilean peso,A,Annual,V,Current prices,MEAN,Mean,_Z,Not applicable,2004,,5383643.4,,,,A,Normal value,0,Units,0,Zero
DATAFLOW,OECD.ELS.SAE:DSD_EARNINGS@AV_AN_WAGE(1.0),Average annual wages,I,CHL,Chile,WG,Wages,CLP,Chilean peso,A,Annual,V,Current prices,MEAN,Mean,_Z,Not applicable,2005,,5595290.2,,,,A,Normal value,0,Units,0,Zero
DATAFLOW,OECD.ELS.SAE:DSD_EARNINGS@AV_AN_WAGE(1.0),Average annual wages,I,CHL,Chile,WG,Wages,CLP,Chilean peso,A,Annual,V,Current prices,MEAN,Mean,_Z,Not applicable,2006,,6002950.4,,,,A,Normal value,0,Units,0,Zero
DATAFLOW,OECD.ELS.SAE:DSD_EARNINGS@AV_AN_WAGE(1.0),Average annual wages,I,CHL,Chile,WG,Wages,CLP,Chilean peso,A,Annual,V,Current prices,MEAN,Mean,_Z,Not applicable,2007,,6457267.8,,,,A,Normal value,0,Units,0,Zero
DATAFLOW,OECD.ELS.SAE:DSD_EARNINGS@AV_AN_WAGE(1.0),Average annual wages,I,CHL,Chile,WG,Wages,CLP,Chilean peso,A,Annual,V,Current prices,MEAN,Mean,_Z,Not applicable,2008,,7244844,,,,A,Normal value,0,Units,0,Zero
DATAFLOW,OECD.ELS.SAE:DSD_EARNINGS@AV_AN_WAGE(1.0),Average annual wages,I,CHL,Chile,WG,Wages,CLP,Chilean peso,A,Annual,V,Current prices,MEAN,Mean,_Z,Not applicable,2009,,8042442.9,,,,A,Normal value,0,Units,0,Zero
DATAFLOW,OECD.ELS.SAE:DSD_EARNINGS@AV_AN_WAGE(1.0),Average annual wages,I,CHL,Chile,WG,Wages,CLP,Chilean peso,A,Annual,V,Current prices,MEAN,Mean,_Z,Not applicable,2010,,10281571,,,,A,Normal value,0,Units,0,Zero
DATAFLOW,OECD.ELS.SAE:DSD_EARNINGS@AV_AN_WAGE(1.0),Average annual wages,I,CHL,Chile,WG,Wages,CLP,Chilean peso,A,Annual,V,Current prices,MEAN,Mean,_Z,Not applicable,2011,,10827374,,,,A,Normal value,0,Units,0,Zero
DATAFLOW,OECD.ELS.SAE:DSD_EARNINGS@AV_AN_WAGE(1.0),Average annual wages,I,CHL,Chile,WG,Wages,CLP,Chilean peso,A,Annual,V,Current prices,MEAN,Mean,_Z,Not applicable,2012,,11408916,,,,A,Normal value,0,Units,0,Zero
DATAFLOW,OECD.ELS.SAE:DSD_EARNINGS@AV_AN_WAGE(1.0),Average annual wages,I,CHL,Chile,WG,Wages,CLP,Chilean peso,A,Annual,V,Current prices,MEAN,Mean,_Z,Not applicable,2013,,11992328,,,,A,Normal value,0,Units,0,Zero
DATAFLOW,OECD.ELS.SAE:DSD_EARNINGS@AV_AN_WAGE(1.0),Average annual wages,I,CHL,Chile,WG,Wages,CLP,Chilean peso,A,Annual,V,Current prices,MEAN,Mean,_Z,Not applicable,2014,,12876455,,,,A,Normal value,0,Units,0,Zero
DATAFLOW,OECD.ELS.SAE:DSD_EARNINGS@AV_AN_WAGE(1.0),Average annual wages,I,CHL,Chile,WG,Wages,CLP,Chilean peso,A,Annual,V,Current prices,MEAN,Mean,_Z,Not applicable,2015,,13558235,,,,A,Normal value,0,Units,0,Zero
DATAFLOW,OECD.ELS.SAE:DSD_EARNINGS@AV_AN_WAGE(1.0),Average annual wages,I,CHL,Chile,WG,Wages,CLP,Chilean peso,A,Annual,V,Current prices,MEAN,Mean,_Z,Not applicable,2016,,14717730,,,,A,Normal value,0,Units,0,Zero
DATAFLOW,OECD.ELS.SAE:DSD_EARNINGS@AV_AN_WAGE(1.0),Average annual wages,I,CHL,Chile,WG,Wages,CLP,Chilean peso,A,Annual,V,Current prices,MEAN,Mean,_Z,Not applicable,2017,,14612245,,,,A,Normal value,0,Units,0,Zero
DATAFLOW,OECD.ELS.SAE:DSD_EARNINGS@AV_AN_WAGE(1.0),Average annual wages,I,CHL,Chile,WG,Wages,CLP,Chilean peso,A,Annual,V,Current prices,MEAN,Mean,_Z,Not applicable,2018,,12864731,,,,A,Normal value,0,Units,0,Zero
DATAFLOW,OECD.ELS.SAE:DSD_EARNINGS@AV_AN_WAGE(1.0),Average annual wages,I,CHL,Chile,WG,Wages,CLP,Chilean peso,A,Annual,V,Current prices,MEAN,Mean,_Z,Not applicable,2019,,13305393,,,,A,Normal value,0,Units,0,Zero
DATAFLOW,OECD.ELS.SAE:DSD_EARNINGS@AV_AN_WAGE(1.0),Average annual wages,I,CHL,Chile,WG,Wages,CLP,Chilean peso,A,Annual,V,Current prices,MEAN,Mean,_Z,Not applicable,2020,,14086269,,,,A,Normal value,0,Units,0,Zero
DATAFLOW,OECD.ELS.SAE:DSD_EARNINGS@AV_AN_WAGE(1.0),Average annual wages,I,CHL,Chile,WG,Wages,CLP,Chilean peso,A,Annual,V,Current prices,MEAN,Mean,_Z,Not applicable,2021,,15517597,,,,A,Normal value,0,Units,0,Zero
DATAFLOW,OECD.ELS.SAE:DSD_EARNINGS@AV_AN_WAGE(1.0),Average annual wages,I,CHL,Chile,WG,Wages,CLP,Chilean peso,A,Annual,V,Current prices,MEAN,Mean,_Z,Not applicable,2022,,16719195,,,,A,Normal value,0,Units,0,Zero
DATAFLOW,OECD.ELS.SAE:DSD_EARNINGS@AV_AN_WAGE(1.0),Average annual wages,I,CHL,Chile,WG,Wages,CLP,Chilean peso,A,Annual,V,Current prices,MEAN,Mean,_Z,Not applicable,2023,,18161084,,,,A,Normal value,0,Units,0,Zero
DATAFLOW,OECD.ELS.SAE:DSD_EARNINGS@AV_AN_WAGE(1.0),Average annual wages,I,COL,Colombia,WG,Wages,COP,Colombian peso,A,Annual,V,Current prices,MEAN,Mean,_Z,Not applicable,2009,,20808608,,,,A,Normal value,0,Units,0,Zero
DATAFLOW,OECD.ELS.SAE:DSD_EARNINGS@AV_AN_WAGE(1.0),Average annual wages,I,COL,Colombia,WG,Wages,COP,Colombian peso,A,Annual,V,Current prices,MEAN,Mean,_Z,Not applicable,2010,,22041358,,,,A,Normal value,0,Units,0,Zero
DATAFLOW,OECD.ELS.SAE:DSD_EARNINGS@AV_AN_WAGE(1.0),Average annual wages,I,COL,Colombia,WG,Wages,COP,Colombian peso,A,Annual,V,Current prices,MEAN,Mean,_Z,Not applicable,2011,,23211206,,,,A,Normal value,0,Units,0,Zero
DATAFLOW,OECD.ELS.SAE:DSD_EARNINGS@AV_AN_WAGE(1.0),Average annual wages,I,COL,Colombia,WG,Wages,COP,Colombian peso,A,Annual,V,Current prices,MEAN,Mean,_Z,Not applicable,2012,,24663290,,,,A,Normal value,0,Units,0,Zero
DATAFLOW,OECD.ELS.SAE:DSD_EARNINGS@AV_AN_WAGE(1.0),Average annual wages,I,COL,Colombia,WG,Wages,COP,Colombian peso,A,Annual,V,Current prices,MEAN,Mean,_Z,Not applicable,2013,,25864338,,,,A,Normal value,0,Units,0,Zero
DATAFLOW,OECD.ELS.SAE:DSD_EARNINGS@AV_AN_WAGE(1.0),Average annual wages,I,COL,Colombia,WG,Wages,COP,Colombian peso,A,Annual,V,Current prices,MEAN,Mean,_Z,Not applicable,2014,,26668222,,,,A,Normal value,0,Units,0,Zero
DATAFLOW,OECD.ELS.SAE:DSD_EARNINGS@AV_AN_WAGE(1.0),Average annual wages,I,COL,Colombia,WG,Wages,COP,Colombian peso,A,Annual,V,Current prices,MEAN,Mean,_Z,Not applicable,2015,,28414003,,,,A,Normal value,0,Units,0,Zero
DATAFLOW,OECD.ELS.SAE:DSD_EARNINGS@AV_AN_WAGE(1.0),Average annual wages,I,COL,Colombia,WG,Wages,COP,Colombian peso,A,Annual,V,Current prices,MEAN,Mean,_Z,Not applicable,2016,,29943319,,,,A,Normal value,0,Units,0,Zero
DATAFLOW,OECD.ELS.SAE:DSD_EARNINGS@AV_AN_WAGE(1.0),Average annual wages,I,COL,Colombia,WG,Wages,COP,Colombian peso,A,Annual,V,Current prices,MEAN,Mean,_Z,Not applicable,2017,,31877453,,,,A,Normal value,0,Units,0,Zero
DATAFLOW,OECD.ELS.SAE:DSD_EARNINGS@AV_AN_WAGE(1.0),Average annual wages,I,COL,Colombia,WG,Wages,COP,Colombian peso,A,Annual,V,Current prices,MEAN,Mean,_Z,Not applicable,2018,,34209635,,,,A,Normal value,0,Units,0,Zero
DATAFLOW,OECD.ELS.SAE:DSD_EARNINGS@AV_AN_WAGE(1.0),Average annual wages,I,COL,Colombia,WG,Wages,COP,Colombian peso,A,Annual,V,Current prices,MEAN,Mean,_Z,Not applicable,2019,,35757408,,,,A,Normal value,0,Units,0,Zero
DATAFLOW,OECD.ELS.SAE:DSD_EARNINGS@AV_AN_WAGE(1.0),Average annual wages,I,COL,Colombia,WG,Wages,COP,Colombian peso,A,Annual,V,Current prices,MEAN,Mean,_Z,Not applicable,2020,,41546363,,,,A,Normal value,0,Units,0,Zero
DATAFLOW,OECD.ELS.SAE:DSD_EARNINGS@AV_AN_WAGE(1.0),Average annual wages,I,COL,Colombia,WG,Wages,COP,Colombian peso,A,Annual,V,Current prices,MEAN,Mean,_Z,Not applicable,2021,,40235921,,,,A,Normal value,0,Units,0,Zero
DATAFLOW,OECD.ELS.SAE:DSD_EARNINGS@AV_AN_WAGE(1.0),Average annual wages,I,COL,Colombia,WG,Wages,COP,Colombian peso,A,Annual,V,Current prices,MEAN,Mean,_Z,Not applicable,2022,,40795662,,,,A,Normal value,0,Units,0,Zero
DATAFLOW,OECD.ELS.SAE:DSD_EARNINGS@AV_AN_WAGE(1.0),Average annual wages,I,COL,Colombia,WG,Wages,COP,Colombian peso,A,Annual,V,Current prices,MEAN,Mean,_Z,Not applicable,2023,,44565740,,,,A,Normal value,0,Units,0,Zero
DATAFLOW,OECD.ELS.SAE:DSD_EARNINGS@AV_AN_WAGE(1.0),Average annual wages,I,COL,Colombia,WG,Wages,COP,Colombian peso,A,Annual,V,Current prices,MEAN,Mean,_Z,Not applicable,2024,,47790272,,,,A,Normal value,0,Units,0,Zero
DATAFLOW,OECD.ELS.SAE:DSD_EARNINGS@AV_AN_WAGE(1.0),Average annual wages,I,CRI,Costa Rica,WG,Wages,CRC,Costa Rican colon,A,Annual,V,Current prices,MEAN,Mean,_Z,Not applicable,2019,,11759219,,,,A,Normal value,0,Units,0,Zero
DATAFLOW,OECD.ELS.SAE:DSD_EARNINGS@AV_AN_WAGE(1.0),Average annual wages,I,CRI,Costa Rica,WG,Wages,CRC,Costa Rican colon,A,Annual,V,Current prices,MEAN,Mean,_Z,Not applicable,2020,,12974289,,,,A,Normal value,0,Units,0,Zero
DATAFLOW,OECD.ELS.SAE:DSD_EARNINGS@AV_AN_WAGE(1.0),Average annual wages,I,CRI,Costa Rica,WG,Wages,CRC,Costa Rican colon,A,Annual,V,Current prices,MEAN,Mean,_Z,Not applicable,2021,,13103136,,,,A,Normal value,0,Units,0,Zero
DATAFLOW,OECD.ELS.SAE:DSD_EARNINGS@AV_AN_WAGE(1.0),Average annual wages,I,CRI,Costa Rica,WG,Wages,CRC,Costa Rican colon,A,Annual,V,Current prices,MEAN,Mean,_Z,Not applicable,2023,,14077498,,,,A,Normal value,0,Units,0,Zero
DATAFLOW,OECD.ELS.SAE:DSD_EARNINGS@AV_AN_WAGE(1.0),Average annual wages,I,CZE,Czechia,WG,Wages,CZK,Czech koruna,A,Annual,V,Current prices,MEAN,Mean,_Z,Not applicable,1995,,108792.4,,,,A,Normal value,0,Units,0,Zero
DATAFLOW,OECD.ELS.SAE:DSD_EARNINGS@AV_AN_WAGE(1.0),Average annual wages,I,CZE,Czechia,WG,Wages,CZK,Czech koruna,A,Annual,V,Current prices,MEAN,Mean,_Z,Not applicable,1996,,127789.27,,,,A,Normal value,0,Units,0,Zero
DATAFLOW,OECD.ELS.SAE:DSD_EARNINGS@AV_AN_WAGE(1.0),Average annual wages,I,CZE,Czechia,WG,Wages,CZK,Czech koruna,A,Annual,V,Current prices,MEAN,Mean,_Z,Not applicable,1998,,152537.84,,,,A,Normal value,0,Units,0,Zero
DATAFLOW,OECD.ELS.SAE:DSD_EARNINGS@AV_AN_WAGE(1.0),Average annual wages,I,CZE,Czechia,WG,Wages,CZK,Czech koruna,A,Annual,V,Current prices,MEAN,Mean,_Z,Not applicable,1999,,161802.27,,,,A,Normal value,0,Units,0,Zero
DATAFLOW,OECD.ELS.SAE:DSD_EARNINGS@AV_AN_WAGE(1.0),Average annual wages,I,CZE,Czechia,WG,Wages,CZK,Czech koruna,A,Annual,V,Current prices,MEAN,Mean,_Z,Not applicable,2002,,203271.19,,,,A,Normal value,0,Units,0,Zero
DATAFLOW,OECD.ELS.SAE:DSD_EARNINGS@AV_AN_WAGE(1.0),Average annual wages,I,CZE,Czechia,WG,Wages,CZK,Czech koruna,A,Annual,V,Current prices,MEAN,Mean,_Z,Not applicable,2005,,246457.42,,,,A,Normal value,0,Units,0,Zero
DATAFLOW,OECD.ELS.SAE:DSD_EARNINGS@AV_AN_WAGE(1.0),Average annual wages,I,CZE,Czechia,WG,Wages,CZK,Czech koruna,A,Annual,V,Current prices,MEAN,Mean,_Z,Not applicable,2008,,290845.24,,,,A,Normal value,0,Units,0,Zero
DATAFLOW,OECD.ELS.SAE:DSD_EARNINGS@AV_AN_WAGE(1.0),Average annual wages,I,CZE,Czechia,WG,Wages,CZK,Czech koruna,A,Annual,V,Current prices,MEAN,Mean,_Z,Not applicable,2009,,292236.24,,,,A,Normal value,0,Units,0,Zero
DATAFLOW,OECD.ELS.SAE:DSD_EARNINGS@AV_AN_WAGE(1.0),Average annual wages,I,CZE,Czechia,WG,Wages,CZK,Czech koruna,A,Annual,V,Current prices,MEAN,Mean,_Z,Not applicable,2011,,310285.24,,,,A,Normal value,0,Units,0,Zero
DATAFLOW,OECD.ELS.SAE:DSD_EARNINGS@AV_AN_WAGE(1.0),Average annual wages,I,CZE,Czechia,WG,Wages,CZK,Czech koruna,A,Annual,V,Current prices,MEAN,Mean,_Z,Not applicable,2012,,316556.66,,,,A,Normal value,0,Units,0,Zero
DATAFLOW,OECD.ELS.SAE:DSD_EARNINGS@AV_AN_WAGE(1.0),Average annual wages,I,CZE,Czechia,WG,Wages,CZK,Czech koruna,A,Annual,V,Current prices,MEAN,Mean,_Z,Not applicable,2013,,316464.62,,,,A,Normal value,0,Units,0,Zero
DATAFLOW,OECD.ELS.SAE:DSD_EARNINGS@AV_AN_WAGE(1.0),Average annual wages,I,CZE,Czechia,WG,Wages,CZK,Czech koruna,A,Annual,V,Current prices,MEAN,Mean,_Z,Not applicable,2014,,325926.15,,,,A,Normal value,0,Units,0,Zero
DATAFLOW,OECD.ELS.SAE:DSD_EARNINGS@AV_AN_WAGE(1.0),Average annual wages,I,CZE,Czechia,WG,Wages,CZK,Czech koruna,A,Annual,V,Current prices,MEAN,Mean,_Z,Not applicable,2015,,335818.33,,,,A,Normal value,0,Units,0,Zero
DATAFLOW,OECD.ELS.SAE:DSD_EARNINGS@AV_AN_WAGE(1.0),Average annual wages,I,CZE,Czechia,WG,Wages,CZK,Czech koruna,A,Annual,V,Current prices,MEAN,Mean,_Z,Not applicable,2016,,352302.19,,,,A,Normal value,0,Units,0,Zero
DATAFLOW,OECD.ELS.SAE:DSD_EARNINGS@AV_AN_WAGE(1.0),Average annual wages,I,CZE,Czechia,WG,Wages,CZK,Czech koruna,A,Annual,V,Current prices,MEAN,Mean,_Z,Not applicable,2017,,379640.47,,,,A,Normal value,0,Units,0,Zero
DATAFLOW,OECD.ELS.SAE:DSD_EARNINGS@AV_AN_WAGE(1.0),Average annual wages,I,CZE,Czechia,WG,Wages,CZK,Czech koruna,A,Annual,V,Current prices,MEAN,Mean,_Z,Not applicable,2018,,410430.97,,,,A,Normal value,0,Units,0,Zero
DATAFLOW,OECD.ELS.SAE:DSD_EARNINGS@AV_AN_WAGE(1.0),Average annual wages,I,CZE,Czechia,WG,Wages,CZK,Czech koruna,A,Annual,V,Current prices,MEAN,Mean,_Z,Not applicable,2019,,441691.13,,,,A,Normal value,0,Units,0,Zero
DATAFLOW,OECD.ELS.SAE:DSD_EARNINGS@AV_AN_WAGE(1.0),Average annual wages,I,CZE,Czechia,WG,Wages,CZK,Czech koruna,A,Annual,V,Current prices,MEAN,Mean,_Z,Not applicable,2020,,452048.59,,,,A,Normal value,0,Units,0,Zero
DATAFLOW,OECD.ELS.SAE:DSD_EARNINGS@AV_AN_WAGE(1.0),Average annual wages,I,CZE,Czechia,WG,Wages,CZK,Czech koruna,A,Annual,V,Current prices,MEAN,Mean,_Z,Not applicable,2021,,480832.34,,,,A,Normal value,0,Units,0,Zero
DATAFLOW,OECD.ELS.SAE:DSD_EARNINGS@AV_AN_WAGE(1.0),Average annual wages,I,CZE,Czechia,WG,Wages,CZK,Czech koruna,A,Annual,V,Current prices,MEAN,Mean,_Z,Not applicable,2022,,522266.98,,,,A,Normal value,0,Units,0,Zero
DATAFLOW,OECD.ELS.SAE:DSD_EARNINGS@AV_AN_WAGE(1.0),Average annual wages,I,CZE,Czechia,WG,Wages,CZK,Czech koruna,A,Annual,V,Current prices,MEAN,Mean,_Z,Not applicable,2023,,560603.66,,,,A,Normal value,0,Units,0,Zero
DATAFLOW,OECD.ELS.SAE:DSD_EARNINGS@AV_AN_WAGE(1.0),Average annual wages,I,CZE,Czechia,WG,Wages,CZK,Czech koruna,A,Annual,V,Current prices,MEAN,Mean,_Z,Not applicable,2024,,597223.46,,,,A,Normal value,0,Units,0,Zero
DATAFLOW,OECD.ELS.SAE:DSD_EARNINGS@AV_AN_WAGE(1.0),Average annual wages,I,CZE,Czechia,WG,Wages,CZK,Czech koruna,A,Annual,V,Current prices,MEAN,Mean,_Z,Not applicable,2025,,639180.87,,,,A,Normal value,0,Units,0,Zero
DATAFLOW,OECD.ELS.SAE:DSD_EARNINGS@AV_AN_WAGE(1.0),Average annual wages,I,DNK,Denmark,WG,Wages,DKK,Danish krone,A,Annual,V,Current prices,MEAN,Mean,_Z,Not applicable,1990,,200761.45,,,,A,Normal value,0,Units,0,Zero
DATAFLOW,OECD.ELS.SAE:DSD_EARNINGS@AV_AN_WAGE(1.0),Average annual wages,I,DNK,Denmark,WG,Wages,DKK,Danish krone,A,Annual,V,Current prices,MEAN,Mean,_Z,Not applicable,1991,,207489.22,,,,A,Normal value,0,Units,0,Zero
DATAFLOW,OECD.ELS.SAE:DSD_EARNINGS@AV_AN_WAGE(1.0),Average annual wages,I,DNK,Denmark,WG,Wages,DKK,Danish krone,A,Annual,V,Current prices,MEAN,Mean,_Z,Not applicable,1992,,217037.28,,,,A,Normal value,0,Units,0,Zero
DATAFLOW,OECD.ELS.SAE:DSD_EARNINGS@AV_AN_WAGE(1.0),Average annual wages,I,DNK,Denmark,WG,Wages,DKK,Danish krone,A,Annual,V,Current prices,MEAN,Mean,_Z,Not applicable,1993,,221773.94,,,,A,Normal value,0,Units,0,Zero
DATAFLOW,OECD.ELS.SAE:DSD_EARNINGS@AV_AN_WAGE(1.0),Average annual wages,I,DNK,Denmark,WG,Wages,DKK,Danish krone,A,Annual,V,Current prices,MEAN,Mean,_Z,Not applicable,1994,,219646.57,,,,A,Normal value,0,Units,0,Zero
DATAFLOW,OECD.ELS.SAE:DSD_EARNINGS@AV_AN_WAGE(1.0),Average annual wages,I,DNK,Denmark,WG,Wages,DKK,Danish krone,A,Annual,V,Current prices,MEAN,Mean,_Z,Not applicable,1995,,228484.87,,,,A,Normal value,0,Units,0,Zero
DATAFLOW,OECD.ELS.SAE:DSD_EARNINGS@AV_AN_WAGE(1.0),Average annual wages,I,DNK,Denmark,WG,Wages,DKK,Danish krone,A,Annual,V,Current prices,MEAN,Mean,_Z,Not applicable,1996,,236533.9,,,,A,Normal value,0,Units,0,Zero
DATAFLOW,OECD.ELS.SAE:DSD_EARNINGS@AV_AN_WAGE(1.0),Average annual wages,I,DNK,Denmark,WG,Wages,DKK,Danish krone,A,Annual,V,Current prices,MEAN,Mean,_Z,Not applicable,1997,,244799.5,,,,A,Normal value,0,Units,0,Zero
DATAFLOW,OECD.ELS.SAE:DSD_EARNINGS@AV_AN_WAGE(1.0),Average annual wages,I,DNK,Denmark,WG,Wages,DKK,Danish krone,A,Annual,V,Current prices,MEAN,Mean,_Z,Not applicable,1998,,252829.05,,,,A,Normal value,0,Units,0,Zero
DATAFLOW,OECD.ELS.SAE:DSD_EARNINGS@AV_AN_WAGE(1.0),Average annual wages,I,DNK,Denmark,WG,Wages,DKK,Danish krone,A,Annual,V,Current prices,MEAN,Mean,_Z,Not applicable,1999,,260639.67,,,,A,Normal value,0,Units,0,Zero
DATAFLOW,OECD.ELS.SAE:DSD_EARNINGS@AV_AN_WAGE(1.0),Average annual wages,I,DNK,Denmark,WG,Wages,DKK,Danish krone,A,Annual,V,Current prices,MEAN,Mean,_Z,Not applicable,2000,,267667.14,,,,A,Normal value,0,Units,0,Zero
DATAFLOW,OECD.ELS.SAE:DSD_EARNINGS@AV_AN_WAGE(1.0),Average annual wages,I,DNK,Denmark,WG,Wages,DKK,Danish krone,A,Annual,V,Current prices,MEAN,Mean,_Z,Not applicable,2001,,275584.44,,,,A,Normal value,0,Units,0,Zero
DATAFLOW,OECD.ELS.SAE:DSD_EARNINGS@AV_AN_WAGE(1.0),Average annual wages,I,DNK,Denmark,WG,Wages,DKK,Danish krone,A,Annual,V,Current prices,MEAN,Mean,_Z,Not applicable,2002,,287081.62,,,,A,Normal value,0,Units,0,Zero
DATAFLOW,OECD.ELS.SAE:DSD_EARNINGS@AV_AN_WAGE(1.0),Average annual wages,I,DNK,Denmark,WG,Wages,DKK,Danish krone,A,Annual,V,Current prices,MEAN,Mean,_Z,Not applicable,2003,,297685.95,,,,A,Normal value,0,Units,0,Zero
DATAFLOW,OECD.ELS.SAE:DSD_EARNINGS@AV_AN_WAGE(1.0),Average annual wages,I,DNK,Denmark,WG,Wages,DKK,Danish krone,A,Annual,V,Current prices,MEAN,Mean,_Z,Not applicable,2004,,307922.34,,,,A,Normal value,0,Units,0,Zero
DATAFLOW,OECD.ELS.SAE:DSD_EARNINGS@AV_AN_WAGE(1.0),Average annual wages,I,DNK,Denmark,WG,Wages,DKK,Danish krone,A,Annual,V,Current prices,MEAN,Mean,_Z,Not applicable,2005,,318141.36,,,,A,Normal value,0,Units,0,Zero
DATAFLOW,OECD.ELS.SAE:DSD_EARNINGS@AV_AN_WAGE(1.0),Average annual wages,I,DNK,Denmark,WG,Wages,DKK,Danish krone,A,Annual,V,Current prices,MEAN,Mean,_Z,Not applicable,2006,,330552.75,,,,A,Normal value,0,Units,0,Zero
DATAFLOW,OECD.ELS.SAE:DSD_EARNINGS@AV_AN_WAGE(1.0),Average annual wages,I,DNK,Denmark,WG,Wages,DKK,Danish krone,A,Annual,V,Current prices,MEAN,Mean,_Z,Not applicable,2007,,340194.6,,,,A,Normal value,0,Units,0,Zero
DATAFLOW,OECD.ELS.SAE:DSD_EARNINGS@AV_AN_WAGE(1.0),Average annual wages,I,DNK,Denmark,WG,Wages,DKK,Danish krone,A,Annual,V,Current prices,MEAN,Mean,_Z,Not applicable,2008,,354915.57,,,,A,Normal value,0,Units,0,Zero
DATAFLOW,OECD.ELS.SAE:DSD_EARNINGS@AV_AN_WAGE(1.0),Average annual wages,I,DNK,Denmark,WG,Wages,DKK,Danish krone,A,Annual,V,Current prices,MEAN,Mean,_Z,Not applicable,2009,,365523.25,,,,A,Normal value,0,Units,0,Zero
DATAFLOW,OECD.ELS.SAE:DSD_EARNINGS@AV_AN_WAGE(1.0),Average annual wages,I,DNK,Denmark,WG,Wages,DKK,Danish krone,A,Annual,V,Current prices,MEAN,Mean,_Z,Not applicable,2010,,378168.95,,,,A,Normal value,0,Units,0,Zero
DATAFLOW,OECD.ELS.SAE:DSD_EARNINGS@AV_AN_WAGE(1.0),Average annual wages,I,DNK,Denmark,WG,Wages,DKK,Danish krone,A,Annual,V,Current prices,MEAN,Mean,_Z,Not applicable,2011,,385232.27,,,,A,Normal value,0,Units,0,Zero
DATAFLOW,OECD.ELS.SAE:DSD_EARNINGS@AV_AN_WAGE(1.0),Average annual wages,I,DNK,Denmark,WG,Wages,DKK,Danish krone,A,Annual,V,Current prices,MEAN,Mean,_Z,Not applicable,2012,,393995.08,,,,A,Normal value,0,Units,0,Zero
DATAFLOW,OECD.ELS.SAE:DSD_EARNINGS@AV_AN_WAGE(1.0),Average annual wages,I,DNK,Denmark,WG,Wages,DKK,Danish krone,A,Annual,V,Current prices,MEAN,Mean,_Z,Not applicable,2013,,399748.29,,,,A,Normal value,0,Units,0,Zero
DATAFLOW,OECD.ELS.SAE:DSD_EARNINGS@AV_AN_WAGE(1.0),Average annual wages,I,DNK,Denmark,WG,Wages,DKK,Danish krone,A,Annual,V,Current prices,MEAN,Mean,_Z,Not applicable,2014,,410395.36,,,,A,Normal value,0,Units,0,Zero
DATAFLOW,OECD.ELS.SAE:DSD_EARNINGS@AV_AN_WAGE(1.0),Average annual wages,I,DNK,Denmark,WG,Wages,DKK,Danish krone,A,Annual,V,Current prices,MEAN,Mean,_Z,Not applicable,2015,,417869.38,,,,A,Normal value,0,Units,0,Zero
DATAFLOW,OECD.ELS.SAE:DSD_EARNINGS@AV_AN_WAGE(1.0),Average annual wages,I,DNK,Denmark,WG,Wages,DKK,Danish krone,A,Annual,V,Current prices,MEAN,Mean,_Z,Not applicable,2016,,422977.03,,,,A,Normal value,0,Units,0,Zero
DATAFLOW,OECD.ELS.SAE:DSD_EARNINGS@AV_AN_WAGE(1.0),Average annual wages,I,DNK,Denmark,WG,Wages,DKK,Danish krone,A,Annual,V,Current prices,MEAN,Mean,_Z,Not applicable,2017,,429899.39,,,,A,Normal value,0,Units,0,Zero
DATAFLOW,OECD.ELS.SAE:DSD_EARNINGS@AV_AN_WAGE(1.0),Average annual wages,I,DNK,Denmark,WG,Wages,DKK,Danish krone,A,Annual,V,Current prices,MEAN,Mean,_Z,Not applicable,2018,,436572.73,,,,A,Normal value,0,Units,0,Zero
DATAFLOW,OECD.ELS.SAE:DSD_EARNINGS@AV_AN_WAGE(1.0),Average annual wages,I,DNK,Denmark,WG,Wages,DKK,Danish krone,A,Annual,V,Current prices,MEAN,Mean,_Z,Not applicable,2019,,442863.29,,,,A,Normal value,0,Units,0,Zero
DATAFLOW,OECD.ELS.SAE:DSD_EARNINGS@AV_AN_WAGE(1.0),Average annual wages,I,DNK,Denmark,WG,Wages,DKK,Danish krone,A,Annual,V,Current prices,MEAN,Mean,_Z,Not applicable,2020,,450952.73,,,,A,Normal value,0,Units,0,Zero
DATAFLOW,OECD.ELS.SAE:DSD_EARNINGS@AV_AN_WAGE(1.0),Average annual wages,I,DNK,Denmark,WG,Wages,DKK,Danish krone,A,Annual,V,Current prices,MEAN,Mean,_Z,Not applicable,2021,,462392.67,,,,A,Normal value,0,Units,0,Zero
DATAFLOW,OECD.ELS.SAE:DSD_EARNINGS@AV_AN_WAGE(1.0),Average annual wages,I,DNK,Denmark,WG,Wages,DKK,Danish krone,A,Annual,V,Current prices,MEAN,Mean,_Z,Not applicable,2022,,477835.51,,,,A,Normal value,0,Units,0,Zero
DATAFLOW,OECD.ELS.SAE:DSD_EARNINGS@AV_AN_WAGE(1.0),Average annual wages,I,DNK,Denmark,WG,Wages,DKK,Danish krone,A,Annual,V,Current prices,MEAN,Mean,_Z,Not applicable,2023,,498898.26,,,,A,Normal value,0,Units,0,Zero
DATAFLOW,OECD.ELS.SAE:DSD_EARNINGS@AV_AN_WAGE(1.0),Average annual wages,I,DNK,Denmark,WG,Wages,DKK,Danish krone,A,Annual,V,Current prices,MEAN,Mean,_Z,Not applicable,2024,,526247.26,,,,A,Normal value,0,Units,0,Zero
DATAFLOW,OECD.ELS.SAE:DSD_EARNINGS@AV_AN_WAGE(1.0),Average annual wages,I,DNK,Denmark,WG,Wages,DKK,Danish krone,A,Annual,V,Current prices,MEAN,Mean,_Z,Not applicable,2025,,540515.74,,,,A,Normal value,0,Units,0,Zero
DATAFLOW,OECD.ELS.SAE:DSD_EARNINGS@AV_AN_WAGE(1.0),Average annual wages,I,HUN,Hungary,WG,Wages,HUF,Forint,A,Annual,V,Current prices,MEAN,Mean,_Z,Not applicable,1995,,559790.68,,,,A,Normal value,0,Units,0,Zero
DATAFLOW,OECD.ELS.SAE:DSD_EARNINGS@AV_AN_WAGE(1.0),Average annual wages,I,HUN,Hungary,WG,Wages,HUF,Forint,A,Annual,V,Current prices,MEAN,Mean,_Z,Not applicable,1996,,688745.96,,,,A,Normal value,0,Units,0,Zero
DATAFLOW,OECD.ELS.SAE:DSD_EARNINGS@AV_AN_WAGE(1.0),Average annual wages,I,HUN,Hungary,WG,Wages,HUF,Forint,A,Annual,V,Current prices,MEAN,Mean,_Z,Not applicable,1997,,832476.28,,,,A,Normal value,0,Units,0,Zero
DATAFLOW,OECD.ELS.SAE:DSD_EARNINGS@AV_AN_WAGE(1.0),Average annual wages,I,HUN,Hungary,WG,Wages,HUF,Forint,A,Annual,V,Current prices,MEAN,Mean,_Z,Not applicable,1998,,967462.48,,,,A,Normal value,0,Units,0,Zero
DATAFLOW,OECD.ELS.SAE:DSD_EARNINGS@AV_AN_WAGE(1.0),Average annual wages,I,HUN,Hungary,WG,Wages,HUF,Forint,A,Annual,V,Current prices,MEAN,Mean,_Z,Not applicable,1999,,1061984.4,,,,A,Normal value,0,Units,0,Zero
DATAFLOW,OECD.ELS.SAE:DSD_EARNINGS@AV_AN_WAGE(1.0),Average annual wages,I,HUN,Hungary,WG,Wages,HUF,Forint,A,Annual,V,Current prices,MEAN,Mean,_Z,Not applicable,2000,,1234958,,,,A,Normal value,0,Units,0,Zero
DATAFLOW,OECD.ELS.SAE:DSD_EARNINGS@AV_AN_WAGE(1.0),Average annual wages,I,HUN,Hungary,WG,Wages,HUF,Forint,A,Annual,V,Current prices,MEAN,Mean,_Z,Not applicable,2001,,1457006.5,,,,A,Normal value,0,Units,0,Zero
DATAFLOW,OECD.ELS.SAE:DSD_EARNINGS@AV_AN_WAGE(1.0),Average annual wages,I,HUN,Hungary,WG,Wages,HUF,Forint,A,Annual,V,Current prices,MEAN,Mean,_Z,Not applicable,2002,,1623452.8,,,,A,Normal value,0,Units,0,Zero
DATAFLOW,OECD.ELS.SAE:DSD_EARNINGS@AV_AN_WAGE(1.0),Average annual wages,I,HUN,Hungary,WG,Wages,HUF,Forint,A,Annual,V,Current prices,MEAN,Mean,_Z,Not applicable,2003,,1830201.4,,,,A,Normal value,0,Units,0,Zero
DATAFLOW,OECD.ELS.SAE:DSD_EARNINGS@AV_AN_WAGE(1.0),Average annual wages,I,HUN,Hungary,WG,Wages,HUF,Forint,A,Annual,V,Current prices,MEAN,Mean,_Z,Not applicable,2004,,2062613,,,,A,Normal value,0,Units,0,Zero
DATAFLOW,OECD.ELS.SAE:DSD_EARNINGS@AV_AN_WAGE(1.0),Average annual wages,I,HUN,Hungary,WG,Wages,HUF,Forint,A,Annual,V,Current prices,MEAN,Mean,_Z,Not applicable,2005,,2231200.1,,,,A,Normal value,0,Units,0,Zero
DATAFLOW,OECD.ELS.SAE:DSD_EARNINGS@AV_AN_WAGE(1.0),Average annual wages,I,HUN,Hungary,WG,Wages,HUF,Forint,A,Annual,V,Current prices,MEAN,Mean,_Z,Not applicable,2006,,2345765.7,,,,A,Normal value,0,Units,0,Zero
DATAFLOW,OECD.ELS.SAE:DSD_EARNINGS@AV_AN_WAGE(1.0),Average annual wages,I,HUN,Hungary,WG,Wages,HUF,Forint,A,Annual,V,Current prices,MEAN,Mean,_Z,Not applicable,2007,,2480187.2,,,,A,Normal value,0,Units,0,Zero
DATAFLOW,OECD.ELS.SAE:DSD_EARNINGS@AV_AN_WAGE(1.0),Average annual wages,I,HUN,Hungary,WG,Wages,HUF,Forint,A,Annual,V,Current prices,MEAN,Mean,_Z,Not applicable,2008,,2666603.2,,,,A,Normal value,0,Units,0,Zero
DATAFLOW,OECD.ELS.SAE:DSD_EARNINGS@AV_AN_WAGE(1.0),Average annual wages,I,HUN,Hungary,WG,Wages,HUF,Forint,A,Annual,V,Current prices,MEAN,Mean,_Z,Not applicable,2009,,2618841.5,,,,A,Normal value,0,Units,0,Zero
DATAFLOW,OECD.ELS.SAE:DSD_EARNINGS@AV_AN_WAGE(1.0),Average annual wages,I,HUN,Hungary,WG,Wages,HUF,Forint,A,Annual,V,Current prices,MEAN,Mean,_Z,Not applicable,2010,,2766368.5,,,,A,Normal value,0,Units,0,Zero
DATAFLOW,OECD.ELS.SAE:DSD_EARNINGS@AV_AN_WAGE(1.0),Average annual wages,I,HUN,Hungary,WG,Wages,HUF,Forint,A,Annual,V,Current prices,MEAN,Mean,_Z,Not applicable,2011,,2897975,,,,A,Normal value,0,Units,0,Zero
DATAFLOW,OECD.ELS.SAE:DSD_EARNINGS@AV_AN_WAGE(1.0),Average annual wages,I,HUN,Hungary,WG,Wages,HUF,Forint,A,Annual,V,Current prices,MEAN,Mean,_Z,Not applicable,2012,,2958593.4,,,,A,Normal value,0,Units,0,Zero
DATAFLOW,OECD.ELS.SAE:DSD_EARNINGS@AV_AN_WAGE(1.0),Average annual wages,I,HUN,Hungary,WG,Wages,HUF,Forint,A,Annual,V,Current prices,MEAN,Mean,_Z,Not applicable,2013,,2968317.1,,,,A,Normal value,0,Units,0,Zero
DATAFLOW,OECD.ELS.SAE:DSD_EARNINGS@AV_AN_WAGE(1.0),Average annual wages,I,HUN,Hungary,WG,Wages,HUF,Forint,A,Annual,V,Current prices,MEAN,Mean,_Z,Not applicable,2014,,2956857.3,,,,A,Normal value,0,Units,0,Zero
DATAFLOW,OECD.ELS.SAE:DSD_EARNINGS@AV_AN_WAGE(1.0),Average annual wages,I,HUN,Hungary,WG,Wages,HUF,Forint,A,Annual,V,Current prices,MEAN,Mean,_Z,Not applicable,2015,,3000199,,,,A,Normal value,0,Units,0,Zero
DATAFLOW,OECD.ELS.SAE:DSD_EARNINGS@AV_AN_WAGE(1.0),Average annual wages,I,HUN,Hungary,WG,Wages,HUF,Forint,A,Annual,V,Current prices,MEAN,Mean,_Z,Not applicable,2016,,3078965.3,,,,A,Normal value,0,Units,0,Zero
DATAFLOW,OECD.ELS.SAE:DSD_EARNINGS@AV_AN_WAGE(1.0),Average annual wages,I,HUN,Hungary,WG,Wages,HUF,Forint,A,Annual,V,Current prices,MEAN,Mean,_Z,Not applicable,2017,,3407449.2,,,,A,Normal value,0,Units,0,Zero
DATAFLOW,OECD.ELS.SAE:DSD_EARNINGS@AV_AN_WAGE(1.0),Average annual wages,I,HUN,Hungary,WG,Wages,HUF,Forint,A,Annual,V,Current prices,MEAN,Mean,_Z,Not applicable,2018,,3696812.8,,,,A,Normal value,0,Units,0,Zero
DATAFLOW,OECD.ELS.SAE:DSD_EARNINGS@AV_AN_WAGE(1.0),Average annual wages,I,HUN,Hungary,WG,Wages,HUF,Forint,A,Annual,V,Current prices,MEAN,Mean,_Z,Not applicable,2019,,4090237,,,,A,Normal value,0,Units,0,Zero
DATAFLOW,OECD.ELS.SAE:DSD_EARNINGS@AV_AN_WAGE(1.0),Average annual wages,I,HUN,Hungary,WG,Wages,HUF,Forint,A,Annual,V,Current prices,MEAN,Mean,_Z,Not applicable,2020,,4343130.2,,,,A,Normal value,0,Units,0,Zero
DATAFLOW,OECD.ELS.SAE:DSD_EARNINGS@AV_AN_WAGE(1.0),Average annual wages,I,HUN,Hungary,WG,Wages,HUF,Forint,A,Annual,V,Current prices,MEAN,Mean,_Z,Not applicable,2021,,4730188.5,,,,A,Normal value,0,Units,0,Zero
DATAFLOW,OECD.ELS.SAE:DSD_EARNINGS@AV_AN_WAGE(1.0),Average annual wages,I,HUN,Hungary,WG,Wages,HUF,Forint,A,Annual,V,Current prices,MEAN,Mean,_Z,Not applicable,2022,,5637598.8,,,,A,Normal value,0,Units,0,Zero
DATAFLOW,OECD.ELS.SAE:DSD_EARNINGS@AV_AN_WAGE(1.0),Average annual wages,I,HUN,Hungary,WG,Wages,HUF,Forint,A,Annual,V,Current prices,MEAN,Mean,_Z,Not applicable,2023,,6505858.4,,,,A,Normal value,0,Units,0,Zero
DATAFLOW,OECD.ELS.SAE:DSD_EARNINGS@AV_AN_WAGE(1.0),Average annual wages,I,HUN,Hungary,WG,Wages,HUF,Forint,A,Annual,V,Current prices,MEAN,Mean,_Z,Not applicable,2024,,7326363.9,,,,A,Normal value,0,Units,0,Zero
DATAFLOW,OECD.ELS.SAE:DSD_EARNINGS@AV_AN_WAGE(1.0),Average annual wages,I,HUN,Hungary,WG,Wages,HUF,Forint,A,Annual,V,Current prices,MEAN,Mean,_Z,Not applicable,2025,,8006716.8,,,,A,Normal value,0,Units,0,Zero
DATAFLOW,OECD.ELS.SAE:DSD_EARNINGS@AV_AN_WAGE(1.0),Average annual wages,I,ISL,Iceland,WG,Wages,ISK,Iceland krona,A,Annual,V,Current prices,MEAN,Mean,_Z,Not applicable,1990,,1928290.8,,,,A,Normal value,0,Units,0,Zero
DATAFLOW,OECD.ELS.SAE:DSD_EARNINGS@AV_AN_WAGE(1.0),Average annual wages,I,ISL,Iceland,WG,Wages,ISK,Iceland krona,A,Annual,V,Current prices,MEAN,Mean,_Z,Not applicable,1991,,2219078.8,,,,A,Normal value,0,Units,0,Zero
DATAFLOW,OECD.ELS.SAE:DSD_EARNINGS@AV_AN_WAGE(1.0),Average annual wages,I,ISL,Iceland,WG,Wages,ISK,Iceland krona,A,Annual,V,Current prices,MEAN,Mean,_Z,Not applicable,1992,,2218389.3,,,,A,Normal value,0,Units,0,Zero
DATAFLOW,OECD.ELS.SAE:DSD_EARNINGS@AV_AN_WAGE(1.0),Average annual wages,I,ISL,Iceland,WG,Wages,ISK,Iceland krona,A,Annual,V,Current prices,MEAN,Mean,_Z,Not applicable,1993,,2177952.6,,,,A,Normal value,0,Units,0,Zero
DATAFLOW,OECD.ELS.SAE:DSD_EARNINGS@AV_AN_WAGE(1.0),Average annual wages,I,ISL,Iceland,WG,Wages,ISK,Iceland krona,A,Annual,V,Current prices,MEAN,Mean,_Z,Not applicable,1994,,2257996.3,,,,A,Normal value,0,Units,0,Zero
DATAFLOW,OECD.ELS.SAE:DSD_EARNINGS@AV_AN_WAGE(1.0),Average annual wages,I,ISL,Iceland,WG,Wages,ISK,Iceland krona,A,Annual,V,Current prices,MEAN,Mean,_Z,Not applicable,1995,,2363076.5,,,,A,Normal value,0,Units,0,Zero
DATAFLOW,OECD.ELS.SAE:DSD_EARNINGS@AV_AN_WAGE(1.0),Average annual wages,I,ISL,Iceland,WG,Wages,ISK,Iceland krona,A,Annual,V,Current prices,MEAN,Mean,_Z,Not applicable,1996,,2508153.4,,,,A,Normal value,0,Units,0,Zero
DATAFLOW,OECD.ELS.SAE:DSD_EARNINGS@AV_AN_WAGE(1.0),Average annual wages,I,ISL,Iceland,WG,Wages,ISK,Iceland krona,A,Annual,V,Current prices,MEAN,Mean,_Z,Not applicable,1997,,2644780.3,,,,A,Normal value,0,Units,0,Zero
DATAFLOW,OECD.ELS.SAE:DSD_EARNINGS@AV_AN_WAGE(1.0),Average annual wages,I,ISL,Iceland,WG,Wages,ISK,Iceland krona,A,Annual,V,Current prices,MEAN,Mean,_Z,Not applicable,1998,,2948501.3,,,,A,Normal value,0,Units,0,Zero
DATAFLOW,OECD.ELS.SAE:DSD_EARNINGS@AV_AN_WAGE(1.0),Average annual wages,I,ISL,Iceland,WG,Wages,ISK,Iceland krona,A,Annual,V,Current prices,MEAN,Mean,_Z,Not applicable,1999,,3186151.9,,,,A,Normal value,0,Units,0,Zero
DATAFLOW,OECD.ELS.SAE:DSD_EARNINGS@AV_AN_WAGE(1.0),Average annual wages,I,ISL,Iceland,WG,Wages,ISK,Iceland krona,A,Annual,V,Current prices,MEAN,Mean,_Z,Not applicable,2000,,3472001.6,,,,A,Normal value,0,Units,0,Zero
DATAFLOW,OECD.ELS.SAE:DSD_EARNINGS@AV_AN_WAGE(1.0),Average annual wages,I,ISL,Iceland,WG,Wages,ISK,Iceland krona,A,Annual,V,Current prices,MEAN,Mean,_Z,Not applicable,2001,,3721200.4,,,,A,Normal value,0,Units,0,Zero
DATAFLOW,OECD.ELS.SAE:DSD_EARNINGS@AV_AN_WAGE(1.0),Average annual wages,I,ISL,Iceland,WG,Wages,ISK,Iceland krona,A,Annual,V,Current prices,MEAN,Mean,_Z,Not applicable,2002,,4036132.8,,,,A,Normal value,0,Units,0,Zero
DATAFLOW,OECD.ELS.SAE:DSD_EARNINGS@AV_AN_WAGE(1.0),Average annual wages,I,ISL,Iceland,WG,Wages,ISK,Iceland krona,A,Annual,V,Current prices,MEAN,Mean,_Z,Not applicable,2003,,3975948,,,,A,Normal value,0,Units,0,Zero
DATAFLOW,OECD.ELS.SAE:DSD_EARNINGS@AV_AN_WAGE(1.0),Average annual wages,I,ISL,Iceland,WG,Wages,ISK,Iceland krona,A,Annual,V,Current prices,MEAN,Mean,_Z,Not applicable,2004,,4360068.3,,,,A,Normal value,0,Units,0,Zero
DATAFLOW,OECD.ELS.SAE:DSD_EARNINGS@AV_AN_WAGE(1.0),Average annual wages,I,ISL,Iceland,WG,Wages,ISK,Iceland krona,A,Annual,V,Current prices,MEAN,Mean,_Z,Not applicable,2005,,4759886.1,,,,A,Normal value,0,Units,0,Zero
DATAFLOW,OECD.ELS.SAE:DSD_EARNINGS@AV_AN_WAGE(1.0),Average annual wages,I,ISL,Iceland,WG,Wages,ISK,Iceland krona,A,Annual,V,Current prices,MEAN,Mean,_Z,Not applicable,2006,,5374711.1,,,,A,Normal value,0,Units,0,Zero
DATAFLOW,OECD.ELS.SAE:DSD_EARNINGS@AV_AN_WAGE(1.0),Average annual wages,I,ISL,Iceland,WG,Wages,ISK,Iceland krona,A,Annual,V,Current prices,MEAN,Mean,_Z,Not applicable,2007,,5798872.8,,,,A,Normal value,0,Units,0,Zero
DATAFLOW,OECD.ELS.SAE:DSD_EARNINGS@AV_AN_WAGE(1.0),Average annual wages,I,ISL,Iceland,WG,Wages,ISK,Iceland krona,A,Annual,V,Current prices,MEAN,Mean,_Z,Not applicable,2008,,5882407.8,,,,A,Normal value,0,Units,0,Zero
DATAFLOW,OECD.ELS.SAE:DSD_EARNINGS@AV_AN_WAGE(1.0),Average annual wages,I,ISL,Iceland,WG,Wages,ISK,Iceland krona,A,Annual,V,Current prices,MEAN,Mean,_Z,Not applicable,2009,,5760480.4,,,,A,Normal value,0,Units,0,Zero
DATAFLOW,OECD.ELS.SAE:DSD_EARNINGS@AV_AN_WAGE(1.0),Average annual wages,I,ISL,Iceland,WG,Wages,ISK,Iceland krona,A,Annual,V,Current prices,MEAN,Mean,_Z,Not applicable,2010,,6161061.6,,,,A,Normal value,0,Units,0,Zero
DATAFLOW,OECD.ELS.SAE:DSD_EARNINGS@AV_AN_WAGE(1.0),Average annual wages,I,ISL,Iceland,WG,Wages,ISK,Iceland krona,A,Annual,V,Current prices,MEAN,Mean,_Z,Not applicable,2011,,6716164.4,,,,A,Normal value,0,Units,0,Zero
DATAFLOW,OECD.ELS.SAE:DSD_EARNINGS@AV_AN_WAGE(1.0),Average annual wages,I,ISL,Iceland,WG,Wages,ISK,Iceland krona,A,Annual,V,Current prices,MEAN,Mean,_Z,Not applicable,2012,,7032330,,,,A,Normal value,0,Units,0,Zero
DATAFLOW,OECD.ELS.SAE:DSD_EARNINGS@AV_AN_WAGE(1.0),Average annual wages,I,ISL,Iceland,WG,Wages,ISK,Iceland krona,A,Annual,V,Current prices,MEAN,Mean,_Z,Not applicable,2013,,7404628,,,,A,Normal value,0,Units,0,Zero
DATAFLOW,OECD.ELS.SAE:DSD_EARNINGS@AV_AN_WAGE(1.0),Average annual wages,I,ISL,Iceland,WG,Wages,ISK,Iceland krona,A,Annual,V,Current prices,MEAN,Mean,_Z,Not applicable,2014,,7668127.7,,,,A,Normal value,0,Units,0,Zero
DATAFLOW,OECD.ELS.SAE:DSD_EARNINGS@AV_AN_WAGE(1.0),Average annual wages,I,ISL,Iceland,WG,Wages,ISK,Iceland krona,A,Annual,V,Current prices,MEAN,Mean,_Z,Not applicable,2015,,8231614.1,,,,A,Normal value,0,Units,0,Zero
DATAFLOW,OECD.ELS.SAE:DSD_EARNINGS@AV_AN_WAGE(1.0),Average annual wages,I,ISL,Iceland,WG,Wages,ISK,Iceland krona,A,Annual,V,Current prices,MEAN,Mean,_Z,Not applicable,2016,,8960366.2,,,,A,Normal value,0,Units,0,Zero
DATAFLOW,OECD.ELS.SAE:DSD_EARNINGS@AV_AN_WAGE(1.0),Average annual wages,I,ISL,Iceland,WG,Wages,ISK,Iceland krona,A,Annual,V,Current prices,MEAN,Mean,_Z,Not applicable,2017,,9736177.9,,,,A,Normal value,0,Units,0,Zero
DATAFLOW,OECD.ELS.SAE:DSD_EARNINGS@AV_AN_WAGE(1.0),Average annual wages,I,ISL,Iceland,WG,Wages,ISK,Iceland krona,A,Annual,V,Current prices,MEAN,Mean,_Z,Not applicable,2018,,10677837,,,,A,Normal value,0,Units,0,Zero
DATAFLOW,OECD.ELS.SAE:DSD_EARNINGS@AV_AN_WAGE(1.0),Average annual wages,I,ISL,Iceland,WG,Wages,ISK,Iceland krona,A,Annual,V,Current prices,MEAN,Mean,_Z,Not applicable,2019,,10798026,,,,A,Normal value,0,Units,0,Zero
DATAFLOW,OECD.ELS.SAE:DSD_EARNINGS@AV_AN_WAGE(1.0),Average annual wages,I,ISL,Iceland,WG,Wages,ISK,Iceland krona,A,Annual,V,Current prices,MEAN,Mean,_Z,Not applicable,2020,,10544366,,,,A,Normal value,0,Units,0,Zero
DATAFLOW,OECD.ELS.SAE:DSD_EARNINGS@AV_AN_WAGE(1.0),Average annual wages,I,ISL,Iceland,WG,Wages,ISK,Iceland krona,A,Annual,V,Current prices,MEAN,Mean,_Z,Not applicable,2021,,11490641,,,,A,Normal value,0,Units,0,Zero
DATAFLOW,OECD.ELS.SAE:DSD_EARNINGS@AV_AN_WAGE(1.0),Average annual wages,I,ISL,Iceland,WG,Wages,ISK,Iceland krona,A,Annual,V,Current prices,MEAN,Mean,_Z,Not applicable,2022,,13257021,,,,A,Normal value,0,Units,0,Zero
DATAFLOW,OECD.ELS.SAE:DSD_EARNINGS@AV_AN_WAGE(1.0),Average annual wages,I,ISL,Iceland,WG,Wages,ISK,Iceland krona,A,Annual,V,Current prices,MEAN,Mean,_Z,Not applicable,2023,,14743072,,,,A,Normal value,0,Units,0,Zero
DATAFLOW,OECD.ELS.SAE:DSD_EARNINGS@AV_AN_WAGE(1.0),Average annual wages,I,ISL,Iceland,WG,Wages,ISK,Iceland krona,A,Annual,V,Current prices,MEAN,Mean,_Z,Not applicable,2024,,15697208,,,,A,Normal value,0,Units,0,Zero
DATAFLOW,OECD.ELS.SAE:DSD_EARNINGS@AV_AN_WAGE(1.0),Average annual wages,I,ISL,Iceland,WG,Wages,ISK,Iceland krona,A,Annual,V,Current prices,MEAN,Mean,_Z,Not applicable,2025,,16760757,,,,A,Normal value,0,Units,0,Zero
DATAFLOW,OECD.ELS.SAE:DSD_EARNINGS@AV_AN_WAGE(1.0),Average annual wages,I,ISR,Israel,WG,Wages,ILS,New Israeli sheqel,A,Annual,V,Current prices,MEAN,Mean,_Z,Not applicable,1995,,77766.71,,,,A,Normal value,0,Units,0,Zero
DATAFLOW,OECD.ELS.SAE:DSD_EARNINGS@AV_AN_WAGE(1.0),Average annual wages,I,ISR,Israel,WG,Wages,ILS,New Israeli sheqel,A,Annual,V,Current prices,MEAN,Mean,_Z,Not applicable,1996,,90558.251,,,,A,Normal value,0,Units,0,Zero
DATAFLOW,OECD.ELS.SAE:DSD_EARNINGS@AV_AN_WAGE(1.0),Average annual wages,I,ISR,Israel,WG,Wages,ILS,New Israeli sheqel,A,Annual,V,Current prices,MEAN,Mean,_Z,Not applicable,1997,,98970.271,,,,A,Normal value,0,Units,0,Zero
DATAFLOW,OECD.ELS.SAE:DSD_EARNINGS@AV_AN_WAGE(1.0),Average annual wages,I,ISR,Israel,WG,Wages,ILS,New Israeli sheqel,A,Annual,V,Current prices,MEAN,Mean,_Z,Not applicable,1998,,108426.34,,,,A,Normal value,0,Units,0,Zero
DATAFLOW,OECD.ELS.SAE:DSD_EARNINGS@AV_AN_WAGE(1.0),Average annual wages,I,ISR,Israel,WG,Wages,ILS,New Israeli sheqel,A,Annual,V,Current prices,MEAN,Mean,_Z,Not applicable,1999,,116617.4,,,,A,Normal value,0,Units,0,Zero
DATAFLOW,OECD.ELS.SAE:DSD_EARNINGS@AV_AN_WAGE(1.0),Average annual wages,I,ISR,Israel,WG,Wages,ILS,New Israeli sheqel,A,Annual,V,Current prices,MEAN,Mean,_Z,Not applicable,2000,,123157.77,,,,A,Normal value,0,Units,0,Zero
DATAFLOW,OECD.ELS.SAE:DSD_EARNINGS@AV_AN_WAGE(1.0),Average annual wages,I,ISR,Israel,WG,Wages,ILS,New Israeli sheqel,A,Annual,V,Current prices,MEAN,Mean,_Z,Not applicable,2001,,127149.66,,,,A,Normal value,0,Units,0,Zero
DATAFLOW,OECD.ELS.SAE:DSD_EARNINGS@AV_AN_WAGE(1.0),Average annual wages,I,ISR,Israel,WG,Wages,ILS,New Israeli sheqel,A,Annual,V,Current prices,MEAN,Mean,_Z,Not applicable,2002,,127744.44,,,,A,Normal value,0,Units,0,Zero
DATAFLOW,OECD.ELS.SAE:DSD_EARNINGS@AV_AN_WAGE(1.0),Average annual wages,I,ISR,Israel,WG,Wages,ILS,New Israeli sheqel,A,Annual,V,Current prices,MEAN,Mean,_Z,Not applicable,2003,,124122.97,,,,A,Normal value,0,Units,0,Zero
DATAFLOW,OECD.ELS.SAE:DSD_EARNINGS@AV_AN_WAGE(1.0),Average annual wages,I,ISR,Israel,WG,Wages,ILS,New Israeli sheqel,A,Annual,V,Current prices,MEAN,Mean,_Z,Not applicable,2004,,122989.33,,,,A,Normal value,0,Units,0,Zero
DATAFLOW,OECD.ELS.SAE:DSD_EARNINGS@AV_AN_WAGE(1.0),Average annual wages,I,ISR,Israel,WG,Wages,ILS,New Israeli sheqel,A,Annual,V,Current prices,MEAN,Mean,_Z,Not applicable,2005,,125256.45,,,,A,Normal value,0,Units,0,Zero
DATAFLOW,OECD.ELS.SAE:DSD_EARNINGS@AV_AN_WAGE(1.0),Average annual wages,I,ISR,Israel,WG,Wages,ILS,New Israeli sheqel,A,Annual,V,Current prices,MEAN,Mean,_Z,Not applicable,2006,,131641.42,,,,A,Normal value,0,Units,0,Zero
DATAFLOW,OECD.ELS.SAE:DSD_EARNINGS@AV_AN_WAGE(1.0),Average annual wages,I,ISR,Israel,WG,Wages,ILS,New Israeli sheqel,A,Annual,V,Current prices,MEAN,Mean,_Z,Not applicable,2007,,134537.09,,,,A,Normal value,0,Units,0,Zero
DATAFLOW,OECD.ELS.SAE:DSD_EARNINGS@AV_AN_WAGE(1.0),Average annual wages,I,ISR,Israel,WG,Wages,ILS,New Israeli sheqel,A,Annual,V,Current prices,MEAN,Mean,_Z,Not applicable,2008,,138383.83,,,,A,Normal value,0,Units,0,Zero
DATAFLOW,OECD.ELS.SAE:DSD_EARNINGS@AV_AN_WAGE(1.0),Average annual wages,I,ISR,Israel,WG,Wages,ILS,New Israeli sheqel,A,Annual,V,Current prices,MEAN,Mean,_Z,Not applicable,2009,,137887.23,,,,A,Normal value,0,Units,0,Zero
DATAFLOW,OECD.ELS.SAE:DSD_EARNINGS@AV_AN_WAGE(1.0),Average annual wages,I,ISR,Israel,WG,Wages,ILS,New Israeli sheqel,A,Annual,V,Current prices,MEAN,Mean,_Z,Not applicable,2010,,141602.72,,,,A,Normal value,0,Units,0,Zero
DATAFLOW,OECD.ELS.SAE:DSD_EARNINGS@AV_AN_WAGE(1.0),Average annual wages,I,ISR,Israel,WG,Wages,ILS,New Israeli sheqel,A,Annual,V,Current prices,MEAN,Mean,_Z,Not applicable,2011,,147034.51,,,,A,Normal value,0,Units,0,Zero
DATAFLOW,OECD.ELS.SAE:DSD_EARNINGS@AV_AN_WAGE(1.0),Average annual wages,I,ISR,Israel,WG,Wages,ILS,New Israeli sheqel,A,Annual,V,Current prices,MEAN,Mean,_Z,Not applicable,2012,,140166.67,,,,A,Normal value,0,Units,0,Zero
DATAFLOW,OECD.ELS.SAE:DSD_EARNINGS@AV_AN_WAGE(1.0),Average annual wages,I,ISR,Israel,WG,Wages,ILS,New Israeli sheqel,A,Annual,V,Current prices,MEAN,Mean,_Z,Not applicable,2013,,143481.1,,,,A,Normal value,0,Units,0,Zero
DATAFLOW,OECD.ELS.SAE:DSD_EARNINGS@AV_AN_WAGE(1.0),Average annual wages,I,ISR,Israel,WG,Wages,ILS,New Israeli sheqel,A,Annual,V,Current prices,MEAN,Mean,_Z,Not applicable,2014,,144672.1,,,,A,Normal value,0,Units,0,Zero
DATAFLOW,OECD.ELS.SAE:DSD_EARNINGS@AV_AN_WAGE(1.0),Average annual wages,I,ISR,Israel,WG,Wages,ILS,New Israeli sheqel,A,Annual,V,Current prices,MEAN,Mean,_Z,Not applicable,2015,,148227.76,,,,A,Normal value,0,Units,0,Zero
DATAFLOW,OECD.ELS.SAE:DSD_EARNINGS@AV_AN_WAGE(1.0),Average annual wages,I,ISR,Israel,WG,Wages,ILS,New Israeli sheqel,A,Annual,V,Current prices,MEAN,Mean,_Z,Not applicable,2016,,153001.72,,,,A,Normal value,0,Units,0,Zero
DATAFLOW,OECD.ELS.SAE:DSD_EARNINGS@AV_AN_WAGE(1.0),Average annual wages,I,ISR,Israel,WG,Wages,ILS,New Israeli sheqel,A,Annual,V,Current prices,MEAN,Mean,_Z,Not applicable,2017,,157735.42,,,,A,Normal value,0,Units,0,Zero
DATAFLOW,OECD.ELS.SAE:DSD_EARNINGS@AV_AN_WAGE(1.0),Average annual wages,I,ISR,Israel,WG,Wages,ILS,New Israeli sheqel,A,Annual,V,Current prices,MEAN,Mean,_Z,Not applicable,2018,,163708.03,,,,A,Normal value,0,Units,0,Zero
DATAFLOW,OECD.ELS.SAE:DSD_EARNINGS@AV_AN_WAGE(1.0),Average annual wages,I,ISR,Israel,WG,Wages,ILS,New Israeli sheqel,A,Annual,V,Current prices,MEAN,Mean,_Z,Not applicable,2019,,167896.81,,,,A,Normal value,0,Units,0,Zero
DATAFLOW,OECD.ELS.SAE:DSD_EARNINGS@AV_AN_WAGE(1.0),Average annual wages,I,ISR,Israel,WG,Wages,ILS,New Israeli sheqel,A,Annual,V,Current prices,MEAN,Mean,_Z,Not applicable,2020,,167758.89,,,,A,Normal value,0,Units,0,Zero
DATAFLOW,OECD.ELS.SAE:DSD_EARNINGS@AV_AN_WAGE(1.0),Average annual wages,I,ISR,Israel,WG,Wages,ILS,New Israeli sheqel,A,Annual,V,Current prices,MEAN,Mean,_Z,Not applicable,2021,,179272.5,,,,A,Normal value,0,Units,0,Zero
DATAFLOW,OECD.ELS.SAE:DSD_EARNINGS@AV_AN_WAGE(1.0),Average annual wages,I,ISR,Israel,WG,Wages,ILS,New Israeli sheqel,A,Annual,V,Current prices,MEAN,Mean,_Z,Not applicable,2022,,188286.01,,,,A,Normal value,0,Units,0,Zero
DATAFLOW,OECD.ELS.SAE:DSD_EARNINGS@AV_AN_WAGE(1.0),Average annual wages,I,ISR,Israel,WG,Wages,ILS,New Israeli sheqel,A,Annual,V,Current prices,MEAN,Mean,_Z,Not applicable,2023,,195897.61,,,,A,Normal value,0,Units,0,Zero
DATAFLOW,OECD.ELS.SAE:DSD_EARNINGS@AV_AN_WAGE(1.0),Average annual wages,I,ISR,Israel,WG,Wages,ILS,New Israeli sheqel,A,Annual,V,Current prices,MEAN,Mean,_Z,Not applicable,2024,,203990.33,,,,A,Normal value,0,Units,0,Zero
DATAFLOW,OECD.ELS.SAE:DSD_EARNINGS@AV_AN_WAGE(1.0),Average annual wages,I,ISR,Israel,WG,Wages,ILS,New Israeli sheqel,A,Annual,V,Current prices,MEAN,Mean,_Z,Not applicable,2025,,209935.17,,,,A,Normal value,0,Units,0,Zero
DATAFLOW,OECD.ELS.SAE:DSD_EARNINGS@AV_AN_WAGE(1.0),Average annual wages,I,JPN,Japan,WG,Wages,JPY,Yen,A,Annual,V,Current prices,MEAN,Mean,_Z,Not applicable,1990,,4582983.5,,,,A,Normal value,0,Units,0,Zero
DATAFLOW,OECD.ELS.SAE:DSD_EARNINGS@AV_AN_WAGE(1.0),Average annual wages,I,JPN,Japan,WG,Wages,JPY,Yen,A,Annual,V,Current prices,MEAN,Mean,_Z,Not applicable,1991,,4772863.6,,,,A,Normal value,0,Units,0,Zero
DATAFLOW,OECD.ELS.SAE:DSD_EARNINGS@AV_AN_WAGE(1.0),Average annual wages,I,JPN,Japan,WG,Wages,JPY,Yen,A,Annual,V,Current prices,MEAN,Mean,_Z,Not applicable,1992,,4860765,,,,A,Normal value,0,Units,0,Zero
DATAFLOW,OECD.ELS.SAE:DSD_EARNINGS@AV_AN_WAGE(1.0),Average annual wages,I,JPN,Japan,WG,Wages,JPY,Yen,A,Annual,V,Current prices,MEAN,Mean,_Z,Not applicable,1993,,4873872.5,,,,A,Normal value,0,Units,0,Zero
DATAFLOW,OECD.ELS.SAE:DSD_EARNINGS@AV_AN_WAGE(1.0),Average annual wages,I,JPN,Japan,WG,Wages,JPY,Yen,A,Annual,V,Current prices,MEAN,Mean,_Z,Not applicable,1994,,4948125.6,,,,A,Normal value,0,Units,0,Zero
DATAFLOW,OECD.ELS.SAE:DSD_EARNINGS@AV_AN_WAGE(1.0),Average annual wages,I,JPN,Japan,WG,Wages,JPY,Yen,A,Annual,V,Current prices,MEAN,Mean,_Z,Not applicable,1995,,4991287.2,,,,A,Normal value,0,Units,0,Zero
DATAFLOW,OECD.ELS.SAE:DSD_EARNINGS@AV_AN_WAGE(1.0),Average annual wages,I,JPN,Japan,WG,Wages,JPY,Yen,A,Annual,V,Current prices,MEAN,Mean,_Z,Not applicable,1996,,5018694.7,,,,A,Normal value,0,Units,0,Zero
DATAFLOW,OECD.ELS.SAE:DSD_EARNINGS@AV_AN_WAGE(1.0),Average annual wages,I,JPN,Japan,WG,Wages,JPY,Yen,A,Annual,V,Current prices,MEAN,Mean,_Z,Not applicable,1997,,5098989.9,,,,A,Normal value,0,Units,0,Zero
DATAFLOW,OECD.ELS.SAE:DSD_EARNINGS@AV_AN_WAGE(1.0),Average annual wages,I,JPN,Japan,WG,Wages,JPY,Yen,A,Annual,V,Current prices,MEAN,Mean,_Z,Not applicable,1998,,5024118.8,,,,A,Normal value,0,Units,0,Zero
DATAFLOW,OECD.ELS.SAE:DSD_EARNINGS@AV_AN_WAGE(1.0),Average annual wages,I,JPN,Japan,WG,Wages,JPY,Yen,A,Annual,V,Current prices,MEAN,Mean,_Z,Not applicable,1999,,4946991.2,,,,A,Normal value,0,Units,0,Zero
DATAFLOW,OECD.ELS.SAE:DSD_EARNINGS@AV_AN_WAGE(1.0),Average annual wages,I,JPN,Japan,WG,Wages,JPY,Yen,A,Annual,V,Current prices,MEAN,Mean,_Z,Not applicable,2000,,4948172.5,,,,A,Normal value,0,Units,0,Zero
DATAFLOW,OECD.ELS.SAE:DSD_EARNINGS@AV_AN_WAGE(1.0),Average annual wages,I,JPN,Japan,WG,Wages,JPY,Yen,A,Annual,V,Current prices,MEAN,Mean,_Z,Not applicable,2001,,4822165,,,,A,Normal value,0,Units,0,Zero
DATAFLOW,OECD.ELS.SAE:DSD_EARNINGS@AV_AN_WAGE(1.0),Average annual wages,I,JPN,Japan,WG,Wages,JPY,Yen,A,Annual,V,Current prices,MEAN,Mean,_Z,Not applicable,2002,,4652529.5,,,,A,Normal value,0,Units,0,Zero
DATAFLOW,OECD.ELS.SAE:DSD_EARNINGS@AV_AN_WAGE(1.0),Average annual wages,I,JPN,Japan,WG,Wages,JPY,Yen,A,Annual,V,Current prices,MEAN,Mean,_Z,Not applicable,2003,,4616220.8,,,,A,Normal value,0,Units,0,Zero
DATAFLOW,OECD.ELS.SAE:DSD_EARNINGS@AV_AN_WAGE(1.0),Average annual wages,I,JPN,Japan,WG,Wages,JPY,Yen,A,Annual,V,Current prices,MEAN,Mean,_Z,Not applicable,2004,,4654515.4,,,,A,Normal value,0,Units,0,Zero
DATAFLOW,OECD.ELS.SAE:DSD_EARNINGS@AV_AN_WAGE(1.0),Average annual wages,I,JPN,Japan,WG,Wages,JPY,Yen,A,Annual,V,Current prices,MEAN,Mean,_Z,Not applicable,2005,,4728691.4,,,,A,Normal value,0,Units,0,Zero
DATAFLOW,OECD.ELS.SAE:DSD_EARNINGS@AV_AN_WAGE(1.0),Average annual wages,I,JPN,Japan,WG,Wages,JPY,Yen,A,Annual,V,Current prices,MEAN,Mean,_Z,Not applicable,2006,,4724218.8,,,,A,Normal value,0,Units,0,Zero
DATAFLOW,OECD.ELS.SAE:DSD_EARNINGS@AV_AN_WAGE(1.0),Average annual wages,I,JPN,Japan,WG,Wages,JPY,Yen,A,Annual,V,Current prices,MEAN,Mean,_Z,Not applicable,2007,,4722375.7,,,,A,Normal value,0,Units,0,Zero
DATAFLOW,OECD.ELS.SAE:DSD_EARNINGS@AV_AN_WAGE(1.0),Average annual wages,I,JPN,Japan,WG,Wages,JPY,Yen,A,Annual,V,Current prices,MEAN,Mean,_Z,Not applicable,2008,,4733436.4,,,,A,Normal value,0,Units,0,Zero
DATAFLOW,OECD.ELS.SAE:DSD_EARNINGS@AV_AN_WAGE(1.0),Average annual wages,I,JPN,Japan,WG,Wages,JPY,Yen,A,Annual,V,Current prices,MEAN,Mean,_Z,Not applicable,2009,,4558471.7,,,,A,Normal value,0,Units,0,Zero
DATAFLOW,OECD.ELS.SAE:DSD_EARNINGS@AV_AN_WAGE(1.0),Average annual wages,I,JPN,Japan,WG,Wages,JPY,Yen,A,Annual,V,Current prices,MEAN,Mean,_Z,Not applicable,2010,,4489488,,,,A,Normal value,0,Units,0,Zero
DATAFLOW,OECD.ELS.SAE:DSD_EARNINGS@AV_AN_WAGE(1.0),Average annual wages,I,JPN,Japan,WG,Wages,JPY,Yen,A,Annual,V,Current prices,MEAN,Mean,_Z,Not applicable,2011,,4480756.2,,,,A,Normal value,0,Units,0,Zero
DATAFLOW,OECD.ELS.SAE:DSD_EARNINGS@AV_AN_WAGE(1.0),Average annual wages,I,JPN,Japan,WG,Wages,JPY,Yen,A,Annual,V,Current prices,MEAN,Mean,_Z,Not applicable,2012,,4462740.1,,,,A,Normal value,0,Units,0,Zero
DATAFLOW,OECD.ELS.SAE:DSD_EARNINGS@AV_AN_WAGE(1.0),Average annual wages,I,JPN,Japan,WG,Wages,JPY,Yen,A,Annual,V,Current prices,MEAN,Mean,_Z,Not applicable,2013,,4479848,,,,A,Normal value,0,Units,0,Zero
DATAFLOW,OECD.ELS.SAE:DSD_EARNINGS@AV_AN_WAGE(1.0),Average annual wages,I,JPN,Japan,WG,Wages,JPY,Yen,A,Annual,V,Current prices,MEAN,Mean,_Z,Not applicable,2014,,4527943.8,,,,A,Normal value,0,Units,0,Zero
DATAFLOW,OECD.ELS.SAE:DSD_EARNINGS@AV_AN_WAGE(1.0),Average annual wages,I,JPN,Japan,WG,Wages,JPY,Yen,A,Annual,V,Current prices,MEAN,Mean,_Z,Not applicable,2015,,4511583.2,,,,A,Normal value,0,Units,0,Zero
DATAFLOW,OECD.ELS.SAE:DSD_EARNINGS@AV_AN_WAGE(1.0),Average annual wages,I,JPN,Japan,WG,Wages,JPY,Yen,A,Annual,V,Current prices,MEAN,Mean,_Z,Not applicable,2016,,4527485.7,,,,A,Normal value,0,Units,0,Zero
DATAFLOW,OECD.ELS.SAE:DSD_EARNINGS@AV_AN_WAGE(1.0),Average annual wages,I,JPN,Japan,WG,Wages,JPY,Yen,A,Annual,V,Current prices,MEAN,Mean,_Z,Not applicable,2017,,4522013,,,,A,Normal value,0,Units,0,Zero
DATAFLOW,OECD.ELS.SAE:DSD_EARNINGS@AV_AN_WAGE(1.0),Average annual wages,I,JPN,Japan,WG,Wages,JPY,Yen,A,Annual,V,Current prices,MEAN,Mean,_Z,Not applicable,2018,,4622544.4,,,,A,Normal value,0,Units,0,Zero
DATAFLOW,OECD.ELS.SAE:DSD_EARNINGS@AV_AN_WAGE(1.0),Average annual wages,I,JPN,Japan,WG,Wages,JPY,Yen,A,Annual,V,Current prices,MEAN,Mean,_Z,Not applicable,2019,,4684562,,,,A,Normal value,0,Units,0,Zero
DATAFLOW,OECD.ELS.SAE:DSD_EARNINGS@AV_AN_WAGE(1.0),Average annual wages,I,JPN,Japan,WG,Wages,JPY,Yen,A,Annual,V,Current prices,MEAN,Mean,_Z,Not applicable,2020,,4654470,,,,A,Normal value,0,Units,0,Zero
DATAFLOW,OECD.ELS.SAE:DSD_EARNINGS@AV_AN_WAGE(1.0),Average annual wages,I,JPN,Japan,WG,Wages,JPY,Yen,A,Annual,V,Current prices,MEAN,Mean,_Z,Not applicable,2021,,4748713.5,,,,A,Normal value,0,Units,0,Zero
DATAFLOW,OECD.ELS.SAE:DSD_EARNINGS@AV_AN_WAGE(1.0),Average annual wages,I,JPN,Japan,WG,Wages,JPY,Yen,A,Annual,V,Current prices,MEAN,Mean,_Z,Not applicable,2022,,4840799.7,,,,A,Normal value,0,Units,0,Zero
DATAFLOW,OECD.ELS.SAE:DSD_EARNINGS@AV_AN_WAGE(1.0),Average annual wages,I,JPN,Japan,WG,Wages,JPY,Yen,A,Annual,V,Current prices,MEAN,Mean,_Z,Not applicable,2023,,4892403,,,,A,Normal value,0,Units,0,Zero
DATAFLOW,OECD.ELS.SAE:DSD_EARNINGS@AV_AN_WAGE(1.0),Average annual wages,I,JPN,Japan,WG,Wages,JPY,Yen,A,Annual,V,Current prices,MEAN,Mean,_Z,Not applicable,2024,,5062497.1,,,,A,Normal value,0,Units,0,Zero
DATAFLOW,OECD.ELS.SAE:DSD_EARNINGS@AV_AN_WAGE(1.0),Average annual wages,I,JPN,Japan,WG,Wages,JPY,Yen,A,Annual,V,Current prices,MEAN,Mean,_Z,Not applicable,2025,,5185703,,,,A,Normal value,0,Units,0,Zero
DATAFLOW,OECD.ELS.SAE:DSD_EARNINGS@AV_AN_WAGE(1.0),Average annual wages,I,KOR,Korea,WG,Wages,KRW,Won,A,Annual,V,Current prices,MEAN,Mean,_Z,Not applicable,1990,,7474293.8,,,,A,Normal value,0,Units,0,Zero
DATAFLOW,OECD.ELS.SAE:DSD_EARNINGS@AV_AN_WAGE(1.0),Average annual wages,I,KOR,Korea,WG,Wages,KRW,Won,A,Annual,V,Current prices,MEAN,Mean,_Z,Not applicable,1991,,8665352.3,,,,A,Normal value,0,Units,0,Zero
DATAFLOW,OECD.ELS.SAE:DSD_EARNINGS@AV_AN_WAGE(1.0),Average annual wages,I,KOR,Korea,WG,Wages,KRW,Won,A,Annual,V,Current prices,MEAN,Mean,_Z,Not applicable,1992,,9817909.2,,,,A,Normal value,0,Units,0,Zero
DATAFLOW,OECD.ELS.SAE:DSD_EARNINGS@AV_AN_WAGE(1.0),Average annual wages,I,KOR,Korea,WG,Wages,KRW,Won,A,Annual,V,Current prices,MEAN,Mean,_Z,Not applicable,1993,,11106386,,,,A,Normal value,0,Units,0,Zero
DATAFLOW,OECD.ELS.SAE:DSD_EARNINGS@AV_AN_WAGE(1.0),Average annual wages,I,KOR,Korea,WG,Wages,KRW,Won,A,Annual,V,Current prices,MEAN,Mean,_Z,Not applicable,1994,,12462685,,,,A,Normal value,0,Units,0,Zero
DATAFLOW,OECD.ELS.SAE:DSD_EARNINGS@AV_AN_WAGE(1.0),Average annual wages,I,KOR,Korea,WG,Wages,KRW,Won,A,Annual,V,Current prices,MEAN,Mean,_Z,Not applicable,1995,,14618795,,,,A,Normal value,0,Units,0,Zero
DATAFLOW,OECD.ELS.SAE:DSD_EARNINGS@AV_AN_WAGE(1.0),Average annual wages,I,KOR,Korea,WG,Wages,KRW,Won,A,Annual,V,Current prices,MEAN,Mean,_Z,Not applicable,1996,,16353611,,,,A,Normal value,0,Units,0,Zero
DATAFLOW,OECD.ELS.SAE:DSD_EARNINGS@AV_AN_WAGE(1.0),Average annual wages,I,KOR,Korea,WG,Wages,KRW,Won,A,Annual,V,Current prices,MEAN,Mean,_Z,Not applicable,1997,,16987043,,,,A,Normal value,0,Units,0,Zero
DATAFLOW,OECD.ELS.SAE:DSD_EARNINGS@AV_AN_WAGE(1.0),Average annual wages,I,KOR,Korea,WG,Wages,KRW,Won,A,Annual,V,Current prices,MEAN,Mean,_Z,Not applicable,1998,,17866020,,,,A,Normal value,0,Units,0,Zero
DATAFLOW,OECD.ELS.SAE:DSD_EARNINGS@AV_AN_WAGE(1.0),Average annual wages,I,KOR,Korea,WG,Wages,KRW,Won,A,Annual,V,Current prices,MEAN,Mean,_Z,Not applicable,1999,,18556666,,,,A,Normal value,0,Units,0,Zero
DATAFLOW,OECD.ELS.SAE:DSD_EARNINGS@AV_AN_WAGE(1.0),Average annual wages,I,KOR,Korea,WG,Wages,KRW,Won,A,Annual,V,Current prices,MEAN,Mean,_Z,Not applicable,2000,,19582666,,,,A,Normal value,0,Units,0,Zero
DATAFLOW,OECD.ELS.SAE:DSD_EARNINGS@AV_AN_WAGE(1.0),Average annual wages,I,KOR,Korea,WG,Wages,KRW,Won,A,Annual,V,Current prices,MEAN,Mean,_Z,Not applicable,2001,,21149158,,,,A,Normal value,0,Units,0,Zero
DATAFLOW,OECD.ELS.SAE:DSD_EARNINGS@AV_AN_WAGE(1.0),Average annual wages,I,KOR,Korea,WG,Wages,KRW,Won,A,Annual,V,Current prices,MEAN,Mean,_Z,Not applicable,2002,,22588741,,,,A,Normal value,0,Units,0,Zero
DATAFLOW,OECD.ELS.SAE:DSD_EARNINGS@AV_AN_WAGE(1.0),Average annual wages,I,KOR,Korea,WG,Wages,KRW,Won,A,Annual,V,Current prices,MEAN,Mean,_Z,Not applicable,2003,,24199653,,,,A,Normal value,0,Units,0,Zero
DATAFLOW,OECD.ELS.SAE:DSD_EARNINGS@AV_AN_WAGE(1.0),Average annual wages,I,KOR,Korea,WG,Wages,KRW,Won,A,Annual,V,Current prices,MEAN,Mean,_Z,Not applicable,2004,,25550128,,,,A,Normal value,0,Units,0,Zero
DATAFLOW,OECD.ELS.SAE:DSD_EARNINGS@AV_AN_WAGE(1.0),Average annual wages,I,KOR,Korea,WG,Wages,KRW,Won,A,Annual,V,Current prices,MEAN,Mean,_Z,Not applicable,2005,,26969727,,,,A,Normal value,0,Units,0,Zero
DATAFLOW,OECD.ELS.SAE:DSD_EARNINGS@AV_AN_WAGE(1.0),Average annual wages,I,KOR,Korea,WG,Wages,KRW,Won,A,Annual,V,Current prices,MEAN,Mean,_Z,Not applicable,2006,,27796258,,,,A,Normal value,0,Units,0,Zero
DATAFLOW,OECD.ELS.SAE:DSD_EARNINGS@AV_AN_WAGE(1.0),Average annual wages,I,KOR,Korea,WG,Wages,KRW,Won,A,Annual,V,Current prices,MEAN,Mean,_Z,Not applicable,2007,,28946669,,,,A,Normal value,0,Units,0,Zero
DATAFLOW,OECD.ELS.SAE:DSD_EARNINGS@AV_AN_WAGE(1.0),Average annual wages,I,KOR,Korea,WG,Wages,KRW,Won,A,Annual,V,Current prices,MEAN,Mean,_Z,Not applicable,2008,,30182266,,,,A,Normal value,0,Units,0,Zero
DATAFLOW,OECD.ELS.SAE:DSD_EARNINGS@AV_AN_WAGE(1.0),Average annual wages,I,KOR,Korea,WG,Wages,KRW,Won,A,Annual,V,Current prices,MEAN,Mean,_Z,Not applicable,2009,,31029358,,,,A,Normal value,0,Units,0,Zero
DATAFLOW,OECD.ELS.SAE:DSD_EARNINGS@AV_AN_WAGE(1.0),Average annual wages,I,KOR,Korea,WG,Wages,KRW,Won,A,Annual,V,Current prices,MEAN,Mean,_Z,Not applicable,2010,,32434447,,,,A,Normal value,0,Units,0,Zero
DATAFLOW,OECD.ELS.SAE:DSD_EARNINGS@AV_AN_WAGE(1.0),Average annual wages,I,KOR,Korea,WG,Wages,KRW,Won,A,Annual,V,Current prices,MEAN,Mean,_Z,Not applicable,2011,,34055111,,,,A,Normal value,0,Units,0,Zero
DATAFLOW,OECD.ELS.SAE:DSD_EARNINGS@AV_AN_WAGE(1.0),Average annual wages,I,KOR,Korea,WG,Wages,KRW,Won,A,Annual,V,Current prices,MEAN,Mean,_Z,Not applicable,2012,,34209259,,,,A,Normal value,0,Units,0,Zero
DATAFLOW,OECD.ELS.SAE:DSD_EARNINGS@AV_AN_WAGE(1.0),Average annual wages,I,KOR,Korea,WG,Wages,KRW,Won,A,Annual,V,Current prices,MEAN,Mean,_Z,Not applicable,2013,,35381897,,,,A,Normal value,0,Units,0,Zero
DATAFLOW,OECD.ELS.SAE:DSD_EARNINGS@AV_AN_WAGE(1.0),Average annual wages,I,KOR,Korea,WG,Wages,KRW,Won,A,Annual,V,Current prices,MEAN,Mean,_Z,Not applicable,2014,,35902853,,,,A,Normal value,0,Units,0,Zero
DATAFLOW,OECD.ELS.SAE:DSD_EARNINGS@AV_AN_WAGE(1.0),Average annual wages,I,KOR,Korea,WG,Wages,KRW,Won,A,Annual,V,Current prices,MEAN,Mean,_Z,Not applicable,2015,,37174841,,,,A,Normal value,0,Units,0,Zero
DATAFLOW,OECD.ELS.SAE:DSD_EARNINGS@AV_AN_WAGE(1.0),Average annual wages,I,KOR,Korea,WG,Wages,KRW,Won,A,Annual,V,Current prices,MEAN,Mean,_Z,Not applicable,2016,,38720109,,,,A,Normal value,0,Units,0,Zero
DATAFLOW,OECD.ELS.SAE:DSD_EARNINGS@AV_AN_WAGE(1.0),Average annual wages,I,KOR,Korea,WG,Wages,KRW,Won,A,Annual,V,Current prices,MEAN,Mean,_Z,Not applicable,2017,,40303915,,,,A,Normal value,0,Units,0,Zero
DATAFLOW,OECD.ELS.SAE:DSD_EARNINGS@AV_AN_WAGE(1.0),Average annual wages,I,KOR,Korea,WG,Wages,KRW,Won,A,Annual,V,Current prices,MEAN,Mean,_Z,Not applicable,2018,,42267411,,,,A,Normal value,0,Units,0,Zero
DATAFLOW,OECD.ELS.SAE:DSD_EARNINGS@AV_AN_WAGE(1.0),Average annual wages,I,KOR,Korea,WG,Wages,KRW,Won,A,Annual,V,Current prices,MEAN,Mean,_Z,Not applicable,2019,,44011689,,,,A,Normal value,0,Units,0,Zero
DATAFLOW,OECD.ELS.SAE:DSD_EARNINGS@AV_AN_WAGE(1.0),Average annual wages,I,KOR,Korea,WG,Wages,KRW,Won,A,Annual,V,Current prices,MEAN,Mean,_Z,Not applicable,2020,,45444347,,,,A,Normal value,0,Units,0,Zero
DATAFLOW,OECD.ELS.SAE:DSD_EARNINGS@AV_AN_WAGE(1.0),Average annual wages,I,KOR,Korea,WG,Wages,KRW,Won,A,Annual,V,Current prices,MEAN,Mean,_Z,Not applicable,2021,,46928576,,,,A,Normal value,0,Units,0,Zero
DATAFLOW,OECD.ELS.SAE:DSD_EARNINGS@AV_AN_WAGE(1.0),Average annual wages,I,KOR,Korea,WG,Wages,KRW,Won,A,Annual,V,Current prices,MEAN,Mean,_Z,Not applicable,2022,,48076479,,,,A,Normal value,0,Units,0,Zero
DATAFLOW,OECD.ELS.SAE:DSD_EARNINGS@AV_AN_WAGE(1.0),Average annual wages,I,KOR,Korea,WG,Wages,KRW,Won,A,Annual,V,Current prices,MEAN,Mean,_Z,Not applicable,2023,,50184136,,,,A,Normal value,0,Units,0,Zero
DATAFLOW,OECD.ELS.SAE:DSD_EARNINGS@AV_AN_WAGE(1.0),Average annual wages,I,KOR,Korea,WG,Wages,KRW,Won,A,Annual,V,Current prices,MEAN,Mean,_Z,Not applicable,2024,,52642946,,,,A,Normal value,0,Units,0,Zero
DATAFLOW,OECD.ELS.SAE:DSD_EARNINGS@AV_AN_WAGE(1.0),Average annual wages,I,KOR,Korea,WG,Wages,KRW,Won,A,Annual,V,Current prices,MEAN,Mean,_Z,Not applicable,2025,,53915741,,,,A,Normal value,0,Units,0,Zero
DATAFLOW,OECD.ELS.SAE:DSD_EARNINGS@AV_AN_WAGE(1.0),Average annual wages,I,MEX,Mexico,WG,Wages,MXN,Mexican peso,A,Annual,V,Current prices,MEAN,Mean,_Z,Not applicable,1990,,15879.42,,,,A,Normal value,0,Units,0,Zero
DATAFLOW,OECD.ELS.SAE:DSD_EARNINGS@AV_AN_WAGE(1.0),Average annual wages,I,MEX,Mexico,WG,Wages,MXN,Mexican peso,A,Annual,V,Current prices,MEAN,Mean,_Z,Not applicable,1991,,20786.012,,,,A,Normal value,0,Units,0,Zero
DATAFLOW,OECD.ELS.SAE:DSD_EARNINGS@AV_AN_WAGE(1.0),Average annual wages,I,MEX,Mexico,WG,Wages,MXN,Mexican peso,A,Annual,V,Current prices,MEAN,Mean,_Z,Not applicable,1992,,25278.125,,,,A,Normal value,0,Units,0,Zero
DATAFLOW,OECD.ELS.SAE:DSD_EARNINGS@AV_AN_WAGE(1.0),Average annual wages,I,MEX,Mexico,WG,Wages,MXN,Mexican peso,A,Annual,V,Current prices,MEAN,Mean,_Z,Not applicable,1993,,29237.79,,,,A,Normal value,0,Units,0,Zero
DATAFLOW,OECD.ELS.SAE:DSD_EARNINGS@AV_AN_WAGE(1.0),Average annual wages,I,MEX,Mexico,WG,Wages,MXN,Mexican peso,A,Annual,V,Current prices,MEAN,Mean,_Z,Not applicable,1994,,32103.548,,,,A,Normal value,0,Units,0,Zero
DATAFLOW,OECD.ELS.SAE:DSD_EARNINGS@AV_AN_WAGE(1.0),Average annual wages,I,MEX,Mexico,WG,Wages,MXN,Mexican peso,A,Annual,V,Current prices,MEAN,Mean,_Z,Not applicable,1995,,35301.637,,,,A,Normal value,0,Units,0,Zero
DATAFLOW,OECD.ELS.SAE:DSD_EARNINGS@AV_AN_WAGE(1.0),Average annual wages,I,MEX,Mexico,WG,Wages,MXN,Mexican peso,A,Annual,V,Current prices,MEAN,Mean,_Z,Not applicable,1996,,42644.856,,,,A,Normal value,0,Units,0,Zero
DATAFLOW,OECD.ELS.SAE:DSD_EARNINGS@AV_AN_WAGE(1.0),Average annual wages,I,MEX,Mexico,WG,Wages,MXN,Mexican peso,A,Annual,V,Current prices,MEAN,Mean,_Z,Not applicable,1997,,52971.553,,,,A,Normal value,0,Units,0,Zero
DATAFLOW,OECD.ELS.SAE:DSD_EARNINGS@AV_AN_WAGE(1.0),Average annual wages,I,MEX,Mexico,WG,Wages,MXN,Mexican peso,A,Annual,V,Current prices,MEAN,Mean,_Z,Not applicable,1998,,61774.014,,,,A,Normal value,0,Units,0,Zero
DATAFLOW,OECD.ELS.SAE:DSD_EARNINGS@AV_AN_WAGE(1.0),Average annual wages,I,MEX,Mexico,WG,Wages,MXN,Mexican peso,A,Annual,V,Current prices,MEAN,Mean,_Z,Not applicable,1999,,72978.804,,,,A,Normal value,0,Units,0,Zero
DATAFLOW,OECD.ELS.SAE:DSD_EARNINGS@AV_AN_WAGE(1.0),Average annual wages,I,MEX,Mexico,WG,Wages,MXN,Mexican peso,A,Annual,V,Current prices,MEAN,Mean,_Z,Not applicable,2000,,82631.048,,,,A,Normal value,0,Units,0,Zero
DATAFLOW,OECD.ELS.SAE:DSD_EARNINGS@AV_AN_WAGE(1.0),Average annual wages,I,MEX,Mexico,WG,Wages,MXN,Mexican peso,A,Annual,V,Current prices,MEAN,Mean,_Z,Not applicable,2001,,91411.825,,,,A,Normal value,0,Units,0,Zero
DATAFLOW,OECD.ELS.SAE:DSD_EARNINGS@AV_AN_WAGE(1.0),Average annual wages,I,MEX,Mexico,WG,Wages,MXN,Mexican peso,A,Annual,V,Current prices,MEAN,Mean,_Z,Not applicable,2002,,96337.136,,,,A,Normal value,0,Units,0,Zero
DATAFLOW,OECD.ELS.SAE:DSD_EARNINGS@AV_AN_WAGE(1.0),Average annual wages,I,MEX,Mexico,WG,Wages,MXN,Mexican peso,A,Annual,V,Current prices,MEAN,Mean,_Z,Not applicable,2003,,101432.32,,,,A,Normal value,0,Units,0,Zero
DATAFLOW,OECD.ELS.SAE:DSD_EARNINGS@AV_AN_WAGE(1.0),Average annual wages,I,MEX,Mexico,WG,Wages,MXN,Mexican peso,A,Annual,V,Current prices,MEAN,Mean,_Z,Not applicable,2004,,105912.5,,,,A,Normal value,0,Units,0,Zero
DATAFLOW,OECD.ELS.SAE:DSD_EARNINGS@AV_AN_WAGE(1.0),Average annual wages,I,MEX,Mexico,WG,Wages,MXN,Mexican peso,A,Annual,V,Current prices,MEAN,Mean,_Z,Not applicable,2005,,108291.21,,,,A,Normal value,0,Units,0,Zero
DATAFLOW,OECD.ELS.SAE:DSD_EARNINGS@AV_AN_WAGE(1.0),Average annual wages,I,MEX,Mexico,WG,Wages,MXN,Mexican peso,A,Annual,V,Current prices,MEAN,Mean,_Z,Not applicable,2006,,112360.42,,,,A,Normal value,0,Units,0,Zero
DATAFLOW,OECD.ELS.SAE:DSD_EARNINGS@AV_AN_WAGE(1.0),Average annual wages,I,MEX,Mexico,WG,Wages,MXN,Mexican peso,A,Annual,V,Current prices,MEAN,Mean,_Z,Not applicable,2007,,117893.14,,,,A,Normal value,0,Units,0,Zero
DATAFLOW,OECD.ELS.SAE:DSD_EARNINGS@AV_AN_WAGE(1.0),Average annual wages,I,MEX,Mexico,WG,Wages,MXN,Mexican peso,A,Annual,V,Current prices,MEAN,Mean,_Z,Not applicable,2008,,123652.82,,,,A,Normal value,0,Units,0,Zero
DATAFLOW,OECD.ELS.SAE:DSD_EARNINGS@AV_AN_WAGE(1.0),Average annual wages,I,MEX,Mexico,WG,Wages,MXN,Mexican peso,A,Annual,V,Current prices,MEAN,Mean,_Z,Not applicable,2009,,127202.02,,,,A,Normal value,0,Units,0,Zero
DATAFLOW,OECD.ELS.SAE:DSD_EARNINGS@AV_AN_WAGE(1.0),Average annual wages,I,MEX,Mexico,WG,Wages,MXN,Mexican peso,A,Annual,V,Current prices,MEAN,Mean,_Z,Not applicable,2010,,130658.43,,,,A,Normal value,0,Units,0,Zero
DATAFLOW,OECD.ELS.SAE:DSD_EARNINGS@AV_AN_WAGE(1.0),Average annual wages,I,MEX,Mexico,WG,Wages,MXN,Mexican peso,A,Annual,V,Current prices,MEAN,Mean,_Z,Not applicable,2011,,138001.77,,,,A,Normal value,0,Units,0,Zero
DATAFLOW,OECD.ELS.SAE:DSD_EARNINGS@AV_AN_WAGE(1.0),Average annual wages,I,MEX,Mexico,WG,Wages,MXN,Mexican peso,A,Annual,V,Current prices,MEAN,Mean,_Z,Not applicable,2012,,143236.9,,,,A,Normal value,0,Units,0,Zero
DATAFLOW,OECD.ELS.SAE:DSD_EARNINGS@AV_AN_WAGE(1.0),Average annual wages,I,MEX,Mexico,WG,Wages,MXN,Mexican peso,A,Annual,V,Current prices,MEAN,Mean,_Z,Not applicable,2013,,149001.7,,,,A,Normal value,0,Units,0,Zero
DATAFLOW,OECD.ELS.SAE:DSD_EARNINGS@AV_AN_WAGE(1.0),Average annual wages,I,MEX,Mexico,WG,Wages,MXN,Mexican peso,A,Annual,V,Current prices,MEAN,Mean,_Z,Not applicable,2014,,154477.49,,,,A,Normal value,0,Units,0,Zero
DATAFLOW,OECD.ELS.SAE:DSD_EARNINGS@AV_AN_WAGE(1.0),Average annual wages,I,MEX,Mexico,WG,Wages,MXN,Mexican peso,A,Annual,V,Current prices,MEAN,Mean,_Z,Not applicable,2015,,159110.02,,,,A,Normal value,0,Units,0,Zero
DATAFLOW,OECD.ELS.SAE:DSD_EARNINGS@AV_AN_WAGE(1.0),Average annual wages,I,MEX,Mexico,WG,Wages,MXN,Mexican peso,A,Annual,V,Current prices,MEAN,Mean,_Z,Not applicable,2016,,162406.35,,,,A,Normal value,0,Units,0,Zero
DATAFLOW,OECD.ELS.SAE:DSD_EARNINGS@AV_AN_WAGE(1.0),Average annual wages,I,MEX,Mexico,WG,Wages,MXN,Mexican peso,A,Annual,V,Current prices,MEAN,Mean,_Z,Not applicable,2017,,169335.52,,,,A,Normal value,0,Units,0,Zero
DATAFLOW,OECD.ELS.SAE:DSD_EARNINGS@AV_AN_WAGE(1.0),Average annual wages,I,MEX,Mexico,WG,Wages,MXN,Mexican peso,A,Annual,V,Current prices,MEAN,Mean,_Z,Not applicable,2018,,177551.78,,,,A,Normal value,0,Units,0,Zero
DATAFLOW,OECD.ELS.SAE:DSD_EARNINGS@AV_AN_WAGE(1.0),Average annual wages,I,MEX,Mexico,WG,Wages,MXN,Mexican peso,A,Annual,V,Current prices,MEAN,Mean,_Z,Not applicable,2019,,185294.02,,,,A,Normal value,0,Units,0,Zero
DATAFLOW,OECD.ELS.SAE:DSD_EARNINGS@AV_AN_WAGE(1.0),Average annual wages,I,MEX,Mexico,WG,Wages,MXN,Mexican peso,A,Annual,V,Current prices,MEAN,Mean,_Z,Not applicable,2020,,200673.25,,,,A,Normal value,0,Units,0,Zero
DATAFLOW,OECD.ELS.SAE:DSD_EARNINGS@AV_AN_WAGE(1.0),Average annual wages,I,MEX,Mexico,WG,Wages,MXN,Mexican peso,A,Annual,V,Current prices,MEAN,Mean,_Z,Not applicable,2021,,209033.35,,,,A,Normal value,0,Units,0,Zero
DATAFLOW,OECD.ELS.SAE:DSD_EARNINGS@AV_AN_WAGE(1.0),Average annual wages,I,MEX,Mexico,WG,Wages,MXN,Mexican peso,A,Annual,V,Current prices,MEAN,Mean,_Z,Not applicable,2022,,225051.2,,,,A,Normal value,0,Units,0,Zero
DATAFLOW,OECD.ELS.SAE:DSD_EARNINGS@AV_AN_WAGE(1.0),Average annual wages,I,MEX,Mexico,WG,Wages,MXN,Mexican peso,A,Annual,V,Current prices,MEAN,Mean,_Z,Not applicable,2023,,244051.94,,,,A,Normal value,0,Units,0,Zero
DATAFLOW,OECD.ELS.SAE:DSD_EARNINGS@AV_AN_WAGE(1.0),Average annual wages,I,MEX,Mexico,WG,Wages,MXN,Mexican peso,A,Annual,V,Current prices,MEAN,Mean,_Z,Not applicable,2024,,264032.69,,,,A,Normal value,0,Units,0,Zero
DATAFLOW,OECD.ELS.SAE:DSD_EARNINGS@AV_AN_WAGE(1.0),Average annual wages,I,MEX,Mexico,WG,Wages,MXN,Mexican peso,A,Annual,V,Current prices,MEAN,Mean,_Z,Not applicable,2025,,276648.01,,,,A,Normal value,0,Units,0,Zero
DATAFLOW,OECD.ELS.SAE:DSD_EARNINGS@AV_AN_WAGE(1.0),Average annual wages,I,NZL,New Zealand,WG,Wages,NZD,New Zealand dollar,A,Annual,V,Current prices,MEAN,Mean,_Z,Not applicable,2020,,74693.28,,,,A,Normal value,0,Units,0,Zero
DATAFLOW,OECD.ELS.SAE:DSD_EARNINGS@AV_AN_WAGE(1.0),Average annual wages,I,NZL,New Zealand,WG,Wages,NZD,New Zealand dollar,A,Annual,V,Current prices,MEAN,Mean,_Z,Not applicable,2021,,80342.849,,,,A,Normal value,0,Units,0,Zero
DATAFLOW,OECD.ELS.SAE:DSD_EARNINGS@AV_AN_WAGE(1.0),Average annual wages,I,NZL,New Zealand,WG,Wages,NZD,New Zealand dollar,A,Annual,V,Current prices,MEAN,Mean,_Z,Not applicable,2022,,83765.201,,,,A,Normal value,0,Units,0,Zero
DATAFLOW,OECD.ELS.SAE:DSD_EARNINGS@AV_AN_WAGE(1.0),Average annual wages,I,NZL,New Zealand,WG,Wages,NZD,New Zealand dollar,A,Annual,V,Current prices,MEAN,Mean,_Z,Not applicable,2023,,87280.759,,,,A,Normal value,0,Units,0,Zero
DATAFLOW,OECD.ELS.SAE:DSD_EARNINGS@AV_AN_WAGE(1.0),Average annual wages,I,NZL,New Zealand,WG,Wages,NZD,New Zealand dollar,A,Annual,V,Current prices,MEAN,Mean,_Z,Not applicable,2024,,90093.826,,,,A,Normal value,0,Units,0,Zero
DATAFLOW,OECD.ELS.SAE:DSD_EARNINGS@AV_AN_WAGE(1.0),Average annual wages,I,NZL,New Zealand,WG,Wages,NZD,New Zealand dollar,A,Annual,V,Current prices,MEAN,Mean,_Z,Not applicable,2025,,93115.631,,,,A,Normal value,0,Units,0,Zero
DATAFLOW,OECD.ELS.SAE:DSD_EARNINGS@AV_AN_WAGE(1.0),Average annual wages,I,NOR,Norway,WG,Wages,NOK,Norwegian krone,A,Annual,V,Current prices,MEAN,Mean,_Z,Not applicable,1990,,183107.42,,,,A,Normal value,0,Units,0,Zero
DATAFLOW,OECD.ELS.SAE:DSD_EARNINGS@AV_AN_WAGE(1.0),Average annual wages,I,NOR,Norway,WG,Wages,NOK,Norwegian krone,A,Annual,V,Current prices,MEAN,Mean,_Z,Not applicable,1991,,191886.6,,,,A,Normal value,0,Units,0,Zero
DATAFLOW,OECD.ELS.SAE:DSD_EARNINGS@AV_AN_WAGE(1.0),Average annual wages,I,NOR,Norway,WG,Wages,NOK,Norwegian krone,A,Annual,V,Current prices,MEAN,Mean,_Z,Not applicable,1992,,198720.77,,,,A,Normal value,0,Units,0,Zero
DATAFLOW,OECD.ELS.SAE:DSD_EARNINGS@AV_AN_WAGE(1.0),Average annual wages,I,NOR,Norway,WG,Wages,NOK,Norwegian krone,A,Annual,V,Current prices,MEAN,Mean,_Z,Not applicable,1993,,205554.41,,,,A,Normal value,0,Units,0,Zero
DATAFLOW,OECD.ELS.SAE:DSD_EARNINGS@AV_AN_WAGE(1.0),Average annual wages,I,NOR,Norway,WG,Wages,NOK,Norwegian krone,A,Annual,V,Current prices,MEAN,Mean,_Z,Not applicable,1994,,211789.38,,,,A,Normal value,0,Units,0,Zero
DATAFLOW,OECD.ELS.SAE:DSD_EARNINGS@AV_AN_WAGE(1.0),Average annual wages,I,NOR,Norway,WG,Wages,NOK,Norwegian krone,A,Annual,V,Current prices,MEAN,Mean,_Z,Not applicable,1995,,218750.43,,,,A,Normal value,0,Units,0,Zero
DATAFLOW,OECD.ELS.SAE:DSD_EARNINGS@AV_AN_WAGE(1.0),Average annual wages,I,NOR,Norway,WG,Wages,NOK,Norwegian krone,A,Annual,V,Current prices,MEAN,Mean,_Z,Not applicable,1996,,228137.47,,,,A,Normal value,0,Units,0,Zero
DATAFLOW,OECD.ELS.SAE:DSD_EARNINGS@AV_AN_WAGE(1.0),Average annual wages,I,NOR,Norway,WG,Wages,NOK,Norwegian krone,A,Annual,V,Current prices,MEAN,Mean,_Z,Not applicable,1997,,238761.85,,,,A,Normal value,0,Units,0,Zero
DATAFLOW,OECD.ELS.SAE:DSD_EARNINGS@AV_AN_WAGE(1.0),Average annual wages,I,NOR,Norway,WG,Wages,NOK,Norwegian krone,A,Annual,V,Current prices,MEAN,Mean,_Z,Not applicable,1998,,253728.02,,,,A,Normal value,0,Units,0,Zero
DATAFLOW,OECD.ELS.SAE:DSD_EARNINGS@AV_AN_WAGE(1.0),Average annual wages,I,NOR,Norway,WG,Wages,NOK,Norwegian krone,A,Annual,V,Current prices,MEAN,Mean,_Z,Not applicable,1999,,267134.88,,,,A,Normal value,0,Units,0,Zero
DATAFLOW,OECD.ELS.SAE:DSD_EARNINGS@AV_AN_WAGE(1.0),Average annual wages,I,NOR,Norway,WG,Wages,NOK,Norwegian krone,A,Annual,V,Current prices,MEAN,Mean,_Z,Not applicable,2000,,277284.53,,,,A,Normal value,0,Units,0,Zero
DATAFLOW,OECD.ELS.SAE:DSD_EARNINGS@AV_AN_WAGE(1.0),Average annual wages,I,NOR,Norway,WG,Wages,NOK,Norwegian krone,A,Annual,V,Current prices,MEAN,Mean,_Z,Not applicable,2001,,291132.15,,,,A,Normal value,0,Units,0,Zero
DATAFLOW,OECD.ELS.SAE:DSD_EARNINGS@AV_AN_WAGE(1.0),Average annual wages,I,NOR,Norway,WG,Wages,NOK,Norwegian krone,A,Annual,V,Current prices,MEAN,Mean,_Z,Not applicable,2002,,305661.92,,,,A,Normal value,0,Units,0,Zero
DATAFLOW,OECD.ELS.SAE:DSD_EARNINGS@AV_AN_WAGE(1.0),Average annual wages,I,NOR,Norway,WG,Wages,NOK,Norwegian krone,A,Annual,V,Current prices,MEAN,Mean,_Z,Not applicable,2003,,317922.52,,,,A,Normal value,0,Units,0,Zero
DATAFLOW,OECD.ELS.SAE:DSD_EARNINGS@AV_AN_WAGE(1.0),Average annual wages,I,NOR,Norway,WG,Wages,NOK,Norwegian krone,A,Annual,V,Current prices,MEAN,Mean,_Z,Not applicable,2004,,331600.22,,,,A,Normal value,0,Units,0,Zero
DATAFLOW,OECD.ELS.SAE:DSD_EARNINGS@AV_AN_WAGE(1.0),Average annual wages,I,NOR,Norway,WG,Wages,NOK,Norwegian krone,A,Annual,V,Current prices,MEAN,Mean,_Z,Not applicable,2005,,344256.47,,,,A,Normal value,0,Units,0,Zero
DATAFLOW,OECD.ELS.SAE:DSD_EARNINGS@AV_AN_WAGE(1.0),Average annual wages,I,NOR,Norway,WG,Wages,NOK,Norwegian krone,A,Annual,V,Current prices,MEAN,Mean,_Z,Not applicable,2006,,363347.46,,,,A,Normal value,0,Units,0,Zero
DATAFLOW,OECD.ELS.SAE:DSD_EARNINGS@AV_AN_WAGE(1.0),Average annual wages,I,NOR,Norway,WG,Wages,NOK,Norwegian krone,A,Annual,V,Current prices,MEAN,Mean,_Z,Not applicable,2007,,382961.13,,,,A,Normal value,0,Units,0,Zero
DATAFLOW,OECD.ELS.SAE:DSD_EARNINGS@AV_AN_WAGE(1.0),Average annual wages,I,NOR,Norway,WG,Wages,NOK,Norwegian krone,A,Annual,V,Current prices,MEAN,Mean,_Z,Not applicable,2008,,403575.23,,,,A,Normal value,0,Units,0,Zero
DATAFLOW,OECD.ELS.SAE:DSD_EARNINGS@AV_AN_WAGE(1.0),Average annual wages,I,NOR,Norway,WG,Wages,NOK,Norwegian krone,A,Annual,V,Current prices,MEAN,Mean,_Z,Not applicable,2009,,418154.02,,,,A,Normal value,0,Units,0,Zero
DATAFLOW,OECD.ELS.SAE:DSD_EARNINGS@AV_AN_WAGE(1.0),Average annual wages,I,NOR,Norway,WG,Wages,NOK,Norwegian krone,A,Annual,V,Current prices,MEAN,Mean,_Z,Not applicable,2010,,432549.9,,,,A,Normal value,0,Units,0,Zero
DATAFLOW,OECD.ELS.SAE:DSD_EARNINGS@AV_AN_WAGE(1.0),Average annual wages,I,NOR,Norway,WG,Wages,NOK,Norwegian krone,A,Annual,V,Current prices,MEAN,Mean,_Z,Not applicable,2011,,452225.26,,,,A,Normal value,0,Units,0,Zero
DATAFLOW,OECD.ELS.SAE:DSD_EARNINGS@AV_AN_WAGE(1.0),Average annual wages,I,NOR,Norway,WG,Wages,NOK,Norwegian krone,A,Annual,V,Current prices,MEAN,Mean,_Z,Not applicable,2012,,469038.87,,,,A,Normal value,0,Units,0,Zero
DATAFLOW,OECD.ELS.SAE:DSD_EARNINGS@AV_AN_WAGE(1.0),Average annual wages,I,NOR,Norway,WG,Wages,NOK,Norwegian krone,A,Annual,V,Current prices,MEAN,Mean,_Z,Not applicable,2013,,487973.12,,,,A,Normal value,0,Units,0,Zero
DATAFLOW,OECD.ELS.SAE:DSD_EARNINGS@AV_AN_WAGE(1.0),Average annual wages,I,NOR,Norway,WG,Wages,NOK,Norwegian krone,A,Annual,V,Current prices,MEAN,Mean,_Z,Not applicable,2014,,501153.16,,,,A,Normal value,0,Units,0,Zero
DATAFLOW,OECD.ELS.SAE:DSD_EARNINGS@AV_AN_WAGE(1.0),Average annual wages,I,NOR,Norway,WG,Wages,NOK,Norwegian krone,A,Annual,V,Current prices,MEAN,Mean,_Z,Not applicable,2015,,515246.33,,,,A,Normal value,0,Units,0,Zero
DATAFLOW,OECD.ELS.SAE:DSD_EARNINGS@AV_AN_WAGE(1.0),Average annual wages,I,NOR,Norway,WG,Wages,NOK,Norwegian krone,A,Annual,V,Current prices,MEAN,Mean,_Z,Not applicable,2016,,520461.66,,,,A,Normal value,0,Units,0,Zero
DATAFLOW,OECD.ELS.SAE:DSD_EARNINGS@AV_AN_WAGE(1.0),Average annual wages,I,NOR,Norway,WG,Wages,NOK,Norwegian krone,A,Annual,V,Current prices,MEAN,Mean,_Z,Not applicable,2017,,529652.11,,,,A,Normal value,0,Units,0,Zero
DATAFLOW,OECD.ELS.SAE:DSD_EARNINGS@AV_AN_WAGE(1.0),Average annual wages,I,NOR,Norway,WG,Wages,NOK,Norwegian krone,A,Annual,V,Current prices,MEAN,Mean,_Z,Not applicable,2018,,544259.29,,,,A,Normal value,0,Units,0,Zero
DATAFLOW,OECD.ELS.SAE:DSD_EARNINGS@AV_AN_WAGE(1.0),Average annual wages,I,NOR,Norway,WG,Wages,NOK,Norwegian krone,A,Annual,V,Current prices,MEAN,Mean,_Z,Not applicable,2019,,566565.55,,,,A,Normal value,0,Units,0,Zero
DATAFLOW,OECD.ELS.SAE:DSD_EARNINGS@AV_AN_WAGE(1.0),Average annual wages,I,NOR,Norway,WG,Wages,NOK,Norwegian krone,A,Annual,V,Current prices,MEAN,Mean,_Z,Not applicable,2020,,577191.58,,,,A,Normal value,0,Units,0,Zero
DATAFLOW,OECD.ELS.SAE:DSD_EARNINGS@AV_AN_WAGE(1.0),Average annual wages,I,NOR,Norway,WG,Wages,NOK,Norwegian krone,A,Annual,V,Current prices,MEAN,Mean,_Z,Not applicable,2021,,609214.09,,,,A,Normal value,0,Units,0,Zero
DATAFLOW,OECD.ELS.SAE:DSD_EARNINGS@AV_AN_WAGE(1.0),Average annual wages,I,NOR,Norway,WG,Wages,NOK,Norwegian krone,A,Annual,V,Current prices,MEAN,Mean,_Z,Not applicable,2022,,634555.96,,,,A,Normal value,0,Units,0,Zero
DATAFLOW,OECD.ELS.SAE:DSD_EARNINGS@AV_AN_WAGE(1.0),Average annual wages,I,NOR,Norway,WG,Wages,NOK,Norwegian krone,A,Annual,V,Current prices,MEAN,Mean,_Z,Not applicable,2023,,668566.95,,,,A,Normal value,0,Units,0,Zero
DATAFLOW,OECD.ELS.SAE:DSD_EARNINGS@AV_AN_WAGE(1.0),Average annual wages,I,NOR,Norway,WG,Wages,NOK,Norwegian krone,A,Annual,V,Current prices,MEAN,Mean,_Z,Not applicable,2024,,700176.38,,,,A,Normal value,0,Units,0,Zero
DATAFLOW,OECD.ELS.SAE:DSD_EARNINGS@AV_AN_WAGE(1.0),Average annual wages,I,NOR,Norway,WG,Wages,NOK,Norwegian krone,A,Annual,V,Current prices,MEAN,Mean,_Z,Not applicable,2025,,734712.49,,,,A,Normal value,0,Units,0,Zero
DATAFLOW,OECD.ELS.SAE:DSD_EARNINGS@AV_AN_WAGE(1.0),Average annual wages,I,POL,Poland,WG,Wages,PLN,Zloty,A,Annual,V,Current prices,MEAN,Mean,_Z,Not applicable,1995,,11873.591,,,,A,Normal value,0,Units,0,Zero
DATAFLOW,OECD.ELS.SAE:DSD_EARNINGS@AV_AN_WAGE(1.0),Average annual wages,I,POL,Poland,WG,Wages,PLN,Zloty,A,Annual,V,Current prices,MEAN,Mean,_Z,Not applicable,1996,,15177.654,,,,A,Normal value,0,Units,0,Zero
DATAFLOW,OECD.ELS.SAE:DSD_EARNINGS@AV_AN_WAGE(1.0),Average annual wages,I,POL,Poland,WG,Wages,PLN,Zloty,A,Annual,V,Current prices,MEAN,Mean,_Z,Not applicable,1997,,18260.059,,,,A,Normal value,0,Units,0,Zero
DATAFLOW,OECD.ELS.SAE:DSD_EARNINGS@AV_AN_WAGE(1.0),Average annual wages,I,POL,Poland,WG,Wages,PLN,Zloty,A,Annual,V,Current prices,MEAN,Mean,_Z,Not applicable,1998,,20758.496,,,,A,Normal value,0,Units,0,Zero
DATAFLOW,OECD.ELS.SAE:DSD_EARNINGS@AV_AN_WAGE(1.0),Average annual wages,I,POL,Poland,WG,Wages,PLN,Zloty,A,Annual,V,Current prices,MEAN,Mean,_Z,Not applicable,1999,,23961.64,,,,A,Normal value,0,Units,0,Zero
DATAFLOW,OECD.ELS.SAE:DSD_EARNINGS@AV_AN_WAGE(1.0),Average annual wages,I,POL,Poland,WG,Wages,PLN,Zloty,A,Annual,V,Current prices,MEAN,Mean,_Z,Not applicable,2000,,26567.902,,,,A,Normal value,0,Units,0,Zero
DATAFLOW,OECD.ELS.SAE:DSD_EARNINGS@AV_AN_WAGE(1.0),Average annual wages,I,POL,Poland,WG,Wages,PLN,Zloty,A,Annual,V,Current prices,MEAN,Mean,_Z,Not applicable,2001,,29122.497,,,,A,Normal value,0,Units,0,Zero
DATAFLOW,OECD.ELS.SAE:DSD_EARNINGS@AV_AN_WAGE(1.0),Average annual wages,I,POL,Poland,WG,Wages,PLN,Zloty,A,Annual,V,Current prices,MEAN,Mean,_Z,Not applicable,2002,,29958.751,,,,A,Normal value,0,Units,0,Zero
DATAFLOW,OECD.ELS.SAE:DSD_EARNINGS@AV_AN_WAGE(1.0),Average annual wages,I,POL,Poland,WG,Wages,PLN,Zloty,A,Annual,V,Current prices,MEAN,Mean,_Z,Not applicable,2003,,30495.12,,,,A,Normal value,0,Units,0,Zero
DATAFLOW,OECD.ELS.SAE:DSD_EARNINGS@AV_AN_WAGE(1.0),Average annual wages,I,POL,Poland,WG,Wages,PLN,Zloty,A,Annual,V,Current prices,MEAN,Mean,_Z,Not applicable,2004,,31290.469,,,,A,Normal value,0,Units,0,Zero
DATAFLOW,OECD.ELS.SAE:DSD_EARNINGS@AV_AN_WAGE(1.0),Average annual wages,I,POL,Poland,WG,Wages,PLN,Zloty,A,Annual,V,Current prices,MEAN,Mean,_Z,Not applicable,2005,,31892.614,,,,A,Normal value,0,Units,0,Zero
DATAFLOW,OECD.ELS.SAE:DSD_EARNINGS@AV_AN_WAGE(1.0),Average annual wages,I,POL,Poland,WG,Wages,PLN,Zloty,A,Annual,V,Current prices,MEAN,Mean,_Z,Not applicable,2006,,32698.373,,,,A,Normal value,0,Units,0,Zero
DATAFLOW,OECD.ELS.SAE:DSD_EARNINGS@AV_AN_WAGE(1.0),Average annual wages,I,POL,Poland,WG,Wages,PLN,Zloty,A,Annual,V,Current prices,MEAN,Mean,_Z,Not applicable,2007,,34424.901,,,,A,Normal value,0,Units,0,Zero
DATAFLOW,OECD.ELS.SAE:DSD_EARNINGS@AV_AN_WAGE(1.0),Average annual wages,I,POL,Poland,WG,Wages,PLN,Zloty,A,Annual,V,Current prices,MEAN,Mean,_Z,Not applicable,2008,,37656.628,,,,A,Normal value,0,Units,0,Zero
DATAFLOW,OECD.ELS.SAE:DSD_EARNINGS@AV_AN_WAGE(1.0),Average annual wages,I,POL,Poland,WG,Wages,PLN,Zloty,A,Annual,V,Current prices,MEAN,Mean,_Z,Not applicable,2009,,38670.141,,,,A,Normal value,0,Units,0,Zero
DATAFLOW,OECD.ELS.SAE:DSD_EARNINGS@AV_AN_WAGE(1.0),Average annual wages,I,POL,Poland,WG,Wages,PLN,Zloty,A,Annual,V,Current prices,MEAN,Mean,_Z,Not applicable,2010,,40938.004,,,,A,Normal value,0,Units,0,Zero
DATAFLOW,OECD.ELS.SAE:DSD_EARNINGS@AV_AN_WAGE(1.0),Average annual wages,I,POL,Poland,WG,Wages,PLN,Zloty,A,Annual,V,Current prices,MEAN,Mean,_Z,Not applicable,2011,,43078.768,,,,A,Normal value,0,Units,0,Zero
DATAFLOW,OECD.ELS.SAE:DSD_EARNINGS@AV_AN_WAGE(1.0),Average annual wages,I,POL,Poland,WG,Wages,PLN,Zloty,A,Annual,V,Current prices,MEAN,Mean,_Z,Not applicable,2012,,43983.716,,,,A,Normal value,0,Units,0,Zero
DATAFLOW,OECD.ELS.SAE:DSD_EARNINGS@AV_AN_WAGE(1.0),Average annual wages,I,POL,Poland,WG,Wages,PLN,Zloty,A,Annual,V,Current prices,MEAN,Mean,_Z,Not applicable,2013,,44618.971,,,,A,Normal value,0,Units,0,Zero
DATAFLOW,OECD.ELS.SAE:DSD_EARNINGS@AV_AN_WAGE(1.0),Average annual wages,I,POL,Poland,WG,Wages,PLN,Zloty,A,Annual,V,Current prices,MEAN,Mean,_Z,Not applicable,2014,,45470.647,,,,A,Normal value,0,Units,0,Zero
DATAFLOW,OECD.ELS.SAE:DSD_EARNINGS@AV_AN_WAGE(1.0),Average annual wages,I,POL,Poland,WG,Wages,PLN,Zloty,A,Annual,V,Current prices,MEAN,Mean,_Z,Not applicable,2015,,46364.541,,,,A,Normal value,0,Units,0,Zero
DATAFLOW,OECD.ELS.SAE:DSD_EARNINGS@AV_AN_WAGE(1.0),Average annual wages,I,POL,Poland,WG,Wages,PLN,Zloty,A,Annual,V,Current prices,MEAN,Mean,_Z,Not applicable,2016,,48478.28,,,,A,Normal value,0,Units,0,Zero
DATAFLOW,OECD.ELS.SAE:DSD_EARNINGS@AV_AN_WAGE(1.0),Average annual wages,I,POL,Poland,WG,Wages,PLN,Zloty,A,Annual,V,Current prices,MEAN,Mean,_Z,Not applicable,2017,,51400.789,,,,A,Normal value,0,Units,0,Zero
DATAFLOW,OECD.ELS.SAE:DSD_EARNINGS@AV_AN_WAGE(1.0),Average annual wages,I,POL,Poland,WG,Wages,PLN,Zloty,A,Annual,V,Current prices,MEAN,Mean,_Z,Not applicable,2018,,55544.581,,,,A,Normal value,0,Units,0,Zero
DATAFLOW,OECD.ELS.SAE:DSD_EARNINGS@AV_AN_WAGE(1.0),Average annual wages,I,POL,Poland,WG,Wages,PLN,Zloty,A,Annual,V,Current prices,MEAN,Mean,_Z,Not applicable,2019,,58602.685,,,,A,Normal value,0,Units,0,Zero
DATAFLOW,OECD.ELS.SAE:DSD_EARNINGS@AV_AN_WAGE(1.0),Average annual wages,I,POL,Poland,WG,Wages,PLN,Zloty,A,Annual,V,Current prices,MEAN,Mean,_Z,Not applicable,2020,,61445.434,,,,A,Normal value,0,Units,0,Zero
DATAFLOW,OECD.ELS.SAE:DSD_EARNINGS@AV_AN_WAGE(1.0),Average annual wages,I,POL,Poland,WG,Wages,PLN,Zloty,A,Annual,V,Current prices,MEAN,Mean,_Z,Not applicable,2021,,64488.338,,,,A,Normal value,0,Units,0,Zero
DATAFLOW,OECD.ELS.SAE:DSD_EARNINGS@AV_AN_WAGE(1.0),Average annual wages,I,POL,Poland,WG,Wages,PLN,Zloty,A,Annual,V,Current prices,MEAN,Mean,_Z,Not applicable,2022,,72433.252,,,,A,Normal value,0,Units,0,Zero
DATAFLOW,OECD.ELS.SAE:DSD_EARNINGS@AV_AN_WAGE(1.0),Average annual wages,I,POL,Poland,WG,Wages,PLN,Zloty,A,Annual,V,Current prices,MEAN,Mean,_Z,Not applicable,2023,,82775.483,,,,A,Normal value,0,Units,0,Zero
DATAFLOW,OECD.ELS.SAE:DSD_EARNINGS@AV_AN_WAGE(1.0),Average annual wages,I,POL,Poland,WG,Wages,PLN,Zloty,A,Annual,V,Current prices,MEAN,Mean,_Z,Not applicable,2024,,93227.563,,,,A,Normal value,0,Units,0,Zero
DATAFLOW,OECD.ELS.SAE:DSD_EARNINGS@AV_AN_WAGE(1.0),Average annual wages,I,POL,Poland,WG,Wages,PLN,Zloty,A,Annual,V,Current prices,MEAN,Mean,_Z,Not applicable,2025,,101247.58,,,,A,Normal value,0,Units,0,Zero
DATAFLOW,OECD.ELS.SAE:DSD_EARNINGS@AV_AN_WAGE(1.0),Average annual wages,I,SWE,Sweden,WG,Wages,SEK,Swedish krona,A,Annual,V,Current prices,MEAN,Mean,_Z,Not applicable,1990,,158903.85,,,,A,Normal value,0,Units,0,Zero
DATAFLOW,OECD.ELS.SAE:DSD_EARNINGS@AV_AN_WAGE(1.0),Average annual wages,I,SWE,Sweden,WG,Wages,SEK,Swedish krona,A,Annual,V,Current prices,MEAN,Mean,_Z,Not applicable,1991,,167219.1,,,,A,Normal value,0,Units,0,Zero
DATAFLOW,OECD.ELS.SAE:DSD_EARNINGS@AV_AN_WAGE(1.0),Average annual wages,I,SWE,Sweden,WG,Wages,SEK,Swedish krona,A,Annual,V,Current prices,MEAN,Mean,_Z,Not applicable,1992,,176482.53,,,,A,Normal value,0,Units,0,Zero
DATAFLOW,OECD.ELS.SAE:DSD_EARNINGS@AV_AN_WAGE(1.0),Average annual wages,I,SWE,Sweden,WG,Wages,SEK,Swedish krona,A,Annual,V,Current prices,MEAN,Mean,_Z,Not applicable,1993,,183566.46,,,,A,Normal value,0,Units,0,Zero
DATAFLOW,OECD.ELS.SAE:DSD_EARNINGS@AV_AN_WAGE(1.0),Average annual wages,I,SWE,Sweden,WG,Wages,SEK,Swedish krona,A,Annual,V,Current prices,MEAN,Mean,_Z,Not applicable,1994,,193061.94,,,,A,Normal value,0,Units,0,Zero
DATAFLOW,OECD.ELS.SAE:DSD_EARNINGS@AV_AN_WAGE(1.0),Average annual wages,I,SWE,Sweden,WG,Wages,SEK,Swedish krona,A,Annual,V,Current prices,MEAN,Mean,_Z,Not applicable,1995,,199303.91,,,,A,Normal value,0,Units,0,Zero
DATAFLOW,OECD.ELS.SAE:DSD_EARNINGS@AV_AN_WAGE(1.0),Average annual wages,I,SWE,Sweden,WG,Wages,SEK,Swedish krona,A,Annual,V,Current prices,MEAN,Mean,_Z,Not applicable,1996,,212908.05,,,,A,Normal value,0,Units,0,Zero
DATAFLOW,OECD.ELS.SAE:DSD_EARNINGS@AV_AN_WAGE(1.0),Average annual wages,I,SWE,Sweden,WG,Wages,SEK,Swedish krona,A,Annual,V,Current prices,MEAN,Mean,_Z,Not applicable,1997,,224450.91,,,,A,Normal value,0,Units,0,Zero
DATAFLOW,OECD.ELS.SAE:DSD_EARNINGS@AV_AN_WAGE(1.0),Average annual wages,I,SWE,Sweden,WG,Wages,SEK,Swedish krona,A,Annual,V,Current prices,MEAN,Mean,_Z,Not applicable,1998,,232969.24,,,,A,Normal value,0,Units,0,Zero
DATAFLOW,OECD.ELS.SAE:DSD_EARNINGS@AV_AN_WAGE(1.0),Average annual wages,I,SWE,Sweden,WG,Wages,SEK,Swedish krona,A,Annual,V,Current prices,MEAN,Mean,_Z,Not applicable,1999,,241339.52,,,,A,Normal value,0,Units,0,Zero
DATAFLOW,OECD.ELS.SAE:DSD_EARNINGS@AV_AN_WAGE(1.0),Average annual wages,I,SWE,Sweden,WG,Wages,SEK,Swedish krona,A,Annual,V,Current prices,MEAN,Mean,_Z,Not applicable,2000,,252380.79,,,,A,Normal value,0,Units,0,Zero
DATAFLOW,OECD.ELS.SAE:DSD_EARNINGS@AV_AN_WAGE(1.0),Average annual wages,I,SWE,Sweden,WG,Wages,SEK,Swedish krona,A,Annual,V,Current prices,MEAN,Mean,_Z,Not applicable,2001,,260695.82,,,,A,Normal value,0,Units,0,Zero
DATAFLOW,OECD.ELS.SAE:DSD_EARNINGS@AV_AN_WAGE(1.0),Average annual wages,I,SWE,Sweden,WG,Wages,SEK,Swedish krona,A,Annual,V,Current prices,MEAN,Mean,_Z,Not applicable,2002,,268464.74,,,,A,Normal value,0,Units,0,Zero
DATAFLOW,OECD.ELS.SAE:DSD_EARNINGS@AV_AN_WAGE(1.0),Average annual wages,I,SWE,Sweden,WG,Wages,SEK,Swedish krona,A,Annual,V,Current prices,MEAN,Mean,_Z,Not applicable,2003,,275914.11,,,,A,Normal value,0,Units,0,Zero
DATAFLOW,OECD.ELS.SAE:DSD_EARNINGS@AV_AN_WAGE(1.0),Average annual wages,I,SWE,Sweden,WG,Wages,SEK,Swedish krona,A,Annual,V,Current prices,MEAN,Mean,_Z,Not applicable,2004,,286335.2,,,,A,Normal value,0,Units,0,Zero
DATAFLOW,OECD.ELS.SAE:DSD_EARNINGS@AV_AN_WAGE(1.0),Average annual wages,I,SWE,Sweden,WG,Wages,SEK,Swedish krona,A,Annual,V,Current prices,MEAN,Mean,_Z,Not applicable,2005,,295905.28,,,,A,Normal value,0,Units,0,Zero
DATAFLOW,OECD.ELS.SAE:DSD_EARNINGS@AV_AN_WAGE(1.0),Average annual wages,I,SWE,Sweden,WG,Wages,SEK,Swedish krona,A,Annual,V,Current prices,MEAN,Mean,_Z,Not applicable,2006,,306672.42,,,,A,Normal value,0,Units,0,Zero
DATAFLOW,OECD.ELS.SAE:DSD_EARNINGS@AV_AN_WAGE(1.0),Average annual wages,I,SWE,Sweden,WG,Wages,SEK,Swedish krona,A,Annual,V,Current prices,MEAN,Mean,_Z,Not applicable,2007,,321163.58,,,,A,Normal value,0,Units,0,Zero
DATAFLOW,OECD.ELS.SAE:DSD_EARNINGS@AV_AN_WAGE(1.0),Average annual wages,I,SWE,Sweden,WG,Wages,SEK,Swedish krona,A,Annual,V,Current prices,MEAN,Mean,_Z,Not applicable,2008,,337468.58,,,,A,Normal value,0,Units,0,Zero
DATAFLOW,OECD.ELS.SAE:DSD_EARNINGS@AV_AN_WAGE(1.0),Average annual wages,I,SWE,Sweden,WG,Wages,SEK,Swedish krona,A,Annual,V,Current prices,MEAN,Mean,_Z,Not applicable,2009,,345533.94,,,,A,Normal value,0,Units,0,Zero
DATAFLOW,OECD.ELS.SAE:DSD_EARNINGS@AV_AN_WAGE(1.0),Average annual wages,I,SWE,Sweden,WG,Wages,SEK,Swedish krona,A,Annual,V,Current prices,MEAN,Mean,_Z,Not applicable,2010,,354160.7,,,,A,Normal value,0,Units,0,Zero
DATAFLOW,OECD.ELS.SAE:DSD_EARNINGS@AV_AN_WAGE(1.0),Average annual wages,I,SWE,Sweden,WG,Wages,SEK,Swedish krona,A,Annual,V,Current prices,MEAN,Mean,_Z,Not applicable,2011,,364471.47,,,,A,Normal value,0,Units,0,Zero
DATAFLOW,OECD.ELS.SAE:DSD_EARNINGS@AV_AN_WAGE(1.0),Average annual wages,I,SWE,Sweden,WG,Wages,SEK,Swedish krona,A,Annual,V,Current prices,MEAN,Mean,_Z,Not applicable,2012,,374355.07,,,,A,Normal value,0,Units,0,Zero
DATAFLOW,OECD.ELS.SAE:DSD_EARNINGS@AV_AN_WAGE(1.0),Average annual wages,I,SWE,Sweden,WG,Wages,SEK,Swedish krona,A,Annual,V,Current prices,MEAN,Mean,_Z,Not applicable,2013,,380774.68,,,,A,Normal value,0,Units,0,Zero
DATAFLOW,OECD.ELS.SAE:DSD_EARNINGS@AV_AN_WAGE(1.0),Average annual wages,I,SWE,Sweden,WG,Wages,SEK,Swedish krona,A,Annual,V,Current prices,MEAN,Mean,_Z,Not applicable,2014,,388759.05,,,,A,Normal value,0,Units,0,Zero
DATAFLOW,OECD.ELS.SAE:DSD_EARNINGS@AV_AN_WAGE(1.0),Average annual wages,I,SWE,Sweden,WG,Wages,SEK,Swedish krona,A,Annual,V,Current prices,MEAN,Mean,_Z,Not applicable,2015,,398344.01,,,,A,Normal value,0,Units,0,Zero
DATAFLOW,OECD.ELS.SAE:DSD_EARNINGS@AV_AN_WAGE(1.0),Average annual wages,I,SWE,Sweden,WG,Wages,SEK,Swedish krona,A,Annual,V,Current prices,MEAN,Mean,_Z,Not applicable,2016,,407599.14,,,,A,Normal value,0,Units,0,Zero
DATAFLOW,OECD.ELS.SAE:DSD_EARNINGS@AV_AN_WAGE(1.0),Average annual wages,I,SWE,Sweden,WG,Wages,SEK,Swedish krona,A,Annual,V,Current prices,MEAN,Mean,_Z,Not applicable,2017,,417073.58,,,,A,Normal value,0,Units,0,Zero
DATAFLOW,OECD.ELS.SAE:DSD_EARNINGS@AV_AN_WAGE(1.0),Average annual wages,I,SWE,Sweden,WG,Wages,SEK,Swedish krona,A,Annual,V,Current prices,MEAN,Mean,_Z,Not applicable,2018,,429392.86,,,,A,Normal value,0,Units,0,Zero
DATAFLOW,OECD.ELS.SAE:DSD_EARNINGS@AV_AN_WAGE(1.0),Average annual wages,I,SWE,Sweden,WG,Wages,SEK,Swedish krona,A,Annual,V,Current prices,MEAN,Mean,_Z,Not applicable,2019,,443117.41,,,,A,Normal value,0,Units,0,Zero
DATAFLOW,OECD.ELS.SAE:DSD_EARNINGS@AV_AN_WAGE(1.0),Average annual wages,I,SWE,Sweden,WG,Wages,SEK,Swedish krona,A,Annual,V,Current prices,MEAN,Mean,_Z,Not applicable,2020,,452831.22,,,,A,Normal value,0,Units,0,Zero
DATAFLOW,OECD.ELS.SAE:DSD_EARNINGS@AV_AN_WAGE(1.0),Average annual wages,I,SWE,Sweden,WG,Wages,SEK,Swedish krona,A,Annual,V,Current prices,MEAN,Mean,_Z,Not applicable,2021,,473391.33,,,,A,Normal value,0,Units,0,Zero
DATAFLOW,OECD.ELS.SAE:DSD_EARNINGS@AV_AN_WAGE(1.0),Average annual wages,I,SWE,Sweden,WG,Wages,SEK,Swedish krona,A,Annual,V,Current prices,MEAN,Mean,_Z,Not applicable,2022,,488722.15,,,,A,Normal value,0,Units,0,Zero
DATAFLOW,OECD.ELS.SAE:DSD_EARNINGS@AV_AN_WAGE(1.0),Average annual wages,I,SWE,Sweden,WG,Wages,SEK,Swedish krona,A,Annual,V,Current prices,MEAN,Mean,_Z,Not applicable,2023,,507307.1,,,,A,Normal value,0,Units,0,Zero
DATAFLOW,OECD.ELS.SAE:DSD_EARNINGS@AV_AN_WAGE(1.0),Average annual wages,I,SWE,Sweden,WG,Wages,SEK,Swedish krona,A,Annual,V,Current prices,MEAN,Mean,_Z,Not applicable,2024,,527269.47,,,,A,Normal value,0,Units,0,Zero
DATAFLOW,OECD.ELS.SAE:DSD_EARNINGS@AV_AN_WAGE(1.0),Average annual wages,I,SWE,Sweden,WG,Wages,SEK,Swedish krona,A,Annual,V,Current prices,MEAN,Mean,_Z,Not applicable,2025,,546170.89,,,,A,Normal value,0,Units,0,Zero
DATAFLOW,OECD.ELS.SAE:DSD_EARNINGS@AV_AN_WAGE(1.0),Average annual wages,I,CHE,Switzerland,WG,Wages,CHF,Swiss franc,A,Annual,V,Current prices,MEAN,Mean,_Z,Not applicable,1990,,56285.649,,,,A,Normal value,0,Units,0,Zero
DATAFLOW,OECD.ELS.SAE:DSD_EARNINGS@AV_AN_WAGE(1.0),Average annual wages,I,CHE,Switzerland,WG,Wages,CHF,Swiss franc,A,Annual,V,Current prices,MEAN,Mean,_Z,Not applicable,1991,,60355.15,,,,A,Normal value,0,Units,0,Zero
DATAFLOW,OECD.ELS.SAE:DSD_EARNINGS@AV_AN_WAGE(1.0),Average annual wages,I,CHE,Switzerland,WG,Wages,CHF,Swiss franc,A,Annual,V,Current prices,MEAN,Mean,_Z,Not applicable,1992,,63207.479,,,,A,Normal value,0,Units,0,Zero
DATAFLOW,OECD.ELS.SAE:DSD_EARNINGS@AV_AN_WAGE(1.0),Average annual wages,I,CHE,Switzerland,WG,Wages,CHF,Swiss franc,A,Annual,V,Current prices,MEAN,Mean,_Z,Not applicable,1993,,65288.613,,,,A,Normal value,0,Units,0,Zero
DATAFLOW,OECD.ELS.SAE:DSD_EARNINGS@AV_AN_WAGE(1.0),Average annual wages,I,CHE,Switzerland,WG,Wages,CHF,Swiss franc,A,Annual,V,Current prices,MEAN,Mean,_Z,Not applicable,1994,,66124.497,,,,A,Normal value,0,Units,0,Zero
DATAFLOW,OECD.ELS.SAE:DSD_EARNINGS@AV_AN_WAGE(1.0),Average annual wages,I,CHE,Switzerland,WG,Wages,CHF,Swiss franc,A,Annual,V,Current prices,MEAN,Mean,_Z,Not applicable,1995,,67669.825,,,,A,Normal value,0,Units,0,Zero
DATAFLOW,OECD.ELS.SAE:DSD_EARNINGS@AV_AN_WAGE(1.0),Average annual wages,I,CHE,Switzerland,WG,Wages,CHF,Swiss franc,A,Annual,V,Current prices,MEAN,Mean,_Z,Not applicable,1996,,66912.594,,,,A,Normal value,0,Units,0,Zero
DATAFLOW,OECD.ELS.SAE:DSD_EARNINGS@AV_AN_WAGE(1.0),Average annual wages,I,CHE,Switzerland,WG,Wages,CHF,Swiss franc,A,Annual,V,Current prices,MEAN,Mean,_Z,Not applicable,1997,,68699.405,,,,A,Normal value,0,Units,0,Zero
DATAFLOW,OECD.ELS.SAE:DSD_EARNINGS@AV_AN_WAGE(1.0),Average annual wages,I,CHE,Switzerland,WG,Wages,CHF,Swiss franc,A,Annual,V,Current prices,MEAN,Mean,_Z,Not applicable,1998,,69200.842,,,,A,Normal value,0,Units,0,Zero
DATAFLOW,OECD.ELS.SAE:DSD_EARNINGS@AV_AN_WAGE(1.0),Average annual wages,I,CHE,Switzerland,WG,Wages,CHF,Swiss franc,A,Annual,V,Current prices,MEAN,Mean,_Z,Not applicable,1999,,70358.021,,,,A,Normal value,0,Units,0,Zero
DATAFLOW,OECD.ELS.SAE:DSD_EARNINGS@AV_AN_WAGE(1.0),Average annual wages,I,CHE,Switzerland,WG,Wages,CHF,Swiss franc,A,Annual,V,Current prices,MEAN,Mean,_Z,Not applicable,2000,,72199.379,,,,A,Normal value,0,Units,0,Zero
DATAFLOW,OECD.ELS.SAE:DSD_EARNINGS@AV_AN_WAGE(1.0),Average annual wages,I,CHE,Switzerland,WG,Wages,CHF,Swiss franc,A,Annual,V,Current prices,MEAN,Mean,_Z,Not applicable,2001,,76428.258,,,,A,Normal value,0,Units,0,Zero
DATAFLOW,OECD.ELS.SAE:DSD_EARNINGS@AV_AN_WAGE(1.0),Average annual wages,I,CHE,Switzerland,WG,Wages,CHF,Swiss franc,A,Annual,V,Current prices,MEAN,Mean,_Z,Not applicable,2002,,77606.974,,,,A,Normal value,0,Units,0,Zero
DATAFLOW,OECD.ELS.SAE:DSD_EARNINGS@AV_AN_WAGE(1.0),Average annual wages,I,CHE,Switzerland,WG,Wages,CHF,Swiss franc,A,Annual,V,Current prices,MEAN,Mean,_Z,Not applicable,2003,,78235.104,,,,A,Normal value,0,Units,0,Zero
DATAFLOW,OECD.ELS.SAE:DSD_EARNINGS@AV_AN_WAGE(1.0),Average annual wages,I,CHE,Switzerland,WG,Wages,CHF,Swiss franc,A,Annual,V,Current prices,MEAN,Mean,_Z,Not applicable,2004,,77710.427,,,,A,Normal value,0,Units,0,Zero
DATAFLOW,OECD.ELS.SAE:DSD_EARNINGS@AV_AN_WAGE(1.0),Average annual wages,I,CHE,Switzerland,WG,Wages,CHF,Swiss franc,A,Annual,V,Current prices,MEAN,Mean,_Z,Not applicable,2005,,79750.358,,,,A,Normal value,0,Units,0,Zero
DATAFLOW,OECD.ELS.SAE:DSD_EARNINGS@AV_AN_WAGE(1.0),Average annual wages,I,CHE,Switzerland,WG,Wages,CHF,Swiss franc,A,Annual,V,Current prices,MEAN,Mean,_Z,Not applicable,2006,,81302.759,,,,A,Normal value,0,Units,0,Zero
DATAFLOW,OECD.ELS.SAE:DSD_EARNINGS@AV_AN_WAGE(1.0),Average annual wages,I,CHE,Switzerland,WG,Wages,CHF,Swiss franc,A,Annual,V,Current prices,MEAN,Mean,_Z,Not applicable,2007,,83487.003,,,,A,Normal value,0,Units,0,Zero
DATAFLOW,OECD.ELS.SAE:DSD_EARNINGS@AV_AN_WAGE(1.0),Average annual wages,I,CHE,Switzerland,WG,Wages,CHF,Swiss franc,A,Annual,V,Current prices,MEAN,Mean,_Z,Not applicable,2008,,85877.023,,,,A,Normal value,0,Units,0,Zero
DATAFLOW,OECD.ELS.SAE:DSD_EARNINGS@AV_AN_WAGE(1.0),Average annual wages,I,CHE,Switzerland,WG,Wages,CHF,Swiss franc,A,Annual,V,Current prices,MEAN,Mean,_Z,Not applicable,2009,,86809.089,,,,A,Normal value,0,Units,0,Zero
DATAFLOW,OECD.ELS.SAE:DSD_EARNINGS@AV_AN_WAGE(1.0),Average annual wages,I,CHE,Switzerland,WG,Wages,CHF,Swiss franc,A,Annual,V,Current prices,MEAN,Mean,_Z,Not applicable,2010,,86233.428,,,,A,Normal value,0,Units,0,Zero
DATAFLOW,OECD.ELS.SAE:DSD_EARNINGS@AV_AN_WAGE(1.0),Average annual wages,I,CHE,Switzerland,WG,Wages,CHF,Swiss franc,A,Annual,V,Current prices,MEAN,Mean,_Z,Not applicable,2011,,86622.996,,,,A,Normal value,0,Units,0,Zero
DATAFLOW,OECD.ELS.SAE:DSD_EARNINGS@AV_AN_WAGE(1.0),Average annual wages,I,CHE,Switzerland,WG,Wages,CHF,Swiss franc,A,Annual,V,Current prices,MEAN,Mean,_Z,Not applicable,2012,,87188.472,,,,A,Normal value,0,Units,0,Zero
DATAFLOW,OECD.ELS.SAE:DSD_EARNINGS@AV_AN_WAGE(1.0),Average annual wages,I,CHE,Switzerland,WG,Wages,CHF,Swiss franc,A,Annual,V,Current prices,MEAN,Mean,_Z,Not applicable,2013,,88063.733,,,,A,Normal value,0,Units,0,Zero
DATAFLOW,OECD.ELS.SAE:DSD_EARNINGS@AV_AN_WAGE(1.0),Average annual wages,I,CHE,Switzerland,WG,Wages,CHF,Swiss franc,A,Annual,V,Current prices,MEAN,Mean,_Z,Not applicable,2014,,87796.299,,,,A,Normal value,0,Units,0,Zero
DATAFLOW,OECD.ELS.SAE:DSD_EARNINGS@AV_AN_WAGE(1.0),Average annual wages,I,CHE,Switzerland,WG,Wages,CHF,Swiss franc,A,Annual,V,Current prices,MEAN,Mean,_Z,Not applicable,2015,,87129.373,,,,A,Normal value,0,Units,0,Zero
DATAFLOW,OECD.ELS.SAE:DSD_EARNINGS@AV_AN_WAGE(1.0),Average annual wages,I,CHE,Switzerland,WG,Wages,CHF,Swiss franc,A,Annual,V,Current prices,MEAN,Mean,_Z,Not applicable,2016,,86834.313,,,,A,Normal value,0,Units,0,Zero
DATAFLOW,OECD.ELS.SAE:DSD_EARNINGS@AV_AN_WAGE(1.0),Average annual wages,I,CHE,Switzerland,WG,Wages,CHF,Swiss franc,A,Annual,V,Current prices,MEAN,Mean,_Z,Not applicable,2017,,86975.29,,,,A,Normal value,0,Units,0,Zero
DATAFLOW,OECD.ELS.SAE:DSD_EARNINGS@AV_AN_WAGE(1.0),Average annual wages,I,CHE,Switzerland,WG,Wages,CHF,Swiss franc,A,Annual,V,Current prices,MEAN,Mean,_Z,Not applicable,2018,,87831.614,,,,A,Normal value,0,Units,0,Zero
DATAFLOW,OECD.ELS.SAE:DSD_EARNINGS@AV_AN_WAGE(1.0),Average annual wages,I,CHE,Switzerland,WG,Wages,CHF,Swiss franc,A,Annual,V,Current prices,MEAN,Mean,_Z,Not applicable,2019,,89186.699,,,,A,Normal value,0,Units,0,Zero
DATAFLOW,OECD.ELS.SAE:DSD_EARNINGS@AV_AN_WAGE(1.0),Average annual wages,I,CHE,Switzerland,WG,Wages,CHF,Swiss franc,A,Annual,V,Current prices,MEAN,Mean,_Z,Not applicable,2020,,86763.798,,,,A,Normal value,0,Units,0,Zero
DATAFLOW,OECD.ELS.SAE:DSD_EARNINGS@AV_AN_WAGE(1.0),Average annual wages,I,CHE,Switzerland,WG,Wages,CHF,Swiss franc,A,Annual,V,Current prices,MEAN,Mean,_Z,Not applicable,2021,,90495.708,,,,A,Normal value,0,Units,0,Zero
DATAFLOW,OECD.ELS.SAE:DSD_EARNINGS@AV_AN_WAGE(1.0),Average annual wages,I,CHE,Switzerland,WG,Wages,CHF,Swiss franc,A,Annual,V,Current prices,MEAN,Mean,_Z,Not applicable,2022,,93873.138,,,,A,Normal value,0,Units,0,Zero
DATAFLOW,OECD.ELS.SAE:DSD_EARNINGS@AV_AN_WAGE(1.0),Average annual wages,I,CHE,Switzerland,WG,Wages,CHF,Swiss franc,A,Annual,V,Current prices,MEAN,Mean,_Z,Not applicable,2023,,95322.376,,,,A,Normal value,0,Units,0,Zero
DATAFLOW,OECD.ELS.SAE:DSD_EARNINGS@AV_AN_WAGE(1.0),Average annual wages,I,CHE,Switzerland,WG,Wages,CHF,Swiss franc,A,Annual,V,Current prices,MEAN,Mean,_Z,Not applicable,2024,,97726.92,,,,A,Normal value,0,Units,0,Zero
DATAFLOW,OECD.ELS.SAE:DSD_EARNINGS@AV_AN_WAGE(1.0),Average annual wages,I,CHE,Switzerland,WG,Wages,CHF,Swiss franc,A,Annual,V,Current prices,MEAN,Mean,_Z,Not applicable,2025,,98333.791,,,,A,Normal value,0,Units,0,Zero
DATAFLOW,OECD.ELS.SAE:DSD_EARNINGS@AV_AN_WAGE(1.0),Average annual wages,I,TUR,Türkiye,WG,Wages,TRY,Turkish lira,A,Annual,V,Current prices,MEAN,Mean,_Z,Not applicable,1998,,1996.59193080514,,,,A,Normal value,0,Units,0,Zero
DATAFLOW,OECD.ELS.SAE:DSD_EARNINGS@AV_AN_WAGE(1.0),Average annual wages,I,TUR,Türkiye,WG,Wages,TRY,Turkish lira,A,Annual,V,Current prices,MEAN,Mean,_Z,Not applicable,1999,,3053.90708896356,,,,A,Normal value,0,Units,0,Zero
DATAFLOW,OECD.ELS.SAE:DSD_EARNINGS@AV_AN_WAGE(1.0),Average annual wages,I,TUR,Türkiye,WG,Wages,TRY,Turkish lira,A,Annual,V,Current prices,MEAN,Mean,_Z,Not applicable,2000,,4486.59574456929,,,,A,Normal value,0,Units,0,Zero
DATAFLOW,OECD.ELS.SAE:DSD_EARNINGS@AV_AN_WAGE(1.0),Average annual wages,I,TUR,Türkiye,WG,Wages,TRY,Turkish lira,A,Annual,V,Current prices,MEAN,Mean,_Z,Not applicable,2001,,6167.41792388649,,,,A,Normal value,0,Units,0,Zero
DATAFLOW,OECD.ELS.SAE:DSD_EARNINGS@AV_AN_WAGE(1.0),Average annual wages,I,TUR,Türkiye,WG,Wages,TRY,Turkish lira,A,Annual,V,Current prices,MEAN,Mean,_Z,Not applicable,2002,,8674.38059352312,,,,A,Normal value,0,Units,0,Zero
DATAFLOW,OECD.ELS.SAE:DSD_EARNINGS@AV_AN_WAGE(1.0),Average annual wages,I,TUR,Türkiye,WG,Wages,TRY,Turkish lira,A,Annual,V,Current prices,MEAN,Mean,_Z,Not applicable,2003,,11329.6287851028,,,,A,Normal value,0,Units,0,Zero
DATAFLOW,OECD.ELS.SAE:DSD_EARNINGS@AV_AN_WAGE(1.0),Average annual wages,I,TUR,Türkiye,WG,Wages,TRY,Turkish lira,A,Annual,V,Current prices,MEAN,Mean,_Z,Not applicable,2004,,13437.0464930342,,,,A,Normal value,0,Units,0,Zero
DATAFLOW,OECD.ELS.SAE:DSD_EARNINGS@AV_AN_WAGE(1.0),Average annual wages,I,TUR,Türkiye,WG,Wages,TRY,Turkish lira,A,Annual,V,Current prices,MEAN,Mean,_Z,Not applicable,2005,,15112,,,,A,Normal value,0,Units,0,Zero
DATAFLOW,OECD.ELS.SAE:DSD_EARNINGS@AV_AN_WAGE(1.0),Average annual wages,I,TUR,Türkiye,WG,Wages,TRY,Turkish lira,A,Annual,V,Current prices,MEAN,Mean,_Z,Not applicable,2006,,16655,,,,A,Normal value,0,Units,0,Zero
DATAFLOW,OECD.ELS.SAE:DSD_EARNINGS@AV_AN_WAGE(1.0),Average annual wages,I,TUR,Türkiye,WG,Wages,TRY,Turkish lira,A,Annual,V,Current prices,MEAN,Mean,_Z,Not applicable,2007,,18368,,,,A,Normal value,0,Units,0,Zero
DATAFLOW,OECD.ELS.SAE:DSD_EARNINGS@AV_AN_WAGE(1.0),Average annual wages,I,TUR,Türkiye,WG,Wages,TRY,Turkish lira,A,Annual,V,Current prices,MEAN,Mean,_Z,Not applicable,2008,,20218,,,,A,Normal value,0,Units,0,Zero
DATAFLOW,OECD.ELS.SAE:DSD_EARNINGS@AV_AN_WAGE(1.0),Average annual wages,I,TUR,Türkiye,WG,Wages,TRY,Turkish lira,A,Annual,V,Current prices,MEAN,Mean,_Z,Not applicable,2009,,21532.282,,,,A,Normal value,0,Units,0,Zero
DATAFLOW,OECD.ELS.SAE:DSD_EARNINGS@AV_AN_WAGE(1.0),Average annual wages,I,TUR,Türkiye,WG,Wages,TRY,Turkish lira,A,Annual,V,Current prices,MEAN,Mean,_Z,Not applicable,2010,,23477.478,,,,A,Normal value,0,Units,0,Zero
DATAFLOW,OECD.ELS.SAE:DSD_EARNINGS@AV_AN_WAGE(1.0),Average annual wages,I,TUR,Türkiye,WG,Wages,TRY,Turkish lira,A,Annual,V,Current prices,MEAN,Mean,_Z,Not applicable,2011,,25698.345,,,,A,Normal value,0,Units,0,Zero
DATAFLOW,OECD.ELS.SAE:DSD_EARNINGS@AV_AN_WAGE(1.0),Average annual wages,I,TUR,Türkiye,WG,Wages,TRY,Turkish lira,A,Annual,V,Current prices,MEAN,Mean,_Z,Not applicable,2012,,28836.894,,,,A,Normal value,0,Units,0,Zero
DATAFLOW,OECD.ELS.SAE:DSD_EARNINGS@AV_AN_WAGE(1.0),Average annual wages,I,TUR,Türkiye,WG,Wages,TRY,Turkish lira,A,Annual,V,Current prices,MEAN,Mean,_Z,Not applicable,2013,,31956.484,,,,A,Normal value,0,Units,0,Zero
DATAFLOW,OECD.ELS.SAE:DSD_EARNINGS@AV_AN_WAGE(1.0),Average annual wages,I,TUR,Türkiye,WG,Wages,TRY,Turkish lira,A,Annual,V,Current prices,MEAN,Mean,_Z,Not applicable,2014,,35626.454,,,,A,Normal value,0,Units,0,Zero
DATAFLOW,OECD.ELS.SAE:DSD_EARNINGS@AV_AN_WAGE(1.0),Average annual wages,I,TUR,Türkiye,WG,Wages,TRY,Turkish lira,A,Annual,V,Current prices,MEAN,Mean,_Z,Not applicable,2015,,39964.592,,,,A,Normal value,0,Units,0,Zero
DATAFLOW,OECD.ELS.SAE:DSD_EARNINGS@AV_AN_WAGE(1.0),Average annual wages,I,TUR,Türkiye,WG,Wages,TRY,Turkish lira,A,Annual,V,Current prices,MEAN,Mean,_Z,Not applicable,2016,,47110.595,,,,A,Normal value,0,Units,0,Zero
DATAFLOW,OECD.ELS.SAE:DSD_EARNINGS@AV_AN_WAGE(1.0),Average annual wages,I,TUR,Türkiye,WG,Wages,TRY,Turkish lira,A,Annual,V,Current prices,MEAN,Mean,_Z,Not applicable,2017,,51429.176,,,,A,Normal value,0,Units,0,Zero
DATAFLOW,OECD.ELS.SAE:DSD_EARNINGS@AV_AN_WAGE(1.0),Average annual wages,I,TUR,Türkiye,WG,Wages,TRY,Turkish lira,A,Annual,V,Current prices,MEAN,Mean,_Z,Not applicable,2018,,59137.424,,,,A,Normal value,0,Units,0,Zero
DATAFLOW,OECD.ELS.SAE:DSD_EARNINGS@AV_AN_WAGE(1.0),Average annual wages,I,TUR,Türkiye,WG,Wages,TRY,Turkish lira,A,Annual,V,Current prices,MEAN,Mean,_Z,Not applicable,2019,,72278.265,,,,A,Normal value,0,Units,0,Zero
DATAFLOW,OECD.ELS.SAE:DSD_EARNINGS@AV_AN_WAGE(1.0),Average annual wages,I,TUR,Türkiye,WG,Wages,TRY,Turkish lira,A,Annual,V,Current prices,MEAN,Mean,_Z,Not applicable,2020,,82383.804,,,,A,Normal value,0,Units,0,Zero
DATAFLOW,OECD.ELS.SAE:DSD_EARNINGS@AV_AN_WAGE(1.0),Average annual wages,I,TUR,Türkiye,WG,Wages,TRY,Turkish lira,A,Annual,V,Current prices,MEAN,Mean,_Z,Not applicable,2021,,103531.19,,,,A,Normal value,0,Units,0,Zero
DATAFLOW,OECD.ELS.SAE:DSD_EARNINGS@AV_AN_WAGE(1.0),Average annual wages,I,TUR,Türkiye,WG,Wages,TRY,Turkish lira,A,Annual,V,Current prices,MEAN,Mean,_Z,Not applicable,2022,,185081.59,,,,A,Normal value,0,Units,0,Zero
DATAFLOW,OECD.ELS.SAE:DSD_EARNINGS@AV_AN_WAGE(1.0),Average annual wages,I,TUR,Türkiye,WG,Wages,TRY,Turkish lira,A,Annual,V,Current prices,MEAN,Mean,_Z,Not applicable,2023,,393816.95,,,,A,Normal value,0,Units,0,Zero
DATAFLOW,OECD.ELS.SAE:DSD_EARNINGS@AV_AN_WAGE(1.0),Average annual wages,I,TUR,Türkiye,WG,Wages,TRY,Turkish lira,A,Annual,V,Current prices,MEAN,Mean,_Z,Not applicable,2024,,742960.89,,,,A,Normal value,0,Units,0,Zero
DATAFLOW,OECD.ELS.SAE:DSD_EARNINGS@AV_AN_WAGE(1.0),Average annual wages,I,GBR,United Kingdom,WG,Wages,GBP,Pound sterling,A,Annual,V,Current prices,MEAN,Mean,_Z,Not applicable,1990,,13764.877,,,,A,Normal value,0,Units,0,Zero
DATAFLOW,OECD.ELS.SAE:DSD_EARNINGS@AV_AN_WAGE(1.0),Average annual wages,I,GBR,United Kingdom,WG,Wages,GBP,Pound sterling,A,Annual,V,Current prices,MEAN,Mean,_Z,Not applicable,1991,,15031.244,,,,A,Normal value,0,Units,0,Zero
DATAFLOW,OECD.ELS.SAE:DSD_EARNINGS@AV_AN_WAGE(1.0),Average annual wages,I,GBR,United Kingdom,WG,Wages,GBP,Pound sterling,A,Annual,V,Current prices,MEAN,Mean,_Z,Not applicable,1992,,15868.215,,,,A,Normal value,0,Units,0,Zero
DATAFLOW,OECD.ELS.SAE:DSD_EARNINGS@AV_AN_WAGE(1.0),Average annual wages,I,GBR,United Kingdom,WG,Wages,GBP,Pound sterling,A,Annual,V,Current prices,MEAN,Mean,_Z,Not applicable,1993,,16480.917,,,,A,Normal value,0,Units,0,Zero
DATAFLOW,OECD.ELS.SAE:DSD_EARNINGS@AV_AN_WAGE(1.0),Average annual wages,I,GBR,United Kingdom,WG,Wages,GBP,Pound sterling,A,Annual,V,Current prices,MEAN,Mean,_Z,Not applicable,1994,,17040.896,,,,A,Normal value,0,Units,0,Zero
DATAFLOW,OECD.ELS.SAE:DSD_EARNINGS@AV_AN_WAGE(1.0),Average annual wages,I,GBR,United Kingdom,WG,Wages,GBP,Pound sterling,A,Annual,V,Current prices,MEAN,Mean,_Z,Not applicable,1995,,17576.517,,,,A,Normal value,0,Units,0,Zero
DATAFLOW,OECD.ELS.SAE:DSD_EARNINGS@AV_AN_WAGE(1.0),Average annual wages,I,GBR,United Kingdom,WG,Wages,GBP,Pound sterling,A,Annual,V,Current prices,MEAN,Mean,_Z,Not applicable,1996,,18187.085,,,,A,Normal value,0,Units,0,Zero
DATAFLOW,OECD.ELS.SAE:DSD_EARNINGS@AV_AN_WAGE(1.0),Average annual wages,I,GBR,United Kingdom,WG,Wages,GBP,Pound sterling,A,Annual,V,Current prices,MEAN,Mean,_Z,Not applicable,1997,,19258.048,,,,A,Normal value,0,Units,0,Zero
DATAFLOW,OECD.ELS.SAE:DSD_EARNINGS@AV_AN_WAGE(1.0),Average annual wages,I,GBR,United Kingdom,WG,Wages,GBP,Pound sterling,A,Annual,V,Current prices,MEAN,Mean,_Z,Not applicable,1998,,19827.495,,,,A,Normal value,0,Units,0,Zero
DATAFLOW,OECD.ELS.SAE:DSD_EARNINGS@AV_AN_WAGE(1.0),Average annual wages,I,GBR,United Kingdom,WG,Wages,GBP,Pound sterling,A,Annual,V,Current prices,MEAN,Mean,_Z,Not applicable,1999,,20958.867,,,,A,Normal value,0,Units,0,Zero
DATAFLOW,OECD.ELS.SAE:DSD_EARNINGS@AV_AN_WAGE(1.0),Average annual wages,I,GBR,United Kingdom,WG,Wages,GBP,Pound sterling,A,Annual,V,Current prices,MEAN,Mean,_Z,Not applicable,2000,,22008.665,,,,A,Normal value,0,Units,0,Zero
DATAFLOW,OECD.ELS.SAE:DSD_EARNINGS@AV_AN_WAGE(1.0),Average annual wages,I,GBR,United Kingdom,WG,Wages,GBP,Pound sterling,A,Annual,V,Current prices,MEAN,Mean,_Z,Not applicable,2001,,23132.389,,,,A,Normal value,0,Units,0,Zero
DATAFLOW,OECD.ELS.SAE:DSD_EARNINGS@AV_AN_WAGE(1.0),Average annual wages,I,GBR,United Kingdom,WG,Wages,GBP,Pound sterling,A,Annual,V,Current prices,MEAN,Mean,_Z,Not applicable,2002,,23557.991,,,,A,Normal value,0,Units,0,Zero
DATAFLOW,OECD.ELS.SAE:DSD_EARNINGS@AV_AN_WAGE(1.0),Average annual wages,I,GBR,United Kingdom,WG,Wages,GBP,Pound sterling,A,Annual,V,Current prices,MEAN,Mean,_Z,Not applicable,2003,,24635.954,,,,A,Normal value,0,Units,0,Zero
DATAFLOW,OECD.ELS.SAE:DSD_EARNINGS@AV_AN_WAGE(1.0),Average annual wages,I,GBR,United Kingdom,WG,Wages,GBP,Pound sterling,A,Annual,V,Current prices,MEAN,Mean,_Z,Not applicable,2004,,25852.493,,,,A,Normal value,0,Units,0,Zero
DATAFLOW,OECD.ELS.SAE:DSD_EARNINGS@AV_AN_WAGE(1.0),Average annual wages,I,GBR,United Kingdom,WG,Wages,GBP,Pound sterling,A,Annual,V,Current prices,MEAN,Mean,_Z,Not applicable,2005,,26638.738,,,,A,Normal value,0,Units,0,Zero
DATAFLOW,OECD.ELS.SAE:DSD_EARNINGS@AV_AN_WAGE(1.0),Average annual wages,I,GBR,United Kingdom,WG,Wages,GBP,Pound sterling,A,Annual,V,Current prices,MEAN,Mean,_Z,Not applicable,2006,,27939.953,,,,A,Normal value,0,Units,0,Zero
DATAFLOW,OECD.ELS.SAE:DSD_EARNINGS@AV_AN_WAGE(1.0),Average annual wages,I,GBR,United Kingdom,WG,Wages,GBP,Pound sterling,A,Annual,V,Current prices,MEAN,Mean,_Z,Not applicable,2007,,29594.906,,,,A,Normal value,0,Units,0,Zero
DATAFLOW,OECD.ELS.SAE:DSD_EARNINGS@AV_AN_WAGE(1.0),Average annual wages,I,GBR,United Kingdom,WG,Wages,GBP,Pound sterling,A,Annual,V,Current prices,MEAN,Mean,_Z,Not applicable,2008,,29966.993,,,,A,Normal value,0,Units,0,Zero
DATAFLOW,OECD.ELS.SAE:DSD_EARNINGS@AV_AN_WAGE(1.0),Average annual wages,I,GBR,United Kingdom,WG,Wages,GBP,Pound sterling,A,Annual,V,Current prices,MEAN,Mean,_Z,Not applicable,2009,,30158.985,,,,A,Normal value,0,Units,0,Zero
DATAFLOW,OECD.ELS.SAE:DSD_EARNINGS@AV_AN_WAGE(1.0),Average annual wages,I,GBR,United Kingdom,WG,Wages,GBP,Pound sterling,A,Annual,V,Current prices,MEAN,Mean,_Z,Not applicable,2010,,30572.307,,,,A,Normal value,0,Units,0,Zero
DATAFLOW,OECD.ELS.SAE:DSD_EARNINGS@AV_AN_WAGE(1.0),Average annual wages,I,GBR,United Kingdom,WG,Wages,GBP,Pound sterling,A,Annual,V,Current prices,MEAN,Mean,_Z,Not applicable,2011,,31124.416,,,,A,Normal value,0,Units,0,Zero
DATAFLOW,OECD.ELS.SAE:DSD_EARNINGS@AV_AN_WAGE(1.0),Average annual wages,I,GBR,United Kingdom,WG,Wages,GBP,Pound sterling,A,Annual,V,Current prices,MEAN,Mean,_Z,Not applicable,2012,,31380.376,,,,A,Normal value,0,Units,0,Zero
DATAFLOW,OECD.ELS.SAE:DSD_EARNINGS@AV_AN_WAGE(1.0),Average annual wages,I,GBR,United Kingdom,WG,Wages,GBP,Pound sterling,A,Annual,V,Current prices,MEAN,Mean,_Z,Not applicable,2013,,32300.884,,,,A,Normal value,0,Units,0,Zero
DATAFLOW,OECD.ELS.SAE:DSD_EARNINGS@AV_AN_WAGE(1.0),Average annual wages,I,GBR,United Kingdom,WG,Wages,GBP,Pound sterling,A,Annual,V,Current prices,MEAN,Mean,_Z,Not applicable,2014,,32814.88,,,,A,Normal value,0,Units,0,Zero
DATAFLOW,OECD.ELS.SAE:DSD_EARNINGS@AV_AN_WAGE(1.0),Average annual wages,I,GBR,United Kingdom,WG,Wages,GBP,Pound sterling,A,Annual,V,Current prices,MEAN,Mean,_Z,Not applicable,2015,,33136.893,,,,A,Normal value,0,Units,0,Zero
DATAFLOW,OECD.ELS.SAE:DSD_EARNINGS@AV_AN_WAGE(1.0),Average annual wages,I,GBR,United Kingdom,WG,Wages,GBP,Pound sterling,A,Annual,V,Current prices,MEAN,Mean,_Z,Not applicable,2016,,33971.401,,,,A,Normal value,0,Units,0,Zero
DATAFLOW,OECD.ELS.SAE:DSD_EARNINGS@AV_AN_WAGE(1.0),Average annual wages,I,GBR,United Kingdom,WG,Wages,GBP,Pound sterling,A,Annual,V,Current prices,MEAN,Mean,_Z,Not applicable,2017,,34799.782,,,,A,Normal value,0,Units,0,Zero
DATAFLOW,OECD.ELS.SAE:DSD_EARNINGS@AV_AN_WAGE(1.0),Average annual wages,I,GBR,United Kingdom,WG,Wages,GBP,Pound sterling,A,Annual,V,Current prices,MEAN,Mean,_Z,Not applicable,2018,,35575.623,,,,A,Normal value,0,Units,0,Zero
DATAFLOW,OECD.ELS.SAE:DSD_EARNINGS@AV_AN_WAGE(1.0),Average annual wages,I,GBR,United Kingdom,WG,Wages,GBP,Pound sterling,A,Annual,V,Current prices,MEAN,Mean,_Z,Not applicable,2019,,36583.819,,,,A,Normal value,0,Units,0,Zero
DATAFLOW,OECD.ELS.SAE:DSD_EARNINGS@AV_AN_WAGE(1.0),Average annual wages,I,GBR,United Kingdom,WG,Wages,GBP,Pound sterling,A,Annual,V,Current prices,MEAN,Mean,_Z,Not applicable,2020,,36207.198,,,,A,Normal value,0,Units,0,Zero
DATAFLOW,OECD.ELS.SAE:DSD_EARNINGS@AV_AN_WAGE(1.0),Average annual wages,I,GBR,United Kingdom,WG,Wages,GBP,Pound sterling,A,Annual,V,Current prices,MEAN,Mean,_Z,Not applicable,2021,,37727.41,,,,A,Normal value,0,Units,0,Zero
DATAFLOW,OECD.ELS.SAE:DSD_EARNINGS@AV_AN_WAGE(1.0),Average annual wages,I,GBR,United Kingdom,WG,Wages,GBP,Pound sterling,A,Annual,V,Current prices,MEAN,Mean,_Z,Not applicable,2022,,40107.641,,,,A,Normal value,0,Units,0,Zero
DATAFLOW,OECD.ELS.SAE:DSD_EARNINGS@AV_AN_WAGE(1.0),Average annual wages,I,GBR,United Kingdom,WG,Wages,GBP,Pound sterling,A,Annual,V,Current prices,MEAN,Mean,_Z,Not applicable,2023,,42530.96,,,,A,Normal value,0,Units,0,Zero
DATAFLOW,OECD.ELS.SAE:DSD_EARNINGS@AV_AN_WAGE(1.0),Average annual wages,I,GBR,United Kingdom,WG,Wages,GBP,Pound sterling,A,Annual,V,Current prices,MEAN,Mean,_Z,Not applicable,2024,,44649.849,,,,A,Normal value,0,Units,0,Zero
DATAFLOW,OECD.ELS.SAE:DSD_EARNINGS@AV_AN_WAGE(1.0),Average annual wages,I,GBR,United Kingdom,WG,Wages,GBP,Pound sterling,A,Annual,V,Current prices,MEAN,Mean,_Z,Not applicable,2025,,46510.769,,,,A,Normal value,0,Units,0,Zero
DATAFLOW,OECD.ELS.SAE:DSD_EARNINGS@AV_AN_WAGE(1.0),Average annual wages,I,USA,United States,WG,Wages,USD,US dollar,A,Annual,V,Current prices,MEAN,Mean,_Z,Not applicable,1990,,26701.558,,,,A,Normal value,0,Units,0,Zero
DATAFLOW,OECD.ELS.SAE:DSD_EARNINGS@AV_AN_WAGE(1.0),Average annual wages,I,USA,United States,WG,Wages,USD,US dollar,A,Annual,V,Current prices,MEAN,Mean,_Z,Not applicable,1991,,27781.808,,,,A,Normal value,0,Units,0,Zero
DATAFLOW,OECD.ELS.SAE:DSD_EARNINGS@AV_AN_WAGE(1.0),Average annual wages,I,USA,United States,WG,Wages,USD,US dollar,A,Annual,V,Current prices,MEAN,Mean,_Z,Not applicable,1992,,29183.456,,,,A,Normal value,0,Units,0,Zero
DATAFLOW,OECD.ELS.SAE:DSD_EARNINGS@AV_AN_WAGE(1.0),Average annual wages,I,USA,United States,WG,Wages,USD,US dollar,A,Annual,V,Current prices,MEAN,Mean,_Z,Not applicable,1993,,29741.833,,,,A,Normal value,0,Units,0,Zero
DATAFLOW,OECD.ELS.SAE:DSD_EARNINGS@AV_AN_WAGE(1.0),Average annual wages,I,USA,United States,WG,Wages,USD,US dollar,A,Annual,V,Current prices,MEAN,Mean,_Z,Not applicable,1994,,30246.382,,,,A,Normal value,0,Units,0,Zero
DATAFLOW,OECD.ELS.SAE:DSD_EARNINGS@AV_AN_WAGE(1.0),Average annual wages,I,USA,United States,WG,Wages,USD,US dollar,A,Annual,V,Current prices,MEAN,Mean,_Z,Not applicable,1995,,31058.306,,,,A,Normal value,0,Units,0,Zero
DATAFLOW,OECD.ELS.SAE:DSD_EARNINGS@AV_AN_WAGE(1.0),Average annual wages,I,USA,United States,WG,Wages,USD,US dollar,A,Annual,V,Current prices,MEAN,Mean,_Z,Not applicable,1996,,32186.384,,,,A,Normal value,0,Units,0,Zero
DATAFLOW,OECD.ELS.SAE:DSD_EARNINGS@AV_AN_WAGE(1.0),Average annual wages,I,USA,United States,WG,Wages,USD,US dollar,A,Annual,V,Current prices,MEAN,Mean,_Z,Not applicable,1997,,33564.267,,,,A,Normal value,0,Units,0,Zero
DATAFLOW,OECD.ELS.SAE:DSD_EARNINGS@AV_AN_WAGE(1.0),Average annual wages,I,USA,United States,WG,Wages,USD,US dollar,A,Annual,V,Current prices,MEAN,Mean,_Z,Not applicable,1998,,35224.815,,,,A,Normal value,0,Units,0,Zero
DATAFLOW,OECD.ELS.SAE:DSD_EARNINGS@AV_AN_WAGE(1.0),Average annual wages,I,USA,United States,WG,Wages,USD,US dollar,A,Annual,V,Current prices,MEAN,Mean,_Z,Not applicable,1999,,36679.668,,,,A,Normal value,0,Units,0,Zero
DATAFLOW,OECD.ELS.SAE:DSD_EARNINGS@AV_AN_WAGE(1.0),Average annual wages,I,USA,United States,WG,Wages,USD,US dollar,A,Annual,V,Current prices,MEAN,Mean,_Z,Not applicable,2000,,38863.271,,,,A,Normal value,0,Units,0,Zero
DATAFLOW,OECD.ELS.SAE:DSD_EARNINGS@AV_AN_WAGE(1.0),Average annual wages,I,USA,United States,WG,Wages,USD,US dollar,A,Annual,V,Current prices,MEAN,Mean,_Z,Not applicable,2001,,39946.676,,,,A,Normal value,0,Units,0,Zero
DATAFLOW,OECD.ELS.SAE:DSD_EARNINGS@AV_AN_WAGE(1.0),Average annual wages,I,USA,United States,WG,Wages,USD,US dollar,A,Annual,V,Current prices,MEAN,Mean,_Z,Not applicable,2002,,40797.082,,,,A,Normal value,0,Units,0,Zero
DATAFLOW,OECD.ELS.SAE:DSD_EARNINGS@AV_AN_WAGE(1.0),Average annual wages,I,USA,United States,WG,Wages,USD,US dollar,A,Annual,V,Current prices,MEAN,Mean,_Z,Not applicable,2003,,42102.215,,,,A,Normal value,0,Units,0,Zero
DATAFLOW,OECD.ELS.SAE:DSD_EARNINGS@AV_AN_WAGE(1.0),Average annual wages,I,USA,United States,WG,Wages,USD,US dollar,A,Annual,V,Current prices,MEAN,Mean,_Z,Not applicable,2005,,45254.358,,,,A,Normal value,0,Units,0,Zero
DATAFLOW,OECD.ELS.SAE:DSD_EARNINGS@AV_AN_WAGE(1.0),Average annual wages,I,USA,United States,WG,Wages,USD,US dollar,A,Annual,V,Current prices,MEAN,Mean,_Z,Not applicable,2006,,47225.723,,,,A,Normal value,0,Units,0,Zero
DATAFLOW,OECD.ELS.SAE:DSD_EARNINGS@AV_AN_WAGE(1.0),Average annual wages,I,USA,United States,WG,Wages,USD,US dollar,A,Annual,V,Current prices,MEAN,Mean,_Z,Not applicable,2007,,49354.235,,,,A,Normal value,0,Units,0,Zero
DATAFLOW,OECD.ELS.SAE:DSD_EARNINGS@AV_AN_WAGE(1.0),Average annual wages,I,USA,United States,WG,Wages,USD,US dollar,A,Annual,V,Current prices,MEAN,Mean,_Z,Not applicable,2008,,50689.185,,,,A,Normal value,0,Units,0,Zero
DATAFLOW,OECD.ELS.SAE:DSD_EARNINGS@AV_AN_WAGE(1.0),Average annual wages,I,USA,United States,WG,Wages,USD,US dollar,A,Annual,V,Current prices,MEAN,Mean,_Z,Not applicable,2009,,51054.574,,,,A,Normal value,0,Units,0,Zero
DATAFLOW,OECD.ELS.SAE:DSD_EARNINGS@AV_AN_WAGE(1.0),Average annual wages,I,USA,United States,WG,Wages,USD,US dollar,A,Annual,V,Current prices,MEAN,Mean,_Z,Not applicable,2011,,53829.746,,,,A,Normal value,0,Units,0,Zero
DATAFLOW,OECD.ELS.SAE:DSD_EARNINGS@AV_AN_WAGE(1.0),Average annual wages,I,USA,United States,WG,Wages,USD,US dollar,A,Annual,V,Current prices,MEAN,Mean,_Z,Not applicable,2012,,55299.815,,,,A,Normal value,0,Units,0,Zero
DATAFLOW,OECD.ELS.SAE:DSD_EARNINGS@AV_AN_WAGE(1.0),Average annual wages,I,USA,United States,WG,Wages,USD,US dollar,A,Annual,V,Current prices,MEAN,Mean,_Z,Not applicable,2013,,55779.937,,,,A,Normal value,0,Units,0,Zero
DATAFLOW,OECD.ELS.SAE:DSD_EARNINGS@AV_AN_WAGE(1.0),Average annual wages,I,USA,United States,WG,Wages,USD,US dollar,A,Annual,V,Current prices,MEAN,Mean,_Z,Not applicable,2014,,57449.542,,,,A,Normal value,0,Units,0,Zero
DATAFLOW,OECD.ELS.SAE:DSD_EARNINGS@AV_AN_WAGE(1.0),Average annual wages,I,USA,United States,WG,Wages,USD,US dollar,A,Annual,V,Current prices,MEAN,Mean,_Z,Not applicable,2015,,59030.25,,,,A,Normal value,0,Units,0,Zero
DATAFLOW,OECD.ELS.SAE:DSD_EARNINGS@AV_AN_WAGE(1.0),Average annual wages,I,USA,United States,WG,Wages,USD,US dollar,A,Annual,V,Current prices,MEAN,Mean,_Z,Not applicable,2016,,59728.637,,,,A,Normal value,0,Units,0,Zero
DATAFLOW,OECD.ELS.SAE:DSD_EARNINGS@AV_AN_WAGE(1.0),Average annual wages,I,USA,United States,WG,Wages,USD,US dollar,A,Annual,V,Current prices,MEAN,Mean,_Z,Not applicable,2017,,61434.205,,,,A,Normal value,0,Units,0,Zero
DATAFLOW,OECD.ELS.SAE:DSD_EARNINGS@AV_AN_WAGE(1.0),Average annual wages,I,USA,United States,WG,Wages,USD,US dollar,A,Annual,V,Current prices,MEAN,Mean,_Z,Not applicable,2018,,63433.076,,,,A,Normal value,0,Units,0,Zero
DATAFLOW,OECD.ELS.SAE:DSD_EARNINGS@AV_AN_WAGE(1.0),Average annual wages,I,USA,United States,WG,Wages,USD,US dollar,A,Annual,V,Current prices,MEAN,Mean,_Z,Not applicable,2019,,65503.951,,,,A,Normal value,0,Units,0,Zero
DATAFLOW,OECD.ELS.SAE:DSD_EARNINGS@AV_AN_WAGE(1.0),Average annual wages,I,USA,United States,WG,Wages,USD,US dollar,A,Annual,V,Current prices,MEAN,Mean,_Z,Not applicable,2020,,70238.717,,,,A,Normal value,0,Units,0,Zero
DATAFLOW,OECD.ELS.SAE:DSD_EARNINGS@AV_AN_WAGE(1.0),Average annual wages,I,USA,United States,WG,Wages,USD,US dollar,A,Annual,V,Current prices,MEAN,Mean,_Z,Not applicable,2021,,74437.895,,,,A,Normal value,0,Units,0,Zero
DATAFLOW,OECD.ELS.SAE:DSD_EARNINGS@AV_AN_WAGE(1.0),Average annual wages,I,USA,United States,WG,Wages,USD,US dollar,A,Annual,V,Current prices,MEAN,Mean,_Z,Not applicable,2022,,77037.538,,,,A,Normal value,0,Units,0,Zero
DATAFLOW,OECD.ELS.SAE:DSD_EARNINGS@AV_AN_WAGE(1.0),Average annual wages,I,USA,United States,WG,Wages,USD,US dollar,A,Annual,V,Current prices,MEAN,Mean,_Z,Not applicable,2023,,79632.878,,,,A,Normal value,0,Units,0,Zero
DATAFLOW,OECD.ELS.SAE:DSD_EARNINGS@AV_AN_WAGE(1.0),Average annual wages,I,USA,United States,WG,Wages,USD,US dollar,A,Annual,V,Current prices,MEAN,Mean,_Z,Not applicable,2024,,83354.601,,,,A,Normal value,0,Units,0,Zero
DATAFLOW,OECD.ELS.SAE:DSD_EARNINGS@AV_AN_WAGE(1.0),Average annual wages,I,USA,United States,WG,Wages,USD,US dollar,A,Annual,V,Current prices,MEAN,Mean,_Z,Not applicable,2025,,86977.138,,,,A,Normal value,0,Units,0,Zero
DATAFLOW,OECD.ELS.SAE:DSD_EARNINGS@AV_AN_WAGE(1.0),Average annual wages,I,AUS,Australia,WG,Wages,AUD,Australian dollar,A,Annual,Q,Constant prices,MEAN,Mean,_Z,Not applicable,1991,,75410.777,,2025,,A,Normal value,0,Units,0,Zero
DATAFLOW,OECD.ELS.SAE:DSD_EARNINGS@AV_AN_WAGE(1.0),Average annual wages,I,AUS,Australia,WG,Wages,AUD,Australian dollar,A,Annual,Q,Constant prices,MEAN,Mean,_Z,Not applicable,1992,,76950.888,,2025,,A,Normal value,0,Units,0,Zero
DATAFLOW,OECD.ELS.SAE:DSD_EARNINGS@AV_AN_WAGE(1.0),Average annual wages,I,AUS,Australia,WG,Wages,AUD,Australian dollar,A,Annual,Q,Constant prices,MEAN,Mean,_Z,Not applicable,1993,,77669.54,,2025,,A,Normal value,0,Units,0,Zero
DATAFLOW,OECD.ELS.SAE:DSD_EARNINGS@AV_AN_WAGE(1.0),Average annual wages,I,AUS,Australia,WG,Wages,AUD,Australian dollar,A,Annual,Q,Constant prices,MEAN,Mean,_Z,Not applicable,1994,,78191.88,,2025,,A,Normal value,0,Units,0,Zero
DATAFLOW,OECD.ELS.SAE:DSD_EARNINGS@AV_AN_WAGE(1.0),Average annual wages,I,AUS,Australia,WG,Wages,AUD,Australian dollar,A,Annual,Q,Constant prices,MEAN,Mean,_Z,Not applicable,1995,,77902.97,,2025,,A,Normal value,0,Units,0,Zero
DATAFLOW,OECD.ELS.SAE:DSD_EARNINGS@AV_AN_WAGE(1.0),Average annual wages,I,AUS,Australia,WG,Wages,AUD,Australian dollar,A,Annual,Q,Constant prices,MEAN,Mean,_Z,Not applicable,1996,,80154.489,,2025,,A,Normal value,0,Units,0,Zero
DATAFLOW,OECD.ELS.SAE:DSD_EARNINGS@AV_AN_WAGE(1.0),Average annual wages,I,AUS,Australia,WG,Wages,AUD,Australian dollar,A,Annual,Q,Constant prices,MEAN,Mean,_Z,Not applicable,1997,,82657.25,,2025,,A,Normal value,0,Units,0,Zero
DATAFLOW,OECD.ELS.SAE:DSD_EARNINGS@AV_AN_WAGE(1.0),Average annual wages,I,AUS,Australia,WG,Wages,AUD,Australian dollar,A,Annual,Q,Constant prices,MEAN,Mean,_Z,Not applicable,1998,,83842.744,,2025,,A,Normal value,0,Units,0,Zero
DATAFLOW,OECD.ELS.SAE:DSD_EARNINGS@AV_AN_WAGE(1.0),Average annual wages,I,AUS,Australia,WG,Wages,AUD,Australian dollar,A,Annual,Q,Constant prices,MEAN,Mean,_Z,Not applicable,1999,,85742.832,,2025,,A,Normal value,0,Units,0,Zero
DATAFLOW,OECD.ELS.SAE:DSD_EARNINGS@AV_AN_WAGE(1.0),Average annual wages,I,AUS,Australia,WG,Wages,AUD,Australian dollar,A,Annual,Q,Constant prices,MEAN,Mean,_Z,Not applicable,2000,,85984.699,,2025,,A,Normal value,0,Units,0,Zero
DATAFLOW,OECD.ELS.SAE:DSD_EARNINGS@AV_AN_WAGE(1.0),Average annual wages,I,AUS,Australia,WG,Wages,AUD,Australian dollar,A,Annual,Q,Constant prices,MEAN,Mean,_Z,Not applicable,2001,,86829.004,,2025,,A,Normal value,0,Units,0,Zero
DATAFLOW,OECD.ELS.SAE:DSD_EARNINGS@AV_AN_WAGE(1.0),Average annual wages,I,AUS,Australia,WG,Wages,AUD,Australian dollar,A,Annual,Q,Constant prices,MEAN,Mean,_Z,Not applicable,2002,,87617.795,,2025,,A,Normal value,0,Units,0,Zero
DATAFLOW,OECD.ELS.SAE:DSD_EARNINGS@AV_AN_WAGE(1.0),Average annual wages,I,AUS,Australia,WG,Wages,AUD,Australian dollar,A,Annual,Q,Constant prices,MEAN,Mean,_Z,Not applicable,2003,,88861.358,,2025,,A,Normal value,0,Units,0,Zero
DATAFLOW,OECD.ELS.SAE:DSD_EARNINGS@AV_AN_WAGE(1.0),Average annual wages,I,AUS,Australia,WG,Wages,AUD,Australian dollar,A,Annual,Q,Constant prices,MEAN,Mean,_Z,Not applicable,2004,,91655.518,,2025,,A,Normal value,0,Units,0,Zero
DATAFLOW,OECD.ELS.SAE:DSD_EARNINGS@AV_AN_WAGE(1.0),Average annual wages,I,AUS,Australia,WG,Wages,AUD,Australian dollar,A,Annual,Q,Constant prices,MEAN,Mean,_Z,Not applicable,2005,,92721.115,,2025,,A,Normal value,0,Units,0,Zero
DATAFLOW,OECD.ELS.SAE:DSD_EARNINGS@AV_AN_WAGE(1.0),Average annual wages,I,AUS,Australia,WG,Wages,AUD,Australian dollar,A,Annual,Q,Constant prices,MEAN,Mean,_Z,Not applicable,2006,,93343.659,,2025,,A,Normal value,0,Units,0,Zero
DATAFLOW,OECD.ELS.SAE:DSD_EARNINGS@AV_AN_WAGE(1.0),Average annual wages,I,AUS,Australia,WG,Wages,AUD,Australian dollar,A,Annual,Q,Constant prices,MEAN,Mean,_Z,Not applicable,2007,,95927.58,,2025,,A,Normal value,0,Units,0,Zero
DATAFLOW,OECD.ELS.SAE:DSD_EARNINGS@AV_AN_WAGE(1.0),Average annual wages,I,AUS,Australia,WG,Wages,AUD,Australian dollar,A,Annual,Q,Constant prices,MEAN,Mean,_Z,Not applicable,2008,,96613.809,,2025,,A,Normal value,0,Units,0,Zero
DATAFLOW,OECD.ELS.SAE:DSD_EARNINGS@AV_AN_WAGE(1.0),Average annual wages,I,AUS,Australia,WG,Wages,AUD,Australian dollar,A,Annual,Q,Constant prices,MEAN,Mean,_Z,Not applicable,2009,,95683.447,,2025,,A,Normal value,0,Units,0,Zero
DATAFLOW,OECD.ELS.SAE:DSD_EARNINGS@AV_AN_WAGE(1.0),Average annual wages,I,AUS,Australia,WG,Wages,AUD,Australian dollar,A,Annual,Q,Constant prices,MEAN,Mean,_Z,Not applicable,2010,,99089.778,,2025,,A,Normal value,0,Units,0,Zero
DATAFLOW,OECD.ELS.SAE:DSD_EARNINGS@AV_AN_WAGE(1.0),Average annual wages,I,AUS,Australia,WG,Wages,AUD,Australian dollar,A,Annual,Q,Constant prices,MEAN,Mean,_Z,Not applicable,2011,,102372.02,,2025,,A,Normal value,0,Units,0,Zero
DATAFLOW,OECD.ELS.SAE:DSD_EARNINGS@AV_AN_WAGE(1.0),Average annual wages,I,AUS,Australia,WG,Wages,AUD,Australian dollar,A,Annual,Q,Constant prices,MEAN,Mean,_Z,Not applicable,2012,,103076.05,,2025,,A,Normal value,0,Units,0,Zero
DATAFLOW,OECD.ELS.SAE:DSD_EARNINGS@AV_AN_WAGE(1.0),Average annual wages,I,AUS,Australia,WG,Wages,AUD,Australian dollar,A,Annual,Q,Constant prices,MEAN,Mean,_Z,Not applicable,2013,,102738.06,,2025,,A,Normal value,0,Units,0,Zero
DATAFLOW,OECD.ELS.SAE:DSD_EARNINGS@AV_AN_WAGE(1.0),Average annual wages,I,AUS,Australia,WG,Wages,AUD,Australian dollar,A,Annual,Q,Constant prices,MEAN,Mean,_Z,Not applicable,2014,,103767.97,,2025,,A,Normal value,0,Units,0,Zero
DATAFLOW,OECD.ELS.SAE:DSD_EARNINGS@AV_AN_WAGE(1.0),Average annual wages,I,AUS,Australia,WG,Wages,AUD,Australian dollar,A,Annual,Q,Constant prices,MEAN,Mean,_Z,Not applicable,2015,,103181.06,,2025,,A,Normal value,0,Units,0,Zero
DATAFLOW,OECD.ELS.SAE:DSD_EARNINGS@AV_AN_WAGE(1.0),Average annual wages,I,AUS,Australia,WG,Wages,AUD,Australian dollar,A,Annual,Q,Constant prices,MEAN,Mean,_Z,Not applicable,2016,,103696,,2025,,A,Normal value,0,Units,0,Zero
DATAFLOW,OECD.ELS.SAE:DSD_EARNINGS@AV_AN_WAGE(1.0),Average annual wages,I,AUS,Australia,WG,Wages,AUD,Australian dollar,A,Annual,Q,Constant prices,MEAN,Mean,_Z,Not applicable,2017,,103395.21,,2025,,A,Normal value,0,Units,0,Zero
DATAFLOW,OECD.ELS.SAE:DSD_EARNINGS@AV_AN_WAGE(1.0),Average annual wages,I,AUS,Australia,WG,Wages,AUD,Australian dollar,A,Annual,Q,Constant prices,MEAN,Mean,_Z,Not applicable,2018,,103754.55,,2025,,A,Normal value,0,Units,0,Zero
DATAFLOW,OECD.ELS.SAE:DSD_EARNINGS@AV_AN_WAGE(1.0),Average annual wages,I,AUS,Australia,WG,Wages,AUD,Australian dollar,A,Annual,Q,Constant prices,MEAN,Mean,_Z,Not applicable,2019,,104765.29,,2025,,A,Normal value,0,Units,0,Zero
DATAFLOW,OECD.ELS.SAE:DSD_EARNINGS@AV_AN_WAGE(1.0),Average annual wages,I,AUS,Australia,WG,Wages,AUD,Australian dollar,A,Annual,Q,Constant prices,MEAN,Mean,_Z,Not applicable,2020,,107013.76,,2025,,A,Normal value,0,Units,0,Zero
DATAFLOW,OECD.ELS.SAE:DSD_EARNINGS@AV_AN_WAGE(1.0),Average annual wages,I,AUS,Australia,WG,Wages,AUD,Australian dollar,A,Annual,Q,Constant prices,MEAN,Mean,_Z,Not applicable,2021,,108189.03,,2025,,A,Normal value,0,Units,0,Zero
DATAFLOW,OECD.ELS.SAE:DSD_EARNINGS@AV_AN_WAGE(1.0),Average annual wages,I,AUS,Australia,WG,Wages,AUD,Australian dollar,A,Annual,Q,Constant prices,MEAN,Mean,_Z,Not applicable,2022,,105835.75,,2025,,A,Normal value,0,Units,0,Zero
DATAFLOW,OECD.ELS.SAE:DSD_EARNINGS@AV_AN_WAGE(1.0),Average annual wages,I,AUS,Australia,WG,Wages,AUD,Australian dollar,A,Annual,Q,Constant prices,MEAN,Mean,_Z,Not applicable,2023,,104657.75,,2025,,A,Normal value,0,Units,0,Zero
DATAFLOW,OECD.ELS.SAE:DSD_EARNINGS@AV_AN_WAGE(1.0),Average annual wages,I,AUS,Australia,WG,Wages,AUD,Australian dollar,A,Annual,Q,Constant prices,MEAN,Mean,_Z,Not applicable,2024,,104335.02,,2025,,A,Normal value,0,Units,0,Zero
DATAFLOW,OECD.ELS.SAE:DSD_EARNINGS@AV_AN_WAGE(1.0),Average annual wages,I,AUS,Australia,WG,Wages,AUD,Australian dollar,A,Annual,Q,Constant prices,MEAN,Mean,_Z,Not applicable,2025,,105477.7,,2025,,A,Normal value,0,Units,0,Zero
DATAFLOW,OECD.ELS.SAE:DSD_EARNINGS@AV_AN_WAGE(1.0),Average annual wages,I,CAN,Canada,WG,Wages,CAD,Canadian dollar,A,Annual,Q,Constant prices,MEAN,Mean,_Z,Not applicable,1990,,62081.727,,2025,,A,Normal value,0,Units,0,Zero
DATAFLOW,OECD.ELS.SAE:DSD_EARNINGS@AV_AN_WAGE(1.0),Average annual wages,I,CAN,Canada,WG,Wages,CAD,Canadian dollar,A,Annual,Q,Constant prices,MEAN,Mean,_Z,Not applicable,1991,,62316.084,,2025,,A,Normal value,0,Units,0,Zero
DATAFLOW,OECD.ELS.SAE:DSD_EARNINGS@AV_AN_WAGE(1.0),Average annual wages,I,CAN,Canada,WG,Wages,CAD,Canadian dollar,A,Annual,Q,Constant prices,MEAN,Mean,_Z,Not applicable,1992,,63225.79,,2025,,A,Normal value,0,Units,0,Zero
DATAFLOW,OECD.ELS.SAE:DSD_EARNINGS@AV_AN_WAGE(1.0),Average annual wages,I,CAN,Canada,WG,Wages,CAD,Canadian dollar,A,Annual,Q,Constant prices,MEAN,Mean,_Z,Not applicable,1993,,63088.84,,2025,,A,Normal value,0,Units,0,Zero
DATAFLOW,OECD.ELS.SAE:DSD_EARNINGS@AV_AN_WAGE(1.0),Average annual wages,I,CAN,Canada,WG,Wages,CAD,Canadian dollar,A,Annual,Q,Constant prices,MEAN,Mean,_Z,Not applicable,1994,,62371.833,,2025,,A,Normal value,0,Units,0,Zero
DATAFLOW,OECD.ELS.SAE:DSD_EARNINGS@AV_AN_WAGE(1.0),Average annual wages,I,CAN,Canada,WG,Wages,CAD,Canadian dollar,A,Annual,Q,Constant prices,MEAN,Mean,_Z,Not applicable,1995,,62232.239,,2025,,A,Normal value,0,Units,0,Zero
DATAFLOW,OECD.ELS.SAE:DSD_EARNINGS@AV_AN_WAGE(1.0),Average annual wages,I,CAN,Canada,WG,Wages,CAD,Canadian dollar,A,Annual,Q,Constant prices,MEAN,Mean,_Z,Not applicable,1996,,62784.266,,2025,,A,Normal value,0,Units,0,Zero
DATAFLOW,OECD.ELS.SAE:DSD_EARNINGS@AV_AN_WAGE(1.0),Average annual wages,I,CAN,Canada,WG,Wages,CAD,Canadian dollar,A,Annual,Q,Constant prices,MEAN,Mean,_Z,Not applicable,1997,,64706.405,,2025,,A,Normal value,0,Units,0,Zero
DATAFLOW,OECD.ELS.SAE:DSD_EARNINGS@AV_AN_WAGE(1.0),Average annual wages,I,CAN,Canada,WG,Wages,CAD,Canadian dollar,A,Annual,Q,Constant prices,MEAN,Mean,_Z,Not applicable,1998,,65792.647,,2025,,A,Normal value,0,Units,0,Zero
DATAFLOW,OECD.ELS.SAE:DSD_EARNINGS@AV_AN_WAGE(1.0),Average annual wages,I,CAN,Canada,WG,Wages,CAD,Canadian dollar,A,Annual,Q,Constant prices,MEAN,Mean,_Z,Not applicable,1999,,66327.404,,2025,,A,Normal value,0,Units,0,Zero
DATAFLOW,OECD.ELS.SAE:DSD_EARNINGS@AV_AN_WAGE(1.0),Average annual wages,I,CAN,Canada,WG,Wages,CAD,Canadian dollar,A,Annual,Q,Constant prices,MEAN,Mean,_Z,Not applicable,2000,,68338.537,,2025,,A,Normal value,0,Units,0,Zero
DATAFLOW,OECD.ELS.SAE:DSD_EARNINGS@AV_AN_WAGE(1.0),Average annual wages,I,CAN,Canada,WG,Wages,CAD,Canadian dollar,A,Annual,Q,Constant prices,MEAN,Mean,_Z,Not applicable,2001,,68057.261,,2025,,A,Normal value,0,Units,0,Zero
DATAFLOW,OECD.ELS.SAE:DSD_EARNINGS@AV_AN_WAGE(1.0),Average annual wages,I,CAN,Canada,WG,Wages,CAD,Canadian dollar,A,Annual,Q,Constant prices,MEAN,Mean,_Z,Not applicable,2002,,67508.724,,2025,,A,Normal value,0,Units,0,Zero
DATAFLOW,OECD.ELS.SAE:DSD_EARNINGS@AV_AN_WAGE(1.0),Average annual wages,I,CAN,Canada,WG,Wages,CAD,Canadian dollar,A,Annual,Q,Constant prices,MEAN,Mean,_Z,Not applicable,2003,,67529.606,,2025,,A,Normal value,0,Units,0,Zero
DATAFLOW,OECD.ELS.SAE:DSD_EARNINGS@AV_AN_WAGE(1.0),Average annual wages,I,CAN,Canada,WG,Wages,CAD,Canadian dollar,A,Annual,Q,Constant prices,MEAN,Mean,_Z,Not applicable,2004,,68988.643,,2025,,A,Normal value,0,Units,0,Zero
DATAFLOW,OECD.ELS.SAE:DSD_EARNINGS@AV_AN_WAGE(1.0),Average annual wages,I,CAN,Canada,WG,Wages,CAD,Canadian dollar,A,Annual,Q,Constant prices,MEAN,Mean,_Z,Not applicable,2005,,70981.381,,2025,,A,Normal value,0,Units,0,Zero
DATAFLOW,OECD.ELS.SAE:DSD_EARNINGS@AV_AN_WAGE(1.0),Average annual wages,I,CAN,Canada,WG,Wages,CAD,Canadian dollar,A,Annual,Q,Constant prices,MEAN,Mean,_Z,Not applicable,2006,,73142.885,,2025,,A,Normal value,0,Units,0,Zero
DATAFLOW,OECD.ELS.SAE:DSD_EARNINGS@AV_AN_WAGE(1.0),Average annual wages,I,CAN,Canada,WG,Wages,CAD,Canadian dollar,A,Annual,Q,Constant prices,MEAN,Mean,_Z,Not applicable,2007,,75096.17,,2025,,A,Normal value,0,Units,0,Zero
DATAFLOW,OECD.ELS.SAE:DSD_EARNINGS@AV_AN_WAGE(1.0),Average annual wages,I,CAN,Canada,WG,Wages,CAD,Canadian dollar,A,Annual,Q,Constant prices,MEAN,Mean,_Z,Not applicable,2008,,76412.13,,2025,,A,Normal value,0,Units,0,Zero
DATAFLOW,OECD.ELS.SAE:DSD_EARNINGS@AV_AN_WAGE(1.0),Average annual wages,I,CAN,Canada,WG,Wages,CAD,Canadian dollar,A,Annual,Q,Constant prices,MEAN,Mean,_Z,Not applicable,2009,,76914.034,,2025,,A,Normal value,0,Units,0,Zero
DATAFLOW,OECD.ELS.SAE:DSD_EARNINGS@AV_AN_WAGE(1.0),Average annual wages,I,CAN,Canada,WG,Wages,CAD,Canadian dollar,A,Annual,Q,Constant prices,MEAN,Mean,_Z,Not applicable,2010,,77049.462,,2025,,A,Normal value,0,Units,0,Zero
DATAFLOW,OECD.ELS.SAE:DSD_EARNINGS@AV_AN_WAGE(1.0),Average annual wages,I,CAN,Canada,WG,Wages,CAD,Canadian dollar,A,Annual,Q,Constant prices,MEAN,Mean,_Z,Not applicable,2011,,78083.728,,2025,,A,Normal value,0,Units,0,Zero
DATAFLOW,OECD.ELS.SAE:DSD_EARNINGS@AV_AN_WAGE(1.0),Average annual wages,I,CAN,Canada,WG,Wages,CAD,Canadian dollar,A,Annual,Q,Constant prices,MEAN,Mean,_Z,Not applicable,2012,,79143.507,,2025,,A,Normal value,0,Units,0,Zero
DATAFLOW,OECD.ELS.SAE:DSD_EARNINGS@AV_AN_WAGE(1.0),Average annual wages,I,CAN,Canada,WG,Wages,CAD,Canadian dollar,A,Annual,Q,Constant prices,MEAN,Mean,_Z,Not applicable,2013,,79949.303,,2025,,A,Normal value,0,Units,0,Zero
DATAFLOW,OECD.ELS.SAE:DSD_EARNINGS@AV_AN_WAGE(1.0),Average annual wages,I,CAN,Canada,WG,Wages,CAD,Canadian dollar,A,Annual,Q,Constant prices,MEAN,Mean,_Z,Not applicable,2014,,80874.849,,2025,,A,Normal value,0,Units,0,Zero
DATAFLOW,OECD.ELS.SAE:DSD_EARNINGS@AV_AN_WAGE(1.0),Average annual wages,I,CAN,Canada,WG,Wages,CAD,Canadian dollar,A,Annual,Q,Constant prices,MEAN,Mean,_Z,Not applicable,2015,,81511.316,,2025,,A,Normal value,0,Units,0,Zero
DATAFLOW,OECD.ELS.SAE:DSD_EARNINGS@AV_AN_WAGE(1.0),Average annual wages,I,CAN,Canada,WG,Wages,CAD,Canadian dollar,A,Annual,Q,Constant prices,MEAN,Mean,_Z,Not applicable,2016,,79941.058,,2025,,A,Normal value,0,Units,0,Zero
DATAFLOW,OECD.ELS.SAE:DSD_EARNINGS@AV_AN_WAGE(1.0),Average annual wages,I,CAN,Canada,WG,Wages,CAD,Canadian dollar,A,Annual,Q,Constant prices,MEAN,Mean,_Z,Not applicable,2017,,81228.706,,2025,,A,Normal value,0,Units,0,Zero
DATAFLOW,OECD.ELS.SAE:DSD_EARNINGS@AV_AN_WAGE(1.0),Average annual wages,I,CAN,Canada,WG,Wages,CAD,Canadian dollar,A,Annual,Q,Constant prices,MEAN,Mean,_Z,Not applicable,2018,,82682.682,,2025,,A,Normal value,0,Units,0,Zero
DATAFLOW,OECD.ELS.SAE:DSD_EARNINGS@AV_AN_WAGE(1.0),Average annual wages,I,CAN,Canada,WG,Wages,CAD,Canadian dollar,A,Annual,Q,Constant prices,MEAN,Mean,_Z,Not applicable,2019,,83153.797,,2025,,A,Normal value,0,Units,0,Zero
DATAFLOW,OECD.ELS.SAE:DSD_EARNINGS@AV_AN_WAGE(1.0),Average annual wages,I,CAN,Canada,WG,Wages,CAD,Canadian dollar,A,Annual,Q,Constant prices,MEAN,Mean,_Z,Not applicable,2020,,85821.225,,2025,,A,Normal value,0,Units,0,Zero
DATAFLOW,OECD.ELS.SAE:DSD_EARNINGS@AV_AN_WAGE(1.0),Average annual wages,I,CAN,Canada,WG,Wages,CAD,Canadian dollar,A,Annual,Q,Constant prices,MEAN,Mean,_Z,Not applicable,2021,,86259.454,,2025,,A,Normal value,0,Units,0,Zero
DATAFLOW,OECD.ELS.SAE:DSD_EARNINGS@AV_AN_WAGE(1.0),Average annual wages,I,CAN,Canada,WG,Wages,CAD,Canadian dollar,A,Annual,Q,Constant prices,MEAN,Mean,_Z,Not applicable,2022,,84873.086,,2025,,A,Normal value,0,Units,0,Zero
DATAFLOW,OECD.ELS.SAE:DSD_EARNINGS@AV_AN_WAGE(1.0),Average annual wages,I,CAN,Canada,WG,Wages,CAD,Canadian dollar,A,Annual,Q,Constant prices,MEAN,Mean,_Z,Not applicable,2023,,84497.952,,2025,,A,Normal value,0,Units,0,Zero
DATAFLOW,OECD.ELS.SAE:DSD_EARNINGS@AV_AN_WAGE(1.0),Average annual wages,I,CAN,Canada,WG,Wages,CAD,Canadian dollar,A,Annual,Q,Constant prices,MEAN,Mean,_Z,Not applicable,2024,,85419.853,,2025,,A,Normal value,0,Units,0,Zero
DATAFLOW,OECD.ELS.SAE:DSD_EARNINGS@AV_AN_WAGE(1.0),Average annual wages,I,CAN,Canada,WG,Wages,CAD,Canadian dollar,A,Annual,Q,Constant prices,MEAN,Mean,_Z,Not applicable,2025,,85587.553,,2025,,A,Normal value,0,Units,0,Zero
DATAFLOW,OECD.ELS.SAE:DSD_EARNINGS@AV_AN_WAGE(1.0),Average annual wages,I,CHL,Chile,WG,Wages,CLP,Chilean peso,A,Annual,Q,Constant prices,MEAN,Mean,_Z,Not applicable,1996,,10556952,,2025,,A,Normal value,0,Units,0,Zero
DATAFLOW,OECD.ELS.SAE:DSD_EARNINGS@AV_AN_WAGE(1.0),Average annual wages,I,CHL,Chile,WG,Wages,CLP,Chilean peso,A,Annual,Q,Constant prices,MEAN,Mean,_Z,Not applicable,1997,,11266893,,2025,,A,Normal value,0,Units,0,Zero
DATAFLOW,OECD.ELS.SAE:DSD_EARNINGS@AV_AN_WAGE(1.0),Average annual wages,I,CHL,Chile,WG,Wages,CLP,Chilean peso,A,Annual,Q,Constant prices,MEAN,Mean,_Z,Not applicable,1998,,11741199,,2025,,A,Normal value,0,Units,0,Zero
DATAFLOW,OECD.ELS.SAE:DSD_EARNINGS@AV_AN_WAGE(1.0),Average annual wages,I,CHL,Chile,WG,Wages,CLP,Chilean peso,A,Annual,Q,Constant prices,MEAN,Mean,_Z,Not applicable,1999,,12398718,,2025,,A,Normal value,0,Units,0,Zero
DATAFLOW,OECD.ELS.SAE:DSD_EARNINGS@AV_AN_WAGE(1.0),Average annual wages,I,CHL,Chile,WG,Wages,CLP,Chilean peso,A,Annual,Q,Constant prices,MEAN,Mean,_Z,Not applicable,2000,,12422107,,2025,,A,Normal value,0,Units,0,Zero
DATAFLOW,OECD.ELS.SAE:DSD_EARNINGS@AV_AN_WAGE(1.0),Average annual wages,I,CHL,Chile,WG,Wages,CLP,Chilean peso,A,Annual,Q,Constant prices,MEAN,Mean,_Z,Not applicable,2001,,12905864,,2025,,A,Normal value,0,Units,0,Zero
DATAFLOW,OECD.ELS.SAE:DSD_EARNINGS@AV_AN_WAGE(1.0),Average annual wages,I,CHL,Chile,WG,Wages,CLP,Chilean peso,A,Annual,Q,Constant prices,MEAN,Mean,_Z,Not applicable,2002,,13075730,,2025,,A,Normal value,0,Units,0,Zero
DATAFLOW,OECD.ELS.SAE:DSD_EARNINGS@AV_AN_WAGE(1.0),Average annual wages,I,CHL,Chile,WG,Wages,CLP,Chilean peso,A,Annual,Q,Constant prices,MEAN,Mean,_Z,Not applicable,2003,,13285685,,2025,,A,Normal value,0,Units,0,Zero
DATAFLOW,OECD.ELS.SAE:DSD_EARNINGS@AV_AN_WAGE(1.0),Average annual wages,I,CHL,Chile,WG,Wages,CLP,Chilean peso,A,Annual,Q,Constant prices,MEAN,Mean,_Z,Not applicable,2004,,13099507,,2025,,A,Normal value,0,Units,0,Zero
DATAFLOW,OECD.ELS.SAE:DSD_EARNINGS@AV_AN_WAGE(1.0),Average annual wages,I,CHL,Chile,WG,Wages,CLP,Chilean peso,A,Annual,Q,Constant prices,MEAN,Mean,_Z,Not applicable,2005,,13022211,,2025,,A,Normal value,0,Units,0,Zero
DATAFLOW,OECD.ELS.SAE:DSD_EARNINGS@AV_AN_WAGE(1.0),Average annual wages,I,CHL,Chile,WG,Wages,CLP,Chilean peso,A,Annual,Q,Constant prices,MEAN,Mean,_Z,Not applicable,2006,,13509659,,2025,,A,Normal value,0,Units,0,Zero
DATAFLOW,OECD.ELS.SAE:DSD_EARNINGS@AV_AN_WAGE(1.0),Average annual wages,I,CHL,Chile,WG,Wages,CLP,Chilean peso,A,Annual,Q,Constant prices,MEAN,Mean,_Z,Not applicable,2007,,13917364,,2025,,A,Normal value,0,Units,0,Zero
DATAFLOW,OECD.ELS.SAE:DSD_EARNINGS@AV_AN_WAGE(1.0),Average annual wages,I,CHL,Chile,WG,Wages,CLP,Chilean peso,A,Annual,Q,Constant prices,MEAN,Mean,_Z,Not applicable,2008,,14315855,,2025,,A,Normal value,0,Units,0,Zero
DATAFLOW,OECD.ELS.SAE:DSD_EARNINGS@AV_AN_WAGE(1.0),Average annual wages,I,CHL,Chile,WG,Wages,CLP,Chilean peso,A,Annual,Q,Constant prices,MEAN,Mean,_Z,Not applicable,2009,,15853536,,2025,,A,Normal value,0,Units,0,Zero
DATAFLOW,OECD.ELS.SAE:DSD_EARNINGS@AV_AN_WAGE(1.0),Average annual wages,I,CHL,Chile,WG,Wages,CLP,Chilean peso,A,Annual,Q,Constant prices,MEAN,Mean,_Z,Not applicable,2010,,19619140,,2025,,A,Normal value,0,Units,0,Zero
DATAFLOW,OECD.ELS.SAE:DSD_EARNINGS@AV_AN_WAGE(1.0),Average annual wages,I,CHL,Chile,WG,Wages,CLP,Chilean peso,A,Annual,Q,Constant prices,MEAN,Mean,_Z,Not applicable,2011,,20020643,,2025,,A,Normal value,0,Units,0,Zero
DATAFLOW,OECD.ELS.SAE:DSD_EARNINGS@AV_AN_WAGE(1.0),Average annual wages,I,CHL,Chile,WG,Wages,CLP,Chilean peso,A,Annual,Q,Constant prices,MEAN,Mean,_Z,Not applicable,2012,,20552299,,2025,,A,Normal value,0,Units,0,Zero
DATAFLOW,OECD.ELS.SAE:DSD_EARNINGS@AV_AN_WAGE(1.0),Average annual wages,I,CHL,Chile,WG,Wages,CLP,Chilean peso,A,Annual,Q,Constant prices,MEAN,Mean,_Z,Not applicable,2013,,21065753,,2025,,A,Normal value,0,Units,0,Zero
DATAFLOW,OECD.ELS.SAE:DSD_EARNINGS@AV_AN_WAGE(1.0),Average annual wages,I,CHL,Chile,WG,Wages,CLP,Chilean peso,A,Annual,Q,Constant prices,MEAN,Mean,_Z,Not applicable,2014,,21293734,,2025,,A,Normal value,0,Units,0,Zero
DATAFLOW,OECD.ELS.SAE:DSD_EARNINGS@AV_AN_WAGE(1.0),Average annual wages,I,CHL,Chile,WG,Wages,CLP,Chilean peso,A,Annual,Q,Constant prices,MEAN,Mean,_Z,Not applicable,2015,,21228647,,2025,,A,Normal value,0,Units,0,Zero
DATAFLOW,OECD.ELS.SAE:DSD_EARNINGS@AV_AN_WAGE(1.0),Average annual wages,I,CHL,Chile,WG,Wages,CLP,Chilean peso,A,Annual,Q,Constant prices,MEAN,Mean,_Z,Not applicable,2016,,22235976,,2025,,A,Normal value,0,Units,0,Zero
DATAFLOW,OECD.ELS.SAE:DSD_EARNINGS@AV_AN_WAGE(1.0),Average annual wages,I,CHL,Chile,WG,Wages,CLP,Chilean peso,A,Annual,Q,Constant prices,MEAN,Mean,_Z,Not applicable,2017,,21544518,,2025,,A,Normal value,0,Units,0,Zero
DATAFLOW,OECD.ELS.SAE:DSD_EARNINGS@AV_AN_WAGE(1.0),Average annual wages,I,CHL,Chile,WG,Wages,CLP,Chilean peso,A,Annual,Q,Constant prices,MEAN,Mean,_Z,Not applicable,2018,,18639750,,2025,,A,Normal value,0,Units,0,Zero
DATAFLOW,OECD.ELS.SAE:DSD_EARNINGS@AV_AN_WAGE(1.0),Average annual wages,I,CHL,Chile,WG,Wages,CLP,Chilean peso,A,Annual,Q,Constant prices,MEAN,Mean,_Z,Not applicable,2019,,18933194,,2025,,A,Normal value,0,Units,0,Zero
DATAFLOW,OECD.ELS.SAE:DSD_EARNINGS@AV_AN_WAGE(1.0),Average annual wages,I,CHL,Chile,WG,Wages,CLP,Chilean peso,A,Annual,Q,Constant prices,MEAN,Mean,_Z,Not applicable,2020,,19027583,,2025,,A,Normal value,0,Units,0,Zero
DATAFLOW,OECD.ELS.SAE:DSD_EARNINGS@AV_AN_WAGE(1.0),Average annual wages,I,CHL,Chile,WG,Wages,CLP,Chilean peso,A,Annual,Q,Constant prices,MEAN,Mean,_Z,Not applicable,2021,,20053172,,2025,,A,Normal value,0,Units,0,Zero
DATAFLOW,OECD.ELS.SAE:DSD_EARNINGS@AV_AN_WAGE(1.0),Average annual wages,I,CHL,Chile,WG,Wages,CLP,Chilean peso,A,Annual,Q,Constant prices,MEAN,Mean,_Z,Not applicable,2022,,19525393,,2025,,A,Normal value,0,Units,0,Zero
DATAFLOW,OECD.ELS.SAE:DSD_EARNINGS@AV_AN_WAGE(1.0),Average annual wages,I,CHL,Chile,WG,Wages,CLP,Chilean peso,A,Annual,Q,Constant prices,MEAN,Mean,_Z,Not applicable,2023,,19779977,,2025,,A,Normal value,0,Units,0,Zero
DATAFLOW,OECD.ELS.SAE:DSD_EARNINGS@AV_AN_WAGE(1.0),Average annual wages,I,COL,Colombia,WG,Wages,COP,Colombian peso,A,Annual,Q,Constant prices,MEAN,Mean,_Z,Not applicable,2005,,36165664,,2025,,A,Normal value,0,Units,0,Zero
DATAFLOW,OECD.ELS.SAE:DSD_EARNINGS@AV_AN_WAGE(1.0),Average annual wages,I,COL,Colombia,WG,Wages,COP,Colombian peso,A,Annual,Q,Constant prices,MEAN,Mean,_Z,Not applicable,2006,,37492522,,2025,,A,Normal value,0,Units,0,Zero
DATAFLOW,OECD.ELS.SAE:DSD_EARNINGS@AV_AN_WAGE(1.0),Average annual wages,I,COL,Colombia,WG,Wages,COP,Colombian peso,A,Annual,Q,Constant prices,MEAN,Mean,_Z,Not applicable,2007,,39169628,,2025,,A,Normal value,0,Units,0,Zero
DATAFLOW,OECD.ELS.SAE:DSD_EARNINGS@AV_AN_WAGE(1.0),Average annual wages,I,COL,Colombia,WG,Wages,COP,Colombian peso,A,Annual,Q,Constant prices,MEAN,Mean,_Z,Not applicable,2008,,43423064,,2025,,A,Normal value,0,Units,0,Zero
DATAFLOW,OECD.ELS.SAE:DSD_EARNINGS@AV_AN_WAGE(1.0),Average annual wages,I,COL,Colombia,WG,Wages,COP,Colombian peso,A,Annual,Q,Constant prices,MEAN,Mean,_Z,Not applicable,2009,,45204096,,2025,,A,Normal value,0,Units,0,Zero
DATAFLOW,OECD.ELS.SAE:DSD_EARNINGS@AV_AN_WAGE(1.0),Average annual wages,I,COL,Colombia,WG,Wages,COP,Colombian peso,A,Annual,Q,Constant prices,MEAN,Mean,_Z,Not applicable,2010,,46782309,,2025,,A,Normal value,0,Units,0,Zero
DATAFLOW,OECD.ELS.SAE:DSD_EARNINGS@AV_AN_WAGE(1.0),Average annual wages,I,COL,Colombia,WG,Wages,COP,Colombian peso,A,Annual,Q,Constant prices,MEAN,Mean,_Z,Not applicable,2011,,46644167,,2025,,A,Normal value,0,Units,0,Zero
DATAFLOW,OECD.ELS.SAE:DSD_EARNINGS@AV_AN_WAGE(1.0),Average annual wages,I,COL,Colombia,WG,Wages,COP,Colombian peso,A,Annual,Q,Constant prices,MEAN,Mean,_Z,Not applicable,2012,,47839228,,2025,,A,Normal value,0,Units,0,Zero
DATAFLOW,OECD.ELS.SAE:DSD_EARNINGS@AV_AN_WAGE(1.0),Average annual wages,I,COL,Colombia,WG,Wages,COP,Colombian peso,A,Annual,Q,Constant prices,MEAN,Mean,_Z,Not applicable,2013,,49066098,,2025,,A,Normal value,0,Units,0,Zero
DATAFLOW,OECD.ELS.SAE:DSD_EARNINGS@AV_AN_WAGE(1.0),Average annual wages,I,COL,Colombia,WG,Wages,COP,Colombian peso,A,Annual,Q,Constant prices,MEAN,Mean,_Z,Not applicable,2014,,49039439,,2025,,A,Normal value,0,Units,0,Zero
DATAFLOW,OECD.ELS.SAE:DSD_EARNINGS@AV_AN_WAGE(1.0),Average annual wages,I,COL,Colombia,WG,Wages,COP,Colombian peso,A,Annual,Q,Constant prices,MEAN,Mean,_Z,Not applicable,2015,,49200657,,2025,,A,Normal value,0,Units,0,Zero
DATAFLOW,OECD.ELS.SAE:DSD_EARNINGS@AV_AN_WAGE(1.0),Average annual wages,I,COL,Colombia,WG,Wages,COP,Colombian peso,A,Annual,Q,Constant prices,MEAN,Mean,_Z,Not applicable,2016,,48651399,,2025,,A,Normal value,0,Units,0,Zero
DATAFLOW,OECD.ELS.SAE:DSD_EARNINGS@AV_AN_WAGE(1.0),Average annual wages,I,COL,Colombia,WG,Wages,COP,Colombian peso,A,Annual,Q,Constant prices,MEAN,Mean,_Z,Not applicable,2017,,49998633,,2025,,A,Normal value,0,Units,0,Zero
DATAFLOW,OECD.ELS.SAE:DSD_EARNINGS@AV_AN_WAGE(1.0),Average annual wages,I,COL,Colombia,WG,Wages,COP,Colombian peso,A,Annual,Q,Constant prices,MEAN,Mean,_Z,Not applicable,2018,,51916542,,2025,,A,Normal value,0,Units,0,Zero
DATAFLOW,OECD.ELS.SAE:DSD_EARNINGS@AV_AN_WAGE(1.0),Average annual wages,I,COL,Colombia,WG,Wages,COP,Colombian peso,A,Annual,Q,Constant prices,MEAN,Mean,_Z,Not applicable,2019,,52202155,,2025,,A,Normal value,0,Units,0,Zero
DATAFLOW,OECD.ELS.SAE:DSD_EARNINGS@AV_AN_WAGE(1.0),Average annual wages,I,COL,Colombia,WG,Wages,COP,Colombian peso,A,Annual,Q,Constant prices,MEAN,Mean,_Z,Not applicable,2020,,59393005,,2025,,A,Normal value,0,Units,0,Zero
DATAFLOW,OECD.ELS.SAE:DSD_EARNINGS@AV_AN_WAGE(1.0),Average annual wages,I,COL,Colombia,WG,Wages,COP,Colombian peso,A,Annual,Q,Constant prices,MEAN,Mean,_Z,Not applicable,2021,,53742852,,2025,,A,Normal value,0,Units,0,Zero
DATAFLOW,OECD.ELS.SAE:DSD_EARNINGS@AV_AN_WAGE(1.0),Average annual wages,I,COL,Colombia,WG,Wages,COP,Colombian peso,A,Annual,Q,Constant prices,MEAN,Mean,_Z,Not applicable,2022,,48271312,,2025,,A,Normal value,0,Units,0,Zero
DATAFLOW,OECD.ELS.SAE:DSD_EARNINGS@AV_AN_WAGE(1.0),Average annual wages,I,COL,Colombia,WG,Wages,COP,Colombian peso,A,Annual,Q,Constant prices,MEAN,Mean,_Z,Not applicable,2023,,49261643,,2025,,A,Normal value,0,Units,0,Zero
DATAFLOW,OECD.ELS.SAE:DSD_EARNINGS@AV_AN_WAGE(1.0),Average annual wages,I,COL,Colombia,WG,Wages,COP,Colombian peso,A,Annual,Q,Constant prices,MEAN,Mean,_Z,Not applicable,2024,,50189913,,2025,,A,Normal value,0,Units,0,Zero
DATAFLOW,OECD.ELS.SAE:DSD_EARNINGS@AV_AN_WAGE(1.0),Average annual wages,I,CRI,Costa Rica,WG,Wages,CRC,Costa Rican colon,A,Annual,Q,Constant prices,MEAN,Mean,_Z,Not applicable,1991,,7073885.9,,2025,,A,Normal value,0,Units,0,Zero
DATAFLOW,OECD.ELS.SAE:DSD_EARNINGS@AV_AN_WAGE(1.0),Average annual wages,I,CRI,Costa Rica,WG,Wages,CRC,Costa Rican colon,A,Annual,Q,Constant prices,MEAN,Mean,_Z,Not applicable,1992,,7299361.7,,2025,,A,Normal value,0,Units,0,Zero
DATAFLOW,OECD.ELS.SAE:DSD_EARNINGS@AV_AN_WAGE(1.0),Average annual wages,I,CRI,Costa Rica,WG,Wages,CRC,Costa Rican colon,A,Annual,Q,Constant prices,MEAN,Mean,_Z,Not applicable,1993,,7825827.6,,2025,,A,Normal value,0,Units,0,Zero
DATAFLOW,OECD.ELS.SAE:DSD_EARNINGS@AV_AN_WAGE(1.0),Average annual wages,I,CRI,Costa Rica,WG,Wages,CRC,Costa Rican colon,A,Annual,Q,Constant prices,MEAN,Mean,_Z,Not applicable,1994,,8141404.6,,2025,,A,Normal value,0,Units,0,Zero
DATAFLOW,OECD.ELS.SAE:DSD_EARNINGS@AV_AN_WAGE(1.0),Average annual wages,I,CRI,Costa Rica,WG,Wages,CRC,Costa Rican colon,A,Annual,Q,Constant prices,MEAN,Mean,_Z,Not applicable,1995,,8032221.3,,2025,,A,Normal value,0,Units,0,Zero
DATAFLOW,OECD.ELS.SAE:DSD_EARNINGS@AV_AN_WAGE(1.0),Average annual wages,I,CRI,Costa Rica,WG,Wages,CRC,Costa Rican colon,A,Annual,Q,Constant prices,MEAN,Mean,_Z,Not applicable,1996,,8013025.3,,2025,,A,Normal value,0,Units,0,Zero
DATAFLOW,OECD.ELS.SAE:DSD_EARNINGS@AV_AN_WAGE(1.0),Average annual wages,I,CRI,Costa Rica,WG,Wages,CRC,Costa Rican colon,A,Annual,Q,Constant prices,MEAN,Mean,_Z,Not applicable,1997,,7930502.4,,2025,,A,Normal value,0,Units,0,Zero
DATAFLOW,OECD.ELS.SAE:DSD_EARNINGS@AV_AN_WAGE(1.0),Average annual wages,I,CRI,Costa Rica,WG,Wages,CRC,Costa Rican colon,A,Annual,Q,Constant prices,MEAN,Mean,_Z,Not applicable,1998,,8023032,,2025,,A,Normal value,0,Units,0,Zero
DATAFLOW,OECD.ELS.SAE:DSD_EARNINGS@AV_AN_WAGE(1.0),Average annual wages,I,CRI,Costa Rica,WG,Wages,CRC,Costa Rican colon,A,Annual,Q,Constant prices,MEAN,Mean,_Z,Not applicable,1999,,8341622,,2025,,A,Normal value,0,Units,0,Zero
DATAFLOW,OECD.ELS.SAE:DSD_EARNINGS@AV_AN_WAGE(1.0),Average annual wages,I,CRI,Costa Rica,WG,Wages,CRC,Costa Rican colon,A,Annual,Q,Constant prices,MEAN,Mean,_Z,Not applicable,2000,,8476571.2,,2025,,A,Normal value,0,Units,0,Zero
DATAFLOW,OECD.ELS.SAE:DSD_EARNINGS@AV_AN_WAGE(1.0),Average annual wages,I,CRI,Costa Rica,WG,Wages,CRC,Costa Rican colon,A,Annual,Q,Constant prices,MEAN,Mean,_Z,Not applicable,2001,,8760390,,2025,,A,Normal value,0,Units,0,Zero
DATAFLOW,OECD.ELS.SAE:DSD_EARNINGS@AV_AN_WAGE(1.0),Average annual wages,I,CRI,Costa Rica,WG,Wages,CRC,Costa Rican colon,A,Annual,Q,Constant prices,MEAN,Mean,_Z,Not applicable,2002,,8858561.7,,2025,,A,Normal value,0,Units,0,Zero
DATAFLOW,OECD.ELS.SAE:DSD_EARNINGS@AV_AN_WAGE(1.0),Average annual wages,I,CRI,Costa Rica,WG,Wages,CRC,Costa Rican colon,A,Annual,Q,Constant prices,MEAN,Mean,_Z,Not applicable,2003,,8582335.2,,2025,,A,Normal value,0,Units,0,Zero
DATAFLOW,OECD.ELS.SAE:DSD_EARNINGS@AV_AN_WAGE(1.0),Average annual wages,I,CRI,Costa Rica,WG,Wages,CRC,Costa Rican colon,A,Annual,Q,Constant prices,MEAN,Mean,_Z,Not applicable,2004,,8585330.5,,2025,,A,Normal value,0,Units,0,Zero
DATAFLOW,OECD.ELS.SAE:DSD_EARNINGS@AV_AN_WAGE(1.0),Average annual wages,I,CRI,Costa Rica,WG,Wages,CRC,Costa Rican colon,A,Annual,Q,Constant prices,MEAN,Mean,_Z,Not applicable,2005,,7821476.3,,2025,,A,Normal value,0,Units,0,Zero
DATAFLOW,OECD.ELS.SAE:DSD_EARNINGS@AV_AN_WAGE(1.0),Average annual wages,I,CRI,Costa Rica,WG,Wages,CRC,Costa Rican colon,A,Annual,Q,Constant prices,MEAN,Mean,_Z,Not applicable,2006,,8116926.7,,2025,,A,Normal value,0,Units,0,Zero
DATAFLOW,OECD.ELS.SAE:DSD_EARNINGS@AV_AN_WAGE(1.0),Average annual wages,I,CRI,Costa Rica,WG,Wages,CRC,Costa Rican colon,A,Annual,Q,Constant prices,MEAN,Mean,_Z,Not applicable,2007,,7964191.2,,2025,,A,Normal value,0,Units,0,Zero
DATAFLOW,OECD.ELS.SAE:DSD_EARNINGS@AV_AN_WAGE(1.0),Average annual wages,I,CRI,Costa Rica,WG,Wages,CRC,Costa Rican colon,A,Annual,Q,Constant prices,MEAN,Mean,_Z,Not applicable,2008,,8285702.1,,2025,,A,Normal value,0,Units,0,Zero
DATAFLOW,OECD.ELS.SAE:DSD_EARNINGS@AV_AN_WAGE(1.0),Average annual wages,I,CRI,Costa Rica,WG,Wages,CRC,Costa Rican colon,A,Annual,Q,Constant prices,MEAN,Mean,_Z,Not applicable,2009,,9432458.2,,2025,,A,Normal value,0,Units,0,Zero
DATAFLOW,OECD.ELS.SAE:DSD_EARNINGS@AV_AN_WAGE(1.0),Average annual wages,I,CRI,Costa Rica,WG,Wages,CRC,Costa Rican colon,A,Annual,Q,Constant prices,MEAN,Mean,_Z,Not applicable,2010,,9849905.8,,2025,,A,Normal value,0,Units,0,Zero
DATAFLOW,OECD.ELS.SAE:DSD_EARNINGS@AV_AN_WAGE(1.0),Average annual wages,I,CRI,Costa Rica,WG,Wages,CRC,Costa Rican colon,A,Annual,Q,Constant prices,MEAN,Mean,_Z,Not applicable,2011,,10322206,,2025,,A,Normal value,0,Units,0,Zero
DATAFLOW,OECD.ELS.SAE:DSD_EARNINGS@AV_AN_WAGE(1.0),Average annual wages,I,CRI,Costa Rica,WG,Wages,CRC,Costa Rican colon,A,Annual,Q,Constant prices,MEAN,Mean,_Z,Not applicable,2012,,10547103,,2025,,A,Normal value,0,Units,0,Zero
DATAFLOW,OECD.ELS.SAE:DSD_EARNINGS@AV_AN_WAGE(1.0),Average annual wages,I,CRI,Costa Rica,WG,Wages,CRC,Costa Rican colon,A,Annual,Q,Constant prices,MEAN,Mean,_Z,Not applicable,2013,,11405736,,2025,,A,Normal value,0,Units,0,Zero
DATAFLOW,OECD.ELS.SAE:DSD_EARNINGS@AV_AN_WAGE(1.0),Average annual wages,I,CRI,Costa Rica,WG,Wages,CRC,Costa Rican colon,A,Annual,Q,Constant prices,MEAN,Mean,_Z,Not applicable,2014,,11467740,,2025,,A,Normal value,0,Units,0,Zero
DATAFLOW,OECD.ELS.SAE:DSD_EARNINGS@AV_AN_WAGE(1.0),Average annual wages,I,CRI,Costa Rica,WG,Wages,CRC,Costa Rican colon,A,Annual,Q,Constant prices,MEAN,Mean,_Z,Not applicable,2015,,12238595,,2025,,A,Normal value,0,Units,0,Zero
DATAFLOW,OECD.ELS.SAE:DSD_EARNINGS@AV_AN_WAGE(1.0),Average annual wages,I,CRI,Costa Rica,WG,Wages,CRC,Costa Rican colon,A,Annual,Q,Constant prices,MEAN,Mean,_Z,Not applicable,2016,,12741404,,2025,,A,Normal value,0,Units,0,Zero
DATAFLOW,OECD.ELS.SAE:DSD_EARNINGS@AV_AN_WAGE(1.0),Average annual wages,I,CRI,Costa Rica,WG,Wages,CRC,Costa Rican colon,A,Annual,Q,Constant prices,MEAN,Mean,_Z,Not applicable,2017,,12694896,,2025,,A,Normal value,0,Units,0,Zero
DATAFLOW,OECD.ELS.SAE:DSD_EARNINGS@AV_AN_WAGE(1.0),Average annual wages,I,CRI,Costa Rica,WG,Wages,CRC,Costa Rican colon,A,Annual,Q,Constant prices,MEAN,Mean,_Z,Not applicable,2018,,12956340,,2025,,A,Normal value,0,Units,0,Zero
DATAFLOW,OECD.ELS.SAE:DSD_EARNINGS@AV_AN_WAGE(1.0),Average annual wages,I,CRI,Costa Rica,WG,Wages,CRC,Costa Rican colon,A,Annual,Q,Constant prices,MEAN,Mean,_Z,Not applicable,2019,,13319491,,2025,,A,Normal value,0,Units,0,Zero
DATAFLOW,OECD.ELS.SAE:DSD_EARNINGS@AV_AN_WAGE(1.0),Average annual wages,I,CRI,Costa Rica,WG,Wages,CRC,Costa Rican colon,A,Annual,Q,Constant prices,MEAN,Mean,_Z,Not applicable,2020,,14593974,,2025,,A,Normal value,0,Units,0,Zero
DATAFLOW,OECD.ELS.SAE:DSD_EARNINGS@AV_AN_WAGE(1.0),Average annual wages,I,CRI,Costa Rica,WG,Wages,CRC,Costa Rican colon,A,Annual,Q,Constant prices,MEAN,Mean,_Z,Not applicable,2021,,14256025,,2025,,A,Normal value,0,Units,0,Zero
DATAFLOW,OECD.ELS.SAE:DSD_EARNINGS@AV_AN_WAGE(1.0),Average annual wages,I,CRI,Costa Rica,WG,Wages,CRC,Costa Rican colon,A,Annual,Q,Constant prices,MEAN,Mean,_Z,Not applicable,2022,,13135465,,2025,,A,Normal value,0,Units,0,Zero
DATAFLOW,OECD.ELS.SAE:DSD_EARNINGS@AV_AN_WAGE(1.0),Average annual wages,I,CRI,Costa Rica,WG,Wages,CRC,Costa Rican colon,A,Annual,Q,Constant prices,MEAN,Mean,_Z,Not applicable,2023,,13975169,,2025,,A,Normal value,0,Units,0,Zero
DATAFLOW,OECD.ELS.SAE:DSD_EARNINGS@AV_AN_WAGE(1.0),Average annual wages,I,CZE,Czechia,WG,Wages,CZK,Czech koruna,A,Annual,Q,Constant prices,MEAN,Mean,_Z,Not applicable,1995,,298019.09,,2025,,A,Normal value,0,Units,0,Zero
DATAFLOW,OECD.ELS.SAE:DSD_EARNINGS@AV_AN_WAGE(1.0),Average annual wages,I,CZE,Czechia,WG,Wages,CZK,Czech koruna,A,Annual,Q,Constant prices,MEAN,Mean,_Z,Not applicable,1996,,324314.81,,2025,,A,Normal value,0,Units,0,Zero
DATAFLOW,OECD.ELS.SAE:DSD_EARNINGS@AV_AN_WAGE(1.0),Average annual wages,I,CZE,Czechia,WG,Wages,CZK,Czech koruna,A,Annual,Q,Constant prices,MEAN,Mean,_Z,Not applicable,1997,,329070.64,,2025,,A,Normal value,0,Units,0,Zero
DATAFLOW,OECD.ELS.SAE:DSD_EARNINGS@AV_AN_WAGE(1.0),Average annual wages,I,CZE,Czechia,WG,Wages,CZK,Czech koruna,A,Annual,Q,Constant prices,MEAN,Mean,_Z,Not applicable,1998,,328762.94,,2025,,A,Normal value,0,Units,0,Zero
DATAFLOW,OECD.ELS.SAE:DSD_EARNINGS@AV_AN_WAGE(1.0),Average annual wages,I,CZE,Czechia,WG,Wages,CZK,Czech koruna,A,Annual,Q,Constant prices,MEAN,Mean,_Z,Not applicable,1999,,341452.29,,2025,,A,Normal value,0,Units,0,Zero
DATAFLOW,OECD.ELS.SAE:DSD_EARNINGS@AV_AN_WAGE(1.0),Average annual wages,I,CZE,Czechia,WG,Wages,CZK,Czech koruna,A,Annual,Q,Constant prices,MEAN,Mean,_Z,Not applicable,2000,,354775.79,,2025,,A,Normal value,0,Units,0,Zero
DATAFLOW,OECD.ELS.SAE:DSD_EARNINGS@AV_AN_WAGE(1.0),Average annual wages,I,CZE,Czechia,WG,Wages,CZK,Czech koruna,A,Annual,Q,Constant prices,MEAN,Mean,_Z,Not applicable,2001,,373099.15,,2025,,A,Normal value,0,Units,0,Zero
DATAFLOW,OECD.ELS.SAE:DSD_EARNINGS@AV_AN_WAGE(1.0),Average annual wages,I,CZE,Czechia,WG,Wages,CZK,Czech koruna,A,Annual,Q,Constant prices,MEAN,Mean,_Z,Not applicable,2002,,395956.76,,2025,,A,Normal value,0,Units,0,Zero
DATAFLOW,OECD.ELS.SAE:DSD_EARNINGS@AV_AN_WAGE(1.0),Average annual wages,I,CZE,Czechia,WG,Wages,CZK,Czech koruna,A,Annual,Q,Constant prices,MEAN,Mean,_Z,Not applicable,2003,,425900.88,,2025,,A,Normal value,0,Units,0,Zero
DATAFLOW,OECD.ELS.SAE:DSD_EARNINGS@AV_AN_WAGE(1.0),Average annual wages,I,CZE,Czechia,WG,Wages,CZK,Czech koruna,A,Annual,Q,Constant prices,MEAN,Mean,_Z,Not applicable,2004,,445425.43,,2025,,A,Normal value,0,Units,0,Zero
DATAFLOW,OECD.ELS.SAE:DSD_EARNINGS@AV_AN_WAGE(1.0),Average annual wages,I,CZE,Czechia,WG,Wages,CZK,Czech koruna,A,Annual,Q,Constant prices,MEAN,Mean,_Z,Not applicable,2005,,458449.62,,2025,,A,Normal value,0,Units,0,Zero
DATAFLOW,OECD.ELS.SAE:DSD_EARNINGS@AV_AN_WAGE(1.0),Average annual wages,I,CZE,Czechia,WG,Wages,CZK,Czech koruna,A,Annual,Q,Constant prices,MEAN,Mean,_Z,Not applicable,2006,,476787.33,,2025,,A,Normal value,0,Units,0,Zero
DATAFLOW,OECD.ELS.SAE:DSD_EARNINGS@AV_AN_WAGE(1.0),Average annual wages,I,CZE,Czechia,WG,Wages,CZK,Czech koruna,A,Annual,Q,Constant prices,MEAN,Mean,_Z,Not applicable,2007,,491557.66,,2025,,A,Normal value,0,Units,0,Zero
DATAFLOW,OECD.ELS.SAE:DSD_EARNINGS@AV_AN_WAGE(1.0),Average annual wages,I,CZE,Czechia,WG,Wages,CZK,Czech koruna,A,Annual,Q,Constant prices,MEAN,Mean,_Z,Not applicable,2008,,494477.2,,2025,,A,Normal value,0,Units,0,Zero
DATAFLOW,OECD.ELS.SAE:DSD_EARNINGS@AV_AN_WAGE(1.0),Average annual wages,I,CZE,Czechia,WG,Wages,CZK,Czech koruna,A,Annual,Q,Constant prices,MEAN,Mean,_Z,Not applicable,2009,,491613.56,,2025,,A,Normal value,0,Units,0,Zero
DATAFLOW,OECD.ELS.SAE:DSD_EARNINGS@AV_AN_WAGE(1.0),Average annual wages,I,CZE,Czechia,WG,Wages,CZK,Czech koruna,A,Annual,Q,Constant prices,MEAN,Mean,_Z,Not applicable,2010,,497370.81,,2025,,A,Normal value,0,Units,0,Zero
DATAFLOW,OECD.ELS.SAE:DSD_EARNINGS@AV_AN_WAGE(1.0),Average annual wages,I,CZE,Czechia,WG,Wages,CZK,Czech koruna,A,Annual,Q,Constant prices,MEAN,Mean,_Z,Not applicable,2011,,503797.85,,2025,,A,Normal value,0,Units,0,Zero
DATAFLOW,OECD.ELS.SAE:DSD_EARNINGS@AV_AN_WAGE(1.0),Average annual wages,I,CZE,Czechia,WG,Wages,CZK,Czech koruna,A,Annual,Q,Constant prices,MEAN,Mean,_Z,Not applicable,2012,,504633.41,,2025,,A,Normal value,0,Units,0,Zero
DATAFLOW,OECD.ELS.SAE:DSD_EARNINGS@AV_AN_WAGE(1.0),Average annual wages,I,CZE,Czechia,WG,Wages,CZK,Czech koruna,A,Annual,Q,Constant prices,MEAN,Mean,_Z,Not applicable,2013,,501351.01,,2025,,A,Normal value,0,Units,0,Zero
DATAFLOW,OECD.ELS.SAE:DSD_EARNINGS@AV_AN_WAGE(1.0),Average annual wages,I,CZE,Czechia,WG,Wages,CZK,Czech koruna,A,Annual,Q,Constant prices,MEAN,Mean,_Z,Not applicable,2014,,510525.25,,2025,,A,Normal value,0,Units,0,Zero
DATAFLOW,OECD.ELS.SAE:DSD_EARNINGS@AV_AN_WAGE(1.0),Average annual wages,I,CZE,Czechia,WG,Wages,CZK,Czech koruna,A,Annual,Q,Constant prices,MEAN,Mean,_Z,Not applicable,2015,,523069.81,,2025,,A,Normal value,0,Units,0,Zero
DATAFLOW,OECD.ELS.SAE:DSD_EARNINGS@AV_AN_WAGE(1.0),Average annual wages,I,CZE,Czechia,WG,Wages,CZK,Czech koruna,A,Annual,Q,Constant prices,MEAN,Mean,_Z,Not applicable,2016,,543076.1,,2025,,A,Normal value,0,Units,0,Zero
DATAFLOW,OECD.ELS.SAE:DSD_EARNINGS@AV_AN_WAGE(1.0),Average annual wages,I,CZE,Czechia,WG,Wages,CZK,Czech koruna,A,Annual,Q,Constant prices,MEAN,Mean,_Z,Not applicable,2017,,568286.89,,2025,,A,Normal value,0,Units,0,Zero
DATAFLOW,OECD.ELS.SAE:DSD_EARNINGS@AV_AN_WAGE(1.0),Average annual wages,I,CZE,Czechia,WG,Wages,CZK,Czech koruna,A,Annual,Q,Constant prices,MEAN,Mean,_Z,Not applicable,2018,,597108.87,,2025,,A,Normal value,0,Units,0,Zero
DATAFLOW,OECD.ELS.SAE:DSD_EARNINGS@AV_AN_WAGE(1.0),Average annual wages,I,CZE,Czechia,WG,Wages,CZK,Czech koruna,A,Annual,Q,Constant prices,MEAN,Mean,_Z,Not applicable,2019,,624343.02,,2025,,A,Normal value,0,Units,0,Zero
DATAFLOW,OECD.ELS.SAE:DSD_EARNINGS@AV_AN_WAGE(1.0),Average annual wages,I,CZE,Czechia,WG,Wages,CZK,Czech koruna,A,Annual,Q,Constant prices,MEAN,Mean,_Z,Not applicable,2020,,620466.27,,2025,,A,Normal value,0,Units,0,Zero
DATAFLOW,OECD.ELS.SAE:DSD_EARNINGS@AV_AN_WAGE(1.0),Average annual wages,I,CZE,Czechia,WG,Wages,CZK,Czech koruna,A,Annual,Q,Constant prices,MEAN,Mean,_Z,Not applicable,2021,,633243.5,,2025,,A,Normal value,0,Units,0,Zero
DATAFLOW,OECD.ELS.SAE:DSD_EARNINGS@AV_AN_WAGE(1.0),Average annual wages,I,CZE,Czechia,WG,Wages,CZK,Czech koruna,A,Annual,Q,Constant prices,MEAN,Mean,_Z,Not applicable,2022,,601840,,2025,,A,Normal value,0,Units,0,Zero
DATAFLOW,OECD.ELS.SAE:DSD_EARNINGS@AV_AN_WAGE(1.0),Average annual wages,I,CZE,Czechia,WG,Wages,CZK,Czech koruna,A,Annual,Q,Constant prices,MEAN,Mean,_Z,Not applicable,2023,,595022.53,,2025,,A,Normal value,0,Units,0,Zero
DATAFLOW,OECD.ELS.SAE:DSD_EARNINGS@AV_AN_WAGE(1.0),Average annual wages,I,CZE,Czechia,WG,Wages,CZK,Czech koruna,A,Annual,Q,Constant prices,MEAN,Mean,_Z,Not applicable,2024,,614944.64,,2025,,A,Normal value,0,Units,0,Zero
DATAFLOW,OECD.ELS.SAE:DSD_EARNINGS@AV_AN_WAGE(1.0),Average annual wages,I,CZE,Czechia,WG,Wages,CZK,Czech koruna,A,Annual,Q,Constant prices,MEAN,Mean,_Z,Not applicable,2025,,639180.87,,2025,,A,Normal value,0,Units,0,Zero
DATAFLOW,OECD.ELS.SAE:DSD_EARNINGS@AV_AN_WAGE(1.0),Average annual wages,I,DNK,Denmark,WG,Wages,DKK,Danish krone,A,Annual,Q,Constant prices,MEAN,Mean,_Z,Not applicable,1990,,376830.2,,2025,,A,Normal value,0,Units,0,Zero
DATAFLOW,OECD.ELS.SAE:DSD_EARNINGS@AV_AN_WAGE(1.0),Average annual wages,I,DNK,Denmark,WG,Wages,DKK,Danish krone,A,Annual,Q,Constant prices,MEAN,Mean,_Z,Not applicable,1991,,378853.47,,2025,,A,Normal value,0,Units,0,Zero
DATAFLOW,OECD.ELS.SAE:DSD_EARNINGS@AV_AN_WAGE(1.0),Average annual wages,I,DNK,Denmark,WG,Wages,DKK,Danish krone,A,Annual,Q,Constant prices,MEAN,Mean,_Z,Not applicable,1992,,392300.04,,2025,,A,Normal value,0,Units,0,Zero
DATAFLOW,OECD.ELS.SAE:DSD_EARNINGS@AV_AN_WAGE(1.0),Average annual wages,I,DNK,Denmark,WG,Wages,DKK,Danish krone,A,Annual,Q,Constant prices,MEAN,Mean,_Z,Not applicable,1993,,396663.28,,2025,,A,Normal value,0,Units,0,Zero
DATAFLOW,OECD.ELS.SAE:DSD_EARNINGS@AV_AN_WAGE(1.0),Average annual wages,I,DNK,Denmark,WG,Wages,DKK,Danish krone,A,Annual,Q,Constant prices,MEAN,Mean,_Z,Not applicable,1994,,382832.96,,2025,,A,Normal value,0,Units,0,Zero
DATAFLOW,OECD.ELS.SAE:DSD_EARNINGS@AV_AN_WAGE(1.0),Average annual wages,I,DNK,Denmark,WG,Wages,DKK,Danish krone,A,Annual,Q,Constant prices,MEAN,Mean,_Z,Not applicable,1995,,391026.87,,2025,,A,Normal value,0,Units,0,Zero
DATAFLOW,OECD.ELS.SAE:DSD_EARNINGS@AV_AN_WAGE(1.0),Average annual wages,I,DNK,Denmark,WG,Wages,DKK,Danish krone,A,Annual,Q,Constant prices,MEAN,Mean,_Z,Not applicable,1996,,398030.69,,2025,,A,Normal value,0,Units,0,Zero
DATAFLOW,OECD.ELS.SAE:DSD_EARNINGS@AV_AN_WAGE(1.0),Average annual wages,I,DNK,Denmark,WG,Wages,DKK,Danish krone,A,Annual,Q,Constant prices,MEAN,Mean,_Z,Not applicable,1997,,404410.5,,2025,,A,Normal value,0,Units,0,Zero
DATAFLOW,OECD.ELS.SAE:DSD_EARNINGS@AV_AN_WAGE(1.0),Average annual wages,I,DNK,Denmark,WG,Wages,DKK,Danish krone,A,Annual,Q,Constant prices,MEAN,Mean,_Z,Not applicable,1998,,411492.12,,2025,,A,Normal value,0,Units,0,Zero
DATAFLOW,OECD.ELS.SAE:DSD_EARNINGS@AV_AN_WAGE(1.0),Average annual wages,I,DNK,Denmark,WG,Wages,DKK,Danish krone,A,Annual,Q,Constant prices,MEAN,Mean,_Z,Not applicable,1999,,416255.56,,2025,,A,Normal value,0,Units,0,Zero
DATAFLOW,OECD.ELS.SAE:DSD_EARNINGS@AV_AN_WAGE(1.0),Average annual wages,I,DNK,Denmark,WG,Wages,DKK,Danish krone,A,Annual,Q,Constant prices,MEAN,Mean,_Z,Not applicable,2000,,415891.04,,2025,,A,Normal value,0,Units,0,Zero
DATAFLOW,OECD.ELS.SAE:DSD_EARNINGS@AV_AN_WAGE(1.0),Average annual wages,I,DNK,Denmark,WG,Wages,DKK,Danish krone,A,Annual,Q,Constant prices,MEAN,Mean,_Z,Not applicable,2001,,418481.19,,2025,,A,Normal value,0,Units,0,Zero
DATAFLOW,OECD.ELS.SAE:DSD_EARNINGS@AV_AN_WAGE(1.0),Average annual wages,I,DNK,Denmark,WG,Wages,DKK,Danish krone,A,Annual,Q,Constant prices,MEAN,Mean,_Z,Not applicable,2002,,427786.61,,2025,,A,Normal value,0,Units,0,Zero
DATAFLOW,OECD.ELS.SAE:DSD_EARNINGS@AV_AN_WAGE(1.0),Average annual wages,I,DNK,Denmark,WG,Wages,DKK,Danish krone,A,Annual,Q,Constant prices,MEAN,Mean,_Z,Not applicable,2003,,438251.54,,2025,,A,Normal value,0,Units,0,Zero
DATAFLOW,OECD.ELS.SAE:DSD_EARNINGS@AV_AN_WAGE(1.0),Average annual wages,I,DNK,Denmark,WG,Wages,DKK,Danish krone,A,Annual,Q,Constant prices,MEAN,Mean,_Z,Not applicable,2004,,448048.05,,2025,,A,Normal value,0,Units,0,Zero
DATAFLOW,OECD.ELS.SAE:DSD_EARNINGS@AV_AN_WAGE(1.0),Average annual wages,I,DNK,Denmark,WG,Wages,DKK,Danish krone,A,Annual,Q,Constant prices,MEAN,Mean,_Z,Not applicable,2005,,455037.33,,2025,,A,Normal value,0,Units,0,Zero
DATAFLOW,OECD.ELS.SAE:DSD_EARNINGS@AV_AN_WAGE(1.0),Average annual wages,I,DNK,Denmark,WG,Wages,DKK,Danish krone,A,Annual,Q,Constant prices,MEAN,Mean,_Z,Not applicable,2006,,462498.11,,2025,,A,Normal value,0,Units,0,Zero
DATAFLOW,OECD.ELS.SAE:DSD_EARNINGS@AV_AN_WAGE(1.0),Average annual wages,I,DNK,Denmark,WG,Wages,DKK,Danish krone,A,Annual,Q,Constant prices,MEAN,Mean,_Z,Not applicable,2007,,467877.16,,2025,,A,Normal value,0,Units,0,Zero
DATAFLOW,OECD.ELS.SAE:DSD_EARNINGS@AV_AN_WAGE(1.0),Average annual wages,I,DNK,Denmark,WG,Wages,DKK,Danish krone,A,Annual,Q,Constant prices,MEAN,Mean,_Z,Not applicable,2008,,473409.62,,2025,,A,Normal value,0,Units,0,Zero
DATAFLOW,OECD.ELS.SAE:DSD_EARNINGS@AV_AN_WAGE(1.0),Average annual wages,I,DNK,Denmark,WG,Wages,DKK,Danish krone,A,Annual,Q,Constant prices,MEAN,Mean,_Z,Not applicable,2009,,481262.14,,2025,,A,Normal value,0,Units,0,Zero
DATAFLOW,OECD.ELS.SAE:DSD_EARNINGS@AV_AN_WAGE(1.0),Average annual wages,I,DNK,Denmark,WG,Wages,DKK,Danish krone,A,Annual,Q,Constant prices,MEAN,Mean,_Z,Not applicable,2010,,486202.54,,2025,,A,Normal value,0,Units,0,Zero
DATAFLOW,OECD.ELS.SAE:DSD_EARNINGS@AV_AN_WAGE(1.0),Average annual wages,I,DNK,Denmark,WG,Wages,DKK,Danish krone,A,Annual,Q,Constant prices,MEAN,Mean,_Z,Not applicable,2011,,484183.31,,2025,,A,Normal value,0,Units,0,Zero
DATAFLOW,OECD.ELS.SAE:DSD_EARNINGS@AV_AN_WAGE(1.0),Average annual wages,I,DNK,Denmark,WG,Wages,DKK,Danish krone,A,Annual,Q,Constant prices,MEAN,Mean,_Z,Not applicable,2012,,483935.22,,2025,,A,Normal value,0,Units,0,Zero
DATAFLOW,OECD.ELS.SAE:DSD_EARNINGS@AV_AN_WAGE(1.0),Average annual wages,I,DNK,Denmark,WG,Wages,DKK,Danish krone,A,Annual,Q,Constant prices,MEAN,Mean,_Z,Not applicable,2013,,487398.97,,2025,,A,Normal value,0,Units,0,Zero
DATAFLOW,OECD.ELS.SAE:DSD_EARNINGS@AV_AN_WAGE(1.0),Average annual wages,I,DNK,Denmark,WG,Wages,DKK,Danish krone,A,Annual,Q,Constant prices,MEAN,Mean,_Z,Not applicable,2014,,497290.55,,2025,,A,Normal value,0,Units,0,Zero
DATAFLOW,OECD.ELS.SAE:DSD_EARNINGS@AV_AN_WAGE(1.0),Average annual wages,I,DNK,Denmark,WG,Wages,DKK,Danish krone,A,Annual,Q,Constant prices,MEAN,Mean,_Z,Not applicable,2015,,505460.88,,2025,,A,Normal value,0,Units,0,Zero
DATAFLOW,OECD.ELS.SAE:DSD_EARNINGS@AV_AN_WAGE(1.0),Average annual wages,I,DNK,Denmark,WG,Wages,DKK,Danish krone,A,Annual,Q,Constant prices,MEAN,Mean,_Z,Not applicable,2016,,511270.44,,2025,,A,Normal value,0,Units,0,Zero
DATAFLOW,OECD.ELS.SAE:DSD_EARNINGS@AV_AN_WAGE(1.0),Average annual wages,I,DNK,Denmark,WG,Wages,DKK,Danish krone,A,Annual,Q,Constant prices,MEAN,Mean,_Z,Not applicable,2017,,514693.28,,2025,,A,Normal value,0,Units,0,Zero
DATAFLOW,OECD.ELS.SAE:DSD_EARNINGS@AV_AN_WAGE(1.0),Average annual wages,I,DNK,Denmark,WG,Wages,DKK,Danish krone,A,Annual,Q,Constant prices,MEAN,Mean,_Z,Not applicable,2018,,520189.93,,2025,,A,Normal value,0,Units,0,Zero
DATAFLOW,OECD.ELS.SAE:DSD_EARNINGS@AV_AN_WAGE(1.0),Average annual wages,I,DNK,Denmark,WG,Wages,DKK,Danish krone,A,Annual,Q,Constant prices,MEAN,Mean,_Z,Not applicable,2019,,523344.5,,2025,,A,Normal value,0,Units,0,Zero
DATAFLOW,OECD.ELS.SAE:DSD_EARNINGS@AV_AN_WAGE(1.0),Average annual wages,I,DNK,Denmark,WG,Wages,DKK,Danish krone,A,Annual,Q,Constant prices,MEAN,Mean,_Z,Not applicable,2020,,531978.73,,2025,,A,Normal value,0,Units,0,Zero
DATAFLOW,OECD.ELS.SAE:DSD_EARNINGS@AV_AN_WAGE(1.0),Average annual wages,I,DNK,Denmark,WG,Wages,DKK,Danish krone,A,Annual,Q,Constant prices,MEAN,Mean,_Z,Not applicable,2021,,535451.78,,2025,,A,Normal value,0,Units,0,Zero
DATAFLOW,OECD.ELS.SAE:DSD_EARNINGS@AV_AN_WAGE(1.0),Average annual wages,I,DNK,Denmark,WG,Wages,DKK,Danish krone,A,Annual,Q,Constant prices,MEAN,Mean,_Z,Not applicable,2022,,513433.16,,2025,,A,Normal value,0,Units,0,Zero
DATAFLOW,OECD.ELS.SAE:DSD_EARNINGS@AV_AN_WAGE(1.0),Average annual wages,I,DNK,Denmark,WG,Wages,DKK,Danish krone,A,Annual,Q,Constant prices,MEAN,Mean,_Z,Not applicable,2023,,520334.06,,2025,,A,Normal value,0,Units,0,Zero
DATAFLOW,OECD.ELS.SAE:DSD_EARNINGS@AV_AN_WAGE(1.0),Average annual wages,I,DNK,Denmark,WG,Wages,DKK,Danish krone,A,Annual,Q,Constant prices,MEAN,Mean,_Z,Not applicable,2024,,539076.6,,2025,,A,Normal value,0,Units,0,Zero
DATAFLOW,OECD.ELS.SAE:DSD_EARNINGS@AV_AN_WAGE(1.0),Average annual wages,I,DNK,Denmark,WG,Wages,DKK,Danish krone,A,Annual,Q,Constant prices,MEAN,Mean,_Z,Not applicable,2025,,540515.74,,2025,,A,Normal value,0,Units,0,Zero
DATAFLOW,OECD.ELS.SAE:DSD_EARNINGS@AV_AN_WAGE(1.0),Average annual wages,I,HUN,Hungary,WG,Wages,HUF,Forint,A,Annual,Q,Constant prices,MEAN,Mean,_Z,Not applicable,1995,,3772175.9,,2025,,A,Normal value,0,Units,0,Zero
DATAFLOW,OECD.ELS.SAE:DSD_EARNINGS@AV_AN_WAGE(1.0),Average annual wages,I,HUN,Hungary,WG,Wages,HUF,Forint,A,Annual,Q,Constant prices,MEAN,Mean,_Z,Not applicable,1996,,3773184.8,,2025,,A,Normal value,0,Units,0,Zero
DATAFLOW,OECD.ELS.SAE:DSD_EARNINGS@AV_AN_WAGE(1.0),Average annual wages,I,HUN,Hungary,WG,Wages,HUF,Forint,A,Annual,Q,Constant prices,MEAN,Mean,_Z,Not applicable,1997,,3867363.6,,2025,,A,Normal value,0,Units,0,Zero
DATAFLOW,OECD.ELS.SAE:DSD_EARNINGS@AV_AN_WAGE(1.0),Average annual wages,I,HUN,Hungary,WG,Wages,HUF,Forint,A,Annual,Q,Constant prices,MEAN,Mean,_Z,Not applicable,1998,,3951112.9,,2025,,A,Normal value,0,Units,0,Zero
DATAFLOW,OECD.ELS.SAE:DSD_EARNINGS@AV_AN_WAGE(1.0),Average annual wages,I,HUN,Hungary,WG,Wages,HUF,Forint,A,Annual,Q,Constant prices,MEAN,Mean,_Z,Not applicable,1999,,3969906.2,,2025,,A,Normal value,0,Units,0,Zero
DATAFLOW,OECD.ELS.SAE:DSD_EARNINGS@AV_AN_WAGE(1.0),Average annual wages,I,HUN,Hungary,WG,Wages,HUF,Forint,A,Annual,Q,Constant prices,MEAN,Mean,_Z,Not applicable,2000,,4153049.6,,2025,,A,Normal value,0,Units,0,Zero
DATAFLOW,OECD.ELS.SAE:DSD_EARNINGS@AV_AN_WAGE(1.0),Average annual wages,I,HUN,Hungary,WG,Wages,HUF,Forint,A,Annual,Q,Constant prices,MEAN,Mean,_Z,Not applicable,2001,,4474581.1,,2025,,A,Normal value,0,Units,0,Zero
DATAFLOW,OECD.ELS.SAE:DSD_EARNINGS@AV_AN_WAGE(1.0),Average annual wages,I,HUN,Hungary,WG,Wages,HUF,Forint,A,Annual,Q,Constant prices,MEAN,Mean,_Z,Not applicable,2002,,4679684.5,,2025,,A,Normal value,0,Units,0,Zero
DATAFLOW,OECD.ELS.SAE:DSD_EARNINGS@AV_AN_WAGE(1.0),Average annual wages,I,HUN,Hungary,WG,Wages,HUF,Forint,A,Annual,Q,Constant prices,MEAN,Mean,_Z,Not applicable,2003,,5039007,,2025,,A,Normal value,0,Units,0,Zero
DATAFLOW,OECD.ELS.SAE:DSD_EARNINGS@AV_AN_WAGE(1.0),Average annual wages,I,HUN,Hungary,WG,Wages,HUF,Forint,A,Annual,Q,Constant prices,MEAN,Mean,_Z,Not applicable,2004,,5380932.9,,2025,,A,Normal value,0,Units,0,Zero
DATAFLOW,OECD.ELS.SAE:DSD_EARNINGS@AV_AN_WAGE(1.0),Average annual wages,I,HUN,Hungary,WG,Wages,HUF,Forint,A,Annual,Q,Constant prices,MEAN,Mean,_Z,Not applicable,2005,,5628578.2,,2025,,A,Normal value,0,Units,0,Zero
DATAFLOW,OECD.ELS.SAE:DSD_EARNINGS@AV_AN_WAGE(1.0),Average annual wages,I,HUN,Hungary,WG,Wages,HUF,Forint,A,Annual,Q,Constant prices,MEAN,Mean,_Z,Not applicable,2006,,5758508.9,,2025,,A,Normal value,0,Units,0,Zero
DATAFLOW,OECD.ELS.SAE:DSD_EARNINGS@AV_AN_WAGE(1.0),Average annual wages,I,HUN,Hungary,WG,Wages,HUF,Forint,A,Annual,Q,Constant prices,MEAN,Mean,_Z,Not applicable,2007,,5703132.8,,2025,,A,Normal value,0,Units,0,Zero
DATAFLOW,OECD.ELS.SAE:DSD_EARNINGS@AV_AN_WAGE(1.0),Average annual wages,I,HUN,Hungary,WG,Wages,HUF,Forint,A,Annual,Q,Constant prices,MEAN,Mean,_Z,Not applicable,2008,,5799452.4,,2025,,A,Normal value,0,Units,0,Zero
DATAFLOW,OECD.ELS.SAE:DSD_EARNINGS@AV_AN_WAGE(1.0),Average annual wages,I,HUN,Hungary,WG,Wages,HUF,Forint,A,Annual,Q,Constant prices,MEAN,Mean,_Z,Not applicable,2009,,5471174.6,,2025,,A,Normal value,0,Units,0,Zero
DATAFLOW,OECD.ELS.SAE:DSD_EARNINGS@AV_AN_WAGE(1.0),Average annual wages,I,HUN,Hungary,WG,Wages,HUF,Forint,A,Annual,Q,Constant prices,MEAN,Mean,_Z,Not applicable,2010,,5578529.3,,2025,,A,Normal value,0,Units,0,Zero
DATAFLOW,OECD.ELS.SAE:DSD_EARNINGS@AV_AN_WAGE(1.0),Average annual wages,I,HUN,Hungary,WG,Wages,HUF,Forint,A,Annual,Q,Constant prices,MEAN,Mean,_Z,Not applicable,2011,,5657430.2,,2025,,A,Normal value,0,Units,0,Zero
DATAFLOW,OECD.ELS.SAE:DSD_EARNINGS@AV_AN_WAGE(1.0),Average annual wages,I,HUN,Hungary,WG,Wages,HUF,Forint,A,Annual,Q,Constant prices,MEAN,Mean,_Z,Not applicable,2012,,5486178.5,,2025,,A,Normal value,0,Units,0,Zero
DATAFLOW,OECD.ELS.SAE:DSD_EARNINGS@AV_AN_WAGE(1.0),Average annual wages,I,HUN,Hungary,WG,Wages,HUF,Forint,A,Annual,Q,Constant prices,MEAN,Mean,_Z,Not applicable,2013,,5426889.7,,2025,,A,Normal value,0,Units,0,Zero
DATAFLOW,OECD.ELS.SAE:DSD_EARNINGS@AV_AN_WAGE(1.0),Average annual wages,I,HUN,Hungary,WG,Wages,HUF,Forint,A,Annual,Q,Constant prices,MEAN,Mean,_Z,Not applicable,2014,,5345228,,2025,,A,Normal value,0,Units,0,Zero
DATAFLOW,OECD.ELS.SAE:DSD_EARNINGS@AV_AN_WAGE(1.0),Average annual wages,I,HUN,Hungary,WG,Wages,HUF,Forint,A,Annual,Q,Constant prices,MEAN,Mean,_Z,Not applicable,2015,,5397850.9,,2025,,A,Normal value,0,Units,0,Zero
DATAFLOW,OECD.ELS.SAE:DSD_EARNINGS@AV_AN_WAGE(1.0),Average annual wages,I,HUN,Hungary,WG,Wages,HUF,Forint,A,Annual,Q,Constant prices,MEAN,Mean,_Z,Not applicable,2016,,5487583.4,,2025,,A,Normal value,0,Units,0,Zero
DATAFLOW,OECD.ELS.SAE:DSD_EARNINGS@AV_AN_WAGE(1.0),Average annual wages,I,HUN,Hungary,WG,Wages,HUF,Forint,A,Annual,Q,Constant prices,MEAN,Mean,_Z,Not applicable,2017,,5880032.7,,2025,,A,Normal value,0,Units,0,Zero
DATAFLOW,OECD.ELS.SAE:DSD_EARNINGS@AV_AN_WAGE(1.0),Average annual wages,I,HUN,Hungary,WG,Wages,HUF,Forint,A,Annual,Q,Constant prices,MEAN,Mean,_Z,Not applicable,2018,,6163882.5,,2025,,A,Normal value,0,Units,0,Zero
DATAFLOW,OECD.ELS.SAE:DSD_EARNINGS@AV_AN_WAGE(1.0),Average annual wages,I,HUN,Hungary,WG,Wages,HUF,Forint,A,Annual,Q,Constant prices,MEAN,Mean,_Z,Not applicable,2019,,6527765,,2025,,A,Normal value,0,Units,0,Zero
DATAFLOW,OECD.ELS.SAE:DSD_EARNINGS@AV_AN_WAGE(1.0),Average annual wages,I,HUN,Hungary,WG,Wages,HUF,Forint,A,Annual,Q,Constant prices,MEAN,Mean,_Z,Not applicable,2020,,6741888,,2025,,A,Normal value,0,Units,0,Zero
DATAFLOW,OECD.ELS.SAE:DSD_EARNINGS@AV_AN_WAGE(1.0),Average annual wages,I,HUN,Hungary,WG,Wages,HUF,Forint,A,Annual,Q,Constant prices,MEAN,Mean,_Z,Not applicable,2021,,6934937.9,,2025,,A,Normal value,0,Units,0,Zero
DATAFLOW,OECD.ELS.SAE:DSD_EARNINGS@AV_AN_WAGE(1.0),Average annual wages,I,HUN,Hungary,WG,Wages,HUF,Forint,A,Annual,Q,Constant prices,MEAN,Mean,_Z,Not applicable,2022,,7164977,,2025,,A,Normal value,0,Units,0,Zero
DATAFLOW,OECD.ELS.SAE:DSD_EARNINGS@AV_AN_WAGE(1.0),Average annual wages,I,HUN,Hungary,WG,Wages,HUF,Forint,A,Annual,Q,Constant prices,MEAN,Mean,_Z,Not applicable,2023,,7268551.7,,2025,,A,Normal value,0,Units,0,Zero
DATAFLOW,OECD.ELS.SAE:DSD_EARNINGS@AV_AN_WAGE(1.0),Average annual wages,I,HUN,Hungary,WG,Wages,HUF,Forint,A,Annual,Q,Constant prices,MEAN,Mean,_Z,Not applicable,2024,,7742313.5,,2025,,A,Normal value,0,Units,0,Zero
DATAFLOW,OECD.ELS.SAE:DSD_EARNINGS@AV_AN_WAGE(1.0),Average annual wages,I,HUN,Hungary,WG,Wages,HUF,Forint,A,Annual,Q,Constant prices,MEAN,Mean,_Z,Not applicable,2025,,8006716.8,,2025,,A,Normal value,0,Units,0,Zero
DATAFLOW,OECD.ELS.SAE:DSD_EARNINGS@AV_AN_WAGE(1.0),Average annual wages,I,ISL,Iceland,WG,Wages,ISK,Iceland krona,A,Annual,Q,Constant prices,MEAN,Mean,_Z,Not applicable,1990,,8797066,,2025,,A,Normal value,0,Units,0,Zero
DATAFLOW,OECD.ELS.SAE:DSD_EARNINGS@AV_AN_WAGE(1.0),Average annual wages,I,ISL,Iceland,WG,Wages,ISK,Iceland krona,A,Annual,Q,Constant prices,MEAN,Mean,_Z,Not applicable,1991,,9510590.8,,2025,,A,Normal value,0,Units,0,Zero
DATAFLOW,OECD.ELS.SAE:DSD_EARNINGS@AV_AN_WAGE(1.0),Average annual wages,I,ISL,Iceland,WG,Wages,ISK,Iceland krona,A,Annual,Q,Constant prices,MEAN,Mean,_Z,Not applicable,1992,,9180866.9,,2025,,A,Normal value,0,Units,0,Zero
DATAFLOW,OECD.ELS.SAE:DSD_EARNINGS@AV_AN_WAGE(1.0),Average annual wages,I,ISL,Iceland,WG,Wages,ISK,Iceland krona,A,Annual,Q,Constant prices,MEAN,Mean,_Z,Not applicable,1993,,8695601.4,,2025,,A,Normal value,0,Units,0,Zero
DATAFLOW,OECD.ELS.SAE:DSD_EARNINGS@AV_AN_WAGE(1.0),Average annual wages,I,ISL,Iceland,WG,Wages,ISK,Iceland krona,A,Annual,Q,Constant prices,MEAN,Mean,_Z,Not applicable,1994,,8870631.9,,2025,,A,Normal value,0,Units,0,Zero
DATAFLOW,OECD.ELS.SAE:DSD_EARNINGS@AV_AN_WAGE(1.0),Average annual wages,I,ISL,Iceland,WG,Wages,ISK,Iceland krona,A,Annual,Q,Constant prices,MEAN,Mean,_Z,Not applicable,1995,,9084288.4,,2025,,A,Normal value,0,Units,0,Zero
DATAFLOW,OECD.ELS.SAE:DSD_EARNINGS@AV_AN_WAGE(1.0),Average annual wages,I,ISL,Iceland,WG,Wages,ISK,Iceland krona,A,Annual,Q,Constant prices,MEAN,Mean,_Z,Not applicable,1996,,9372196.6,,2025,,A,Normal value,0,Units,0,Zero
DATAFLOW,OECD.ELS.SAE:DSD_EARNINGS@AV_AN_WAGE(1.0),Average annual wages,I,ISL,Iceland,WG,Wages,ISK,Iceland krona,A,Annual,Q,Constant prices,MEAN,Mean,_Z,Not applicable,1997,,9769728,,2025,,A,Normal value,0,Units,0,Zero
DATAFLOW,OECD.ELS.SAE:DSD_EARNINGS@AV_AN_WAGE(1.0),Average annual wages,I,ISL,Iceland,WG,Wages,ISK,Iceland krona,A,Annual,Q,Constant prices,MEAN,Mean,_Z,Not applicable,1998,,10781989,,2025,,A,Normal value,0,Units,0,Zero
DATAFLOW,OECD.ELS.SAE:DSD_EARNINGS@AV_AN_WAGE(1.0),Average annual wages,I,ISL,Iceland,WG,Wages,ISK,Iceland krona,A,Annual,Q,Constant prices,MEAN,Mean,_Z,Not applicable,1999,,11286268,,2025,,A,Normal value,0,Units,0,Zero
DATAFLOW,OECD.ELS.SAE:DSD_EARNINGS@AV_AN_WAGE(1.0),Average annual wages,I,ISL,Iceland,WG,Wages,ISK,Iceland krona,A,Annual,Q,Constant prices,MEAN,Mean,_Z,Not applicable,2000,,11632174,,2025,,A,Normal value,0,Units,0,Zero
DATAFLOW,OECD.ELS.SAE:DSD_EARNINGS@AV_AN_WAGE(1.0),Average annual wages,I,ISL,Iceland,WG,Wages,ISK,Iceland krona,A,Annual,Q,Constant prices,MEAN,Mean,_Z,Not applicable,2001,,11543115,,2025,,A,Normal value,0,Units,0,Zero
DATAFLOW,OECD.ELS.SAE:DSD_EARNINGS@AV_AN_WAGE(1.0),Average annual wages,I,ISL,Iceland,WG,Wages,ISK,Iceland krona,A,Annual,Q,Constant prices,MEAN,Mean,_Z,Not applicable,2002,,11874824,,2025,,A,Normal value,0,Units,0,Zero
DATAFLOW,OECD.ELS.SAE:DSD_EARNINGS@AV_AN_WAGE(1.0),Average annual wages,I,ISL,Iceland,WG,Wages,ISK,Iceland krona,A,Annual,Q,Constant prices,MEAN,Mean,_Z,Not applicable,2003,,11573247,,2025,,A,Normal value,0,Units,0,Zero
DATAFLOW,OECD.ELS.SAE:DSD_EARNINGS@AV_AN_WAGE(1.0),Average annual wages,I,ISL,Iceland,WG,Wages,ISK,Iceland krona,A,Annual,Q,Constant prices,MEAN,Mean,_Z,Not applicable,2004,,12272168,,2025,,A,Normal value,0,Units,0,Zero
DATAFLOW,OECD.ELS.SAE:DSD_EARNINGS@AV_AN_WAGE(1.0),Average annual wages,I,ISL,Iceland,WG,Wages,ISK,Iceland krona,A,Annual,Q,Constant prices,MEAN,Mean,_Z,Not applicable,2005,,13224055,,2025,,A,Normal value,0,Units,0,Zero
DATAFLOW,OECD.ELS.SAE:DSD_EARNINGS@AV_AN_WAGE(1.0),Average annual wages,I,ISL,Iceland,WG,Wages,ISK,Iceland krona,A,Annual,Q,Constant prices,MEAN,Mean,_Z,Not applicable,2006,,13907950,,2025,,A,Normal value,0,Units,0,Zero
DATAFLOW,OECD.ELS.SAE:DSD_EARNINGS@AV_AN_WAGE(1.0),Average annual wages,I,ISL,Iceland,WG,Wages,ISK,Iceland krona,A,Annual,Q,Constant prices,MEAN,Mean,_Z,Not applicable,2007,,14327783,,2025,,A,Normal value,0,Units,0,Zero
DATAFLOW,OECD.ELS.SAE:DSD_EARNINGS@AV_AN_WAGE(1.0),Average annual wages,I,ISL,Iceland,WG,Wages,ISK,Iceland krona,A,Annual,Q,Constant prices,MEAN,Mean,_Z,Not applicable,2008,,12698703,,2025,,A,Normal value,0,Units,0,Zero
DATAFLOW,OECD.ELS.SAE:DSD_EARNINGS@AV_AN_WAGE(1.0),Average annual wages,I,ISL,Iceland,WG,Wages,ISK,Iceland krona,A,Annual,Q,Constant prices,MEAN,Mean,_Z,Not applicable,2009,,10737677,,2025,,A,Normal value,0,Units,0,Zero
DATAFLOW,OECD.ELS.SAE:DSD_EARNINGS@AV_AN_WAGE(1.0),Average annual wages,I,ISL,Iceland,WG,Wages,ISK,Iceland krona,A,Annual,Q,Constant prices,MEAN,Mean,_Z,Not applicable,2010,,11069025,,2025,,A,Normal value,0,Units,0,Zero
DATAFLOW,OECD.ELS.SAE:DSD_EARNINGS@AV_AN_WAGE(1.0),Average annual wages,I,ISL,Iceland,WG,Wages,ISK,Iceland krona,A,Annual,Q,Constant prices,MEAN,Mean,_Z,Not applicable,2011,,11643112,,2025,,A,Normal value,0,Units,0,Zero
DATAFLOW,OECD.ELS.SAE:DSD_EARNINGS@AV_AN_WAGE(1.0),Average annual wages,I,ISL,Iceland,WG,Wages,ISK,Iceland krona,A,Annual,Q,Constant prices,MEAN,Mean,_Z,Not applicable,2012,,11540965,,2025,,A,Normal value,0,Units,0,Zero
DATAFLOW,OECD.ELS.SAE:DSD_EARNINGS@AV_AN_WAGE(1.0),Average annual wages,I,ISL,Iceland,WG,Wages,ISK,Iceland krona,A,Annual,Q,Constant prices,MEAN,Mean,_Z,Not applicable,2013,,11718267,,2025,,A,Normal value,0,Units,0,Zero
DATAFLOW,OECD.ELS.SAE:DSD_EARNINGS@AV_AN_WAGE(1.0),Average annual wages,I,ISL,Iceland,WG,Wages,ISK,Iceland krona,A,Annual,Q,Constant prices,MEAN,Mean,_Z,Not applicable,2014,,11805840,,2025,,A,Normal value,0,Units,0,Zero
DATAFLOW,OECD.ELS.SAE:DSD_EARNINGS@AV_AN_WAGE(1.0),Average annual wages,I,ISL,Iceland,WG,Wages,ISK,Iceland krona,A,Annual,Q,Constant prices,MEAN,Mean,_Z,Not applicable,2015,,12450015,,2025,,A,Normal value,0,Units,0,Zero
DATAFLOW,OECD.ELS.SAE:DSD_EARNINGS@AV_AN_WAGE(1.0),Average annual wages,I,ISL,Iceland,WG,Wages,ISK,Iceland krona,A,Annual,Q,Constant prices,MEAN,Mean,_Z,Not applicable,2016,,13234225,,2025,,A,Normal value,0,Units,0,Zero
DATAFLOW,OECD.ELS.SAE:DSD_EARNINGS@AV_AN_WAGE(1.0),Average annual wages,I,ISL,Iceland,WG,Wages,ISK,Iceland krona,A,Annual,Q,Constant prices,MEAN,Mean,_Z,Not applicable,2017,,14396656,,2025,,A,Normal value,0,Units,0,Zero
DATAFLOW,OECD.ELS.SAE:DSD_EARNINGS@AV_AN_WAGE(1.0),Average annual wages,I,ISL,Iceland,WG,Wages,ISK,Iceland krona,A,Annual,Q,Constant prices,MEAN,Mean,_Z,Not applicable,2018,,15161852,,2025,,A,Normal value,0,Units,0,Zero
DATAFLOW,OECD.ELS.SAE:DSD_EARNINGS@AV_AN_WAGE(1.0),Average annual wages,I,ISL,Iceland,WG,Wages,ISK,Iceland krona,A,Annual,Q,Constant prices,MEAN,Mean,_Z,Not applicable,2019,,14637198,,2025,,A,Normal value,0,Units,0,Zero
DATAFLOW,OECD.ELS.SAE:DSD_EARNINGS@AV_AN_WAGE(1.0),Average annual wages,I,ISL,Iceland,WG,Wages,ISK,Iceland krona,A,Annual,Q,Constant prices,MEAN,Mean,_Z,Not applicable,2020,,13786015,,2025,,A,Normal value,0,Units,0,Zero
DATAFLOW,OECD.ELS.SAE:DSD_EARNINGS@AV_AN_WAGE(1.0),Average annual wages,I,ISL,Iceland,WG,Wages,ISK,Iceland krona,A,Annual,Q,Constant prices,MEAN,Mean,_Z,Not applicable,2021,,14553336,,2025,,A,Normal value,0,Units,0,Zero
DATAFLOW,OECD.ELS.SAE:DSD_EARNINGS@AV_AN_WAGE(1.0),Average annual wages,I,ISL,Iceland,WG,Wages,ISK,Iceland krona,A,Annual,Q,Constant prices,MEAN,Mean,_Z,Not applicable,2022,,15698923,,2025,,A,Normal value,0,Units,0,Zero
DATAFLOW,OECD.ELS.SAE:DSD_EARNINGS@AV_AN_WAGE(1.0),Average annual wages,I,ISL,Iceland,WG,Wages,ISK,Iceland krona,A,Annual,Q,Constant prices,MEAN,Mean,_Z,Not applicable,2023,,16184016,,2025,,A,Normal value,0,Units,0,Zero
DATAFLOW,OECD.ELS.SAE:DSD_EARNINGS@AV_AN_WAGE(1.0),Average annual wages,I,ISL,Iceland,WG,Wages,ISK,Iceland krona,A,Annual,Q,Constant prices,MEAN,Mean,_Z,Not applicable,2024,,16460793,,2025,,A,Normal value,0,Units,0,Zero
DATAFLOW,OECD.ELS.SAE:DSD_EARNINGS@AV_AN_WAGE(1.0),Average annual wages,I,ISL,Iceland,WG,Wages,ISK,Iceland krona,A,Annual,Q,Constant prices,MEAN,Mean,_Z,Not applicable,2025,,16760757,,2025,,A,Normal value,0,Units,0,Zero
DATAFLOW,OECD.ELS.SAE:DSD_EARNINGS@AV_AN_WAGE(1.0),Average annual wages,I,ISR,Israel,WG,Wages,ILS,New Israeli sheqel,A,Annual,Q,Constant prices,MEAN,Mean,_Z,Not applicable,1995,,156063.9,,2025,,A,Normal value,0,Units,0,Zero
DATAFLOW,OECD.ELS.SAE:DSD_EARNINGS@AV_AN_WAGE(1.0),Average annual wages,I,ISR,Israel,WG,Wages,ILS,New Israeli sheqel,A,Annual,Q,Constant prices,MEAN,Mean,_Z,Not applicable,1996,,169113.86,,2025,,A,Normal value,0,Units,0,Zero
DATAFLOW,OECD.ELS.SAE:DSD_EARNINGS@AV_AN_WAGE(1.0),Average annual wages,I,ISR,Israel,WG,Wages,ILS,New Israeli sheqel,A,Annual,Q,Constant prices,MEAN,Mean,_Z,Not applicable,1997,,173158.38,,2025,,A,Normal value,0,Units,0,Zero
DATAFLOW,OECD.ELS.SAE:DSD_EARNINGS@AV_AN_WAGE(1.0),Average annual wages,I,ISR,Israel,WG,Wages,ILS,New Israeli sheqel,A,Annual,Q,Constant prices,MEAN,Mean,_Z,Not applicable,1998,,179716.33,,2025,,A,Normal value,0,Units,0,Zero
DATAFLOW,OECD.ELS.SAE:DSD_EARNINGS@AV_AN_WAGE(1.0),Average annual wages,I,ISR,Israel,WG,Wages,ILS,New Israeli sheqel,A,Annual,Q,Constant prices,MEAN,Mean,_Z,Not applicable,1999,,183283.48,,2025,,A,Normal value,0,Units,0,Zero
DATAFLOW,OECD.ELS.SAE:DSD_EARNINGS@AV_AN_WAGE(1.0),Average annual wages,I,ISR,Israel,WG,Wages,ILS,New Israeli sheqel,A,Annual,Q,Constant prices,MEAN,Mean,_Z,Not applicable,2000,,190487.47,,2025,,A,Normal value,0,Units,0,Zero
DATAFLOW,OECD.ELS.SAE:DSD_EARNINGS@AV_AN_WAGE(1.0),Average annual wages,I,ISR,Israel,WG,Wages,ILS,New Israeli sheqel,A,Annual,Q,Constant prices,MEAN,Mean,_Z,Not applicable,2001,,195083.53,,2025,,A,Normal value,0,Units,0,Zero
DATAFLOW,OECD.ELS.SAE:DSD_EARNINGS@AV_AN_WAGE(1.0),Average annual wages,I,ISR,Israel,WG,Wages,ILS,New Israeli sheqel,A,Annual,Q,Constant prices,MEAN,Mean,_Z,Not applicable,2002,,187065.64,,2025,,A,Normal value,0,Units,0,Zero
DATAFLOW,OECD.ELS.SAE:DSD_EARNINGS@AV_AN_WAGE(1.0),Average annual wages,I,ISR,Israel,WG,Wages,ILS,New Israeli sheqel,A,Annual,Q,Constant prices,MEAN,Mean,_Z,Not applicable,2003,,181662.78,,2025,,A,Normal value,0,Units,0,Zero
DATAFLOW,OECD.ELS.SAE:DSD_EARNINGS@AV_AN_WAGE(1.0),Average annual wages,I,ISR,Israel,WG,Wages,ILS,New Israeli sheqel,A,Annual,Q,Constant prices,MEAN,Mean,_Z,Not applicable,2004,,179215.73,,2025,,A,Normal value,0,Units,0,Zero
DATAFLOW,OECD.ELS.SAE:DSD_EARNINGS@AV_AN_WAGE(1.0),Average annual wages,I,ISR,Israel,WG,Wages,ILS,New Israeli sheqel,A,Annual,Q,Constant prices,MEAN,Mean,_Z,Not applicable,2005,,179835.36,,2025,,A,Normal value,0,Units,0,Zero
DATAFLOW,OECD.ELS.SAE:DSD_EARNINGS@AV_AN_WAGE(1.0),Average annual wages,I,ISR,Israel,WG,Wages,ILS,New Israeli sheqel,A,Annual,Q,Constant prices,MEAN,Mean,_Z,Not applicable,2006,,184873.37,,2025,,A,Normal value,0,Units,0,Zero
DATAFLOW,OECD.ELS.SAE:DSD_EARNINGS@AV_AN_WAGE(1.0),Average annual wages,I,ISR,Israel,WG,Wages,ILS,New Israeli sheqel,A,Annual,Q,Constant prices,MEAN,Mean,_Z,Not applicable,2007,,186746.97,,2025,,A,Normal value,0,Units,0,Zero
DATAFLOW,OECD.ELS.SAE:DSD_EARNINGS@AV_AN_WAGE(1.0),Average annual wages,I,ISR,Israel,WG,Wages,ILS,New Israeli sheqel,A,Annual,Q,Constant prices,MEAN,Mean,_Z,Not applicable,2008,,184431.97,,2025,,A,Normal value,0,Units,0,Zero
DATAFLOW,OECD.ELS.SAE:DSD_EARNINGS@AV_AN_WAGE(1.0),Average annual wages,I,ISR,Israel,WG,Wages,ILS,New Israeli sheqel,A,Annual,Q,Constant prices,MEAN,Mean,_Z,Not applicable,2009,,179216.08,,2025,,A,Normal value,0,Units,0,Zero
DATAFLOW,OECD.ELS.SAE:DSD_EARNINGS@AV_AN_WAGE(1.0),Average annual wages,I,ISR,Israel,WG,Wages,ILS,New Israeli sheqel,A,Annual,Q,Constant prices,MEAN,Mean,_Z,Not applicable,2010,,179563.42,,2025,,A,Normal value,0,Units,0,Zero
DATAFLOW,OECD.ELS.SAE:DSD_EARNINGS@AV_AN_WAGE(1.0),Average annual wages,I,ISR,Israel,WG,Wages,ILS,New Israeli sheqel,A,Annual,Q,Constant prices,MEAN,Mean,_Z,Not applicable,2011,,180922.71,,2025,,A,Normal value,0,Units,0,Zero
DATAFLOW,OECD.ELS.SAE:DSD_EARNINGS@AV_AN_WAGE(1.0),Average annual wages,I,ISR,Israel,WG,Wages,ILS,New Israeli sheqel,A,Annual,Q,Constant prices,MEAN,Mean,_Z,Not applicable,2012,,169175.2,,2025,,A,Normal value,0,Units,0,Zero
DATAFLOW,OECD.ELS.SAE:DSD_EARNINGS@AV_AN_WAGE(1.0),Average annual wages,I,ISR,Israel,WG,Wages,ILS,New Israeli sheqel,A,Annual,Q,Constant prices,MEAN,Mean,_Z,Not applicable,2013,,169661.36,,2025,,A,Normal value,0,Units,0,Zero
DATAFLOW,OECD.ELS.SAE:DSD_EARNINGS@AV_AN_WAGE(1.0),Average annual wages,I,ISR,Israel,WG,Wages,ILS,New Israeli sheqel,A,Annual,Q,Constant prices,MEAN,Mean,_Z,Not applicable,2014,,170332.66,,2025,,A,Normal value,0,Units,0,Zero
DATAFLOW,OECD.ELS.SAE:DSD_EARNINGS@AV_AN_WAGE(1.0),Average annual wages,I,ISR,Israel,WG,Wages,ILS,New Israeli sheqel,A,Annual,Q,Constant prices,MEAN,Mean,_Z,Not applicable,2015,,175231.76,,2025,,A,Normal value,0,Units,0,Zero
DATAFLOW,OECD.ELS.SAE:DSD_EARNINGS@AV_AN_WAGE(1.0),Average annual wages,I,ISR,Israel,WG,Wages,ILS,New Israeli sheqel,A,Annual,Q,Constant prices,MEAN,Mean,_Z,Not applicable,2016,,182641.03,,2025,,A,Normal value,0,Units,0,Zero
DATAFLOW,OECD.ELS.SAE:DSD_EARNINGS@AV_AN_WAGE(1.0),Average annual wages,I,ISR,Israel,WG,Wages,ILS,New Israeli sheqel,A,Annual,Q,Constant prices,MEAN,Mean,_Z,Not applicable,2017,,188399.84,,2025,,A,Normal value,0,Units,0,Zero
DATAFLOW,OECD.ELS.SAE:DSD_EARNINGS@AV_AN_WAGE(1.0),Average annual wages,I,ISR,Israel,WG,Wages,ILS,New Israeli sheqel,A,Annual,Q,Constant prices,MEAN,Mean,_Z,Not applicable,2018,,193990.03,,2025,,A,Normal value,0,Units,0,Zero
DATAFLOW,OECD.ELS.SAE:DSD_EARNINGS@AV_AN_WAGE(1.0),Average annual wages,I,ISR,Israel,WG,Wages,ILS,New Israeli sheqel,A,Annual,Q,Constant prices,MEAN,Mean,_Z,Not applicable,2019,,197651.04,,2025,,A,Normal value,0,Units,0,Zero
DATAFLOW,OECD.ELS.SAE:DSD_EARNINGS@AV_AN_WAGE(1.0),Average annual wages,I,ISR,Israel,WG,Wages,ILS,New Israeli sheqel,A,Annual,Q,Constant prices,MEAN,Mean,_Z,Not applicable,2020,,198412.83,,2025,,A,Normal value,0,Units,0,Zero
DATAFLOW,OECD.ELS.SAE:DSD_EARNINGS@AV_AN_WAGE(1.0),Average annual wages,I,ISR,Israel,WG,Wages,ILS,New Israeli sheqel,A,Annual,Q,Constant prices,MEAN,Mean,_Z,Not applicable,2021,,209081.62,,2025,,A,Normal value,0,Units,0,Zero
DATAFLOW,OECD.ELS.SAE:DSD_EARNINGS@AV_AN_WAGE(1.0),Average annual wages,I,ISR,Israel,WG,Wages,ILS,New Israeli sheqel,A,Annual,Q,Constant prices,MEAN,Mean,_Z,Not applicable,2022,,209297.75,,2025,,A,Normal value,0,Units,0,Zero
DATAFLOW,OECD.ELS.SAE:DSD_EARNINGS@AV_AN_WAGE(1.0),Average annual wages,I,ISR,Israel,WG,Wages,ILS,New Israeli sheqel,A,Annual,Q,Constant prices,MEAN,Mean,_Z,Not applicable,2023,,206838.38,,2025,,A,Normal value,0,Units,0,Zero
DATAFLOW,OECD.ELS.SAE:DSD_EARNINGS@AV_AN_WAGE(1.0),Average annual wages,I,ISR,Israel,WG,Wages,ILS,New Israeli sheqel,A,Annual,Q,Constant prices,MEAN,Mean,_Z,Not applicable,2024,,208871.39,,2025,,A,Normal value,0,Units,0,Zero
DATAFLOW,OECD.ELS.SAE:DSD_EARNINGS@AV_AN_WAGE(1.0),Average annual wages,I,ISR,Israel,WG,Wages,ILS,New Israeli sheqel,A,Annual,Q,Constant prices,MEAN,Mean,_Z,Not applicable,2025,,209935.17,,2025,,A,Normal value,0,Units,0,Zero
DATAFLOW,OECD.ELS.SAE:DSD_EARNINGS@AV_AN_WAGE(1.0),Average annual wages,I,JPN,Japan,WG,Wages,JPY,Yen,A,Annual,Q,Constant prices,MEAN,Mean,_Z,Not applicable,1990,,5248136.8,,2025,,A,Normal value,0,Units,0,Zero
DATAFLOW,OECD.ELS.SAE:DSD_EARNINGS@AV_AN_WAGE(1.0),Average annual wages,I,JPN,Japan,WG,Wages,JPY,Yen,A,Annual,Q,Constant prices,MEAN,Mean,_Z,Not applicable,1991,,5317831,,2025,,A,Normal value,0,Units,0,Zero
DATAFLOW,OECD.ELS.SAE:DSD_EARNINGS@AV_AN_WAGE(1.0),Average annual wages,I,JPN,Japan,WG,Wages,JPY,Yen,A,Annual,Q,Constant prices,MEAN,Mean,_Z,Not applicable,1992,,5325100.8,,2025,,A,Normal value,0,Units,0,Zero
DATAFLOW,OECD.ELS.SAE:DSD_EARNINGS@AV_AN_WAGE(1.0),Average annual wages,I,JPN,Japan,WG,Wages,JPY,Yen,A,Annual,Q,Constant prices,MEAN,Mean,_Z,Not applicable,1993,,5284201.9,,2025,,A,Normal value,0,Units,0,Zero
DATAFLOW,OECD.ELS.SAE:DSD_EARNINGS@AV_AN_WAGE(1.0),Average annual wages,I,JPN,Japan,WG,Wages,JPY,Yen,A,Annual,Q,Constant prices,MEAN,Mean,_Z,Not applicable,1994,,5336874.7,,2025,,A,Normal value,0,Units,0,Zero
DATAFLOW,OECD.ELS.SAE:DSD_EARNINGS@AV_AN_WAGE(1.0),Average annual wages,I,JPN,Japan,WG,Wages,JPY,Yen,A,Annual,Q,Constant prices,MEAN,Mean,_Z,Not applicable,1995,,5401914.7,,2025,,A,Normal value,0,Units,0,Zero
DATAFLOW,OECD.ELS.SAE:DSD_EARNINGS@AV_AN_WAGE(1.0),Average annual wages,I,JPN,Japan,WG,Wages,JPY,Yen,A,Annual,Q,Constant prices,MEAN,Mean,_Z,Not applicable,1996,,5421675.6,,2025,,A,Normal value,0,Units,0,Zero
DATAFLOW,OECD.ELS.SAE:DSD_EARNINGS@AV_AN_WAGE(1.0),Average annual wages,I,JPN,Japan,WG,Wages,JPY,Yen,A,Annual,Q,Constant prices,MEAN,Mean,_Z,Not applicable,1997,,5441895.6,,2025,,A,Normal value,0,Units,0,Zero
DATAFLOW,OECD.ELS.SAE:DSD_EARNINGS@AV_AN_WAGE(1.0),Average annual wages,I,JPN,Japan,WG,Wages,JPY,Yen,A,Annual,Q,Constant prices,MEAN,Mean,_Z,Not applicable,1998,,5359234.2,,2025,,A,Normal value,0,Units,0,Zero
DATAFLOW,OECD.ELS.SAE:DSD_EARNINGS@AV_AN_WAGE(1.0),Average annual wages,I,JPN,Japan,WG,Wages,JPY,Yen,A,Annual,Q,Constant prices,MEAN,Mean,_Z,Not applicable,1999,,5310460.4,,2025,,A,Normal value,0,Units,0,Zero
DATAFLOW,OECD.ELS.SAE:DSD_EARNINGS@AV_AN_WAGE(1.0),Average annual wages,I,JPN,Japan,WG,Wages,JPY,Yen,A,Annual,Q,Constant prices,MEAN,Mean,_Z,Not applicable,2000,,5362238.4,,2025,,A,Normal value,0,Units,0,Zero
DATAFLOW,OECD.ELS.SAE:DSD_EARNINGS@AV_AN_WAGE(1.0),Average annual wages,I,JPN,Japan,WG,Wages,JPY,Yen,A,Annual,Q,Constant prices,MEAN,Mean,_Z,Not applicable,2001,,5297725,,2025,,A,Normal value,0,Units,0,Zero
DATAFLOW,OECD.ELS.SAE:DSD_EARNINGS@AV_AN_WAGE(1.0),Average annual wages,I,JPN,Japan,WG,Wages,JPY,Yen,A,Annual,Q,Constant prices,MEAN,Mean,_Z,Not applicable,2002,,5186221.1,,2025,,A,Normal value,0,Units,0,Zero
DATAFLOW,OECD.ELS.SAE:DSD_EARNINGS@AV_AN_WAGE(1.0),Average annual wages,I,JPN,Japan,WG,Wages,JPY,Yen,A,Annual,Q,Constant prices,MEAN,Mean,_Z,Not applicable,2003,,5198198.7,,2025,,A,Normal value,0,Units,0,Zero
DATAFLOW,OECD.ELS.SAE:DSD_EARNINGS@AV_AN_WAGE(1.0),Average annual wages,I,JPN,Japan,WG,Wages,JPY,Yen,A,Annual,Q,Constant prices,MEAN,Mean,_Z,Not applicable,2004,,5271553.4,,2025,,A,Normal value,0,Units,0,Zero
DATAFLOW,OECD.ELS.SAE:DSD_EARNINGS@AV_AN_WAGE(1.0),Average annual wages,I,JPN,Japan,WG,Wages,JPY,Yen,A,Annual,Q,Constant prices,MEAN,Mean,_Z,Not applicable,2005,,5401108.4,,2025,,A,Normal value,0,Units,0,Zero
DATAFLOW,OECD.ELS.SAE:DSD_EARNINGS@AV_AN_WAGE(1.0),Average annual wages,I,JPN,Japan,WG,Wages,JPY,Yen,A,Annual,Q,Constant prices,MEAN,Mean,_Z,Not applicable,2006,,5398675.4,,2025,,A,Normal value,0,Units,0,Zero
DATAFLOW,OECD.ELS.SAE:DSD_EARNINGS@AV_AN_WAGE(1.0),Average annual wages,I,JPN,Japan,WG,Wages,JPY,Yen,A,Annual,Q,Constant prices,MEAN,Mean,_Z,Not applicable,2007,,5414395.3,,2025,,A,Normal value,0,Units,0,Zero
DATAFLOW,OECD.ELS.SAE:DSD_EARNINGS@AV_AN_WAGE(1.0),Average annual wages,I,JPN,Japan,WG,Wages,JPY,Yen,A,Annual,Q,Constant prices,MEAN,Mean,_Z,Not applicable,2008,,5392461.6,,2025,,A,Normal value,0,Units,0,Zero
DATAFLOW,OECD.ELS.SAE:DSD_EARNINGS@AV_AN_WAGE(1.0),Average annual wages,I,JPN,Japan,WG,Wages,JPY,Yen,A,Annual,Q,Constant prices,MEAN,Mean,_Z,Not applicable,2009,,5316514.1,,2025,,A,Normal value,0,Units,0,Zero
DATAFLOW,OECD.ELS.SAE:DSD_EARNINGS@AV_AN_WAGE(1.0),Average annual wages,I,JPN,Japan,WG,Wages,JPY,Yen,A,Annual,Q,Constant prices,MEAN,Mean,_Z,Not applicable,2010,,5315404.3,,2025,,A,Normal value,0,Units,0,Zero
DATAFLOW,OECD.ELS.SAE:DSD_EARNINGS@AV_AN_WAGE(1.0),Average annual wages,I,JPN,Japan,WG,Wages,JPY,Yen,A,Annual,Q,Constant prices,MEAN,Mean,_Z,Not applicable,2011,,5332598.9,,2025,,A,Normal value,0,Units,0,Zero
DATAFLOW,OECD.ELS.SAE:DSD_EARNINGS@AV_AN_WAGE(1.0),Average annual wages,I,JPN,Japan,WG,Wages,JPY,Yen,A,Annual,Q,Constant prices,MEAN,Mean,_Z,Not applicable,2012,,5343346.6,,2025,,A,Normal value,0,Units,0,Zero
DATAFLOW,OECD.ELS.SAE:DSD_EARNINGS@AV_AN_WAGE(1.0),Average annual wages,I,JPN,Japan,WG,Wages,JPY,Yen,A,Annual,Q,Constant prices,MEAN,Mean,_Z,Not applicable,2013,,5372582.1,,2025,,A,Normal value,0,Units,0,Zero
DATAFLOW,OECD.ELS.SAE:DSD_EARNINGS@AV_AN_WAGE(1.0),Average annual wages,I,JPN,Japan,WG,Wages,JPY,Yen,A,Annual,Q,Constant prices,MEAN,Mean,_Z,Not applicable,2014,,5323034.1,,2025,,A,Normal value,0,Units,0,Zero
DATAFLOW,OECD.ELS.SAE:DSD_EARNINGS@AV_AN_WAGE(1.0),Average annual wages,I,JPN,Japan,WG,Wages,JPY,Yen,A,Annual,Q,Constant prices,MEAN,Mean,_Z,Not applicable,2015,,5272926.4,,2025,,A,Normal value,0,Units,0,Zero
DATAFLOW,OECD.ELS.SAE:DSD_EARNINGS@AV_AN_WAGE(1.0),Average annual wages,I,JPN,Japan,WG,Wages,JPY,Yen,A,Annual,Q,Constant prices,MEAN,Mean,_Z,Not applicable,2016,,5307245.5,,2025,,A,Normal value,0,Units,0,Zero
DATAFLOW,OECD.ELS.SAE:DSD_EARNINGS@AV_AN_WAGE(1.0),Average annual wages,I,JPN,Japan,WG,Wages,JPY,Yen,A,Annual,Q,Constant prices,MEAN,Mean,_Z,Not applicable,2017,,5277144.2,,2025,,A,Normal value,0,Units,0,Zero
DATAFLOW,OECD.ELS.SAE:DSD_EARNINGS@AV_AN_WAGE(1.0),Average annual wages,I,JPN,Japan,WG,Wages,JPY,Yen,A,Annual,Q,Constant prices,MEAN,Mean,_Z,Not applicable,2018,,5355620.2,,2025,,A,Normal value,0,Units,0,Zero
DATAFLOW,OECD.ELS.SAE:DSD_EARNINGS@AV_AN_WAGE(1.0),Average annual wages,I,JPN,Japan,WG,Wages,JPY,Yen,A,Annual,Q,Constant prices,MEAN,Mean,_Z,Not applicable,2019,,5380712.4,,2025,,A,Normal value,0,Units,0,Zero
DATAFLOW,OECD.ELS.SAE:DSD_EARNINGS@AV_AN_WAGE(1.0),Average annual wages,I,JPN,Japan,WG,Wages,JPY,Yen,A,Annual,Q,Constant prices,MEAN,Mean,_Z,Not applicable,2020,,5300532.3,,2025,,A,Normal value,0,Units,0,Zero
DATAFLOW,OECD.ELS.SAE:DSD_EARNINGS@AV_AN_WAGE(1.0),Average annual wages,I,JPN,Japan,WG,Wages,JPY,Yen,A,Annual,Q,Constant prices,MEAN,Mean,_Z,Not applicable,2021,,5355186,,2025,,A,Normal value,0,Units,0,Zero
DATAFLOW,OECD.ELS.SAE:DSD_EARNINGS@AV_AN_WAGE(1.0),Average annual wages,I,JPN,Japan,WG,Wages,JPY,Yen,A,Annual,Q,Constant prices,MEAN,Mean,_Z,Not applicable,2022,,5283496.5,,2025,,A,Normal value,0,Units,0,Zero
DATAFLOW,OECD.ELS.SAE:DSD_EARNINGS@AV_AN_WAGE(1.0),Average annual wages,I,JPN,Japan,WG,Wages,JPY,Yen,A,Annual,Q,Constant prices,MEAN,Mean,_Z,Not applicable,2023,,5163779,,2025,,A,Normal value,0,Units,0,Zero
DATAFLOW,OECD.ELS.SAE:DSD_EARNINGS@AV_AN_WAGE(1.0),Average annual wages,I,JPN,Japan,WG,Wages,JPY,Yen,A,Annual,Q,Constant prices,MEAN,Mean,_Z,Not applicable,2024,,5210376.1,,2025,,A,Normal value,0,Units,0,Zero
DATAFLOW,OECD.ELS.SAE:DSD_EARNINGS@AV_AN_WAGE(1.0),Average annual wages,I,JPN,Japan,WG,Wages,JPY,Yen,A,Annual,Q,Constant prices,MEAN,Mean,_Z,Not applicable,2025,,5185703,,2025,,A,Normal value,0,Units,0,Zero
DATAFLOW,OECD.ELS.SAE:DSD_EARNINGS@AV_AN_WAGE(1.0),Average annual wages,I,KOR,Korea,WG,Wages,KRW,Won,A,Annual,Q,Constant prices,MEAN,Mean,_Z,Not applicable,1990,,25962032,,2025,,A,Normal value,0,Units,0,Zero
DATAFLOW,OECD.ELS.SAE:DSD_EARNINGS@AV_AN_WAGE(1.0),Average annual wages,I,KOR,Korea,WG,Wages,KRW,Won,A,Annual,Q,Constant prices,MEAN,Mean,_Z,Not applicable,1991,,27058832,,2025,,A,Normal value,0,Units,0,Zero
DATAFLOW,OECD.ELS.SAE:DSD_EARNINGS@AV_AN_WAGE(1.0),Average annual wages,I,KOR,Korea,WG,Wages,KRW,Won,A,Annual,Q,Constant prices,MEAN,Mean,_Z,Not applicable,1992,,28331452,,2025,,A,Normal value,0,Units,0,Zero
DATAFLOW,OECD.ELS.SAE:DSD_EARNINGS@AV_AN_WAGE(1.0),Average annual wages,I,KOR,Korea,WG,Wages,KRW,Won,A,Annual,Q,Constant prices,MEAN,Mean,_Z,Not applicable,1993,,30053834,,2025,,A,Normal value,0,Units,0,Zero
DATAFLOW,OECD.ELS.SAE:DSD_EARNINGS@AV_AN_WAGE(1.0),Average annual wages,I,KOR,Korea,WG,Wages,KRW,Won,A,Annual,Q,Constant prices,MEAN,Mean,_Z,Not applicable,1994,,30759339,,2025,,A,Normal value,0,Units,0,Zero
DATAFLOW,OECD.ELS.SAE:DSD_EARNINGS@AV_AN_WAGE(1.0),Average annual wages,I,KOR,Korea,WG,Wages,KRW,Won,A,Annual,Q,Constant prices,MEAN,Mean,_Z,Not applicable,1995,,33903215,,2025,,A,Normal value,0,Units,0,Zero
DATAFLOW,OECD.ELS.SAE:DSD_EARNINGS@AV_AN_WAGE(1.0),Average annual wages,I,KOR,Korea,WG,Wages,KRW,Won,A,Annual,Q,Constant prices,MEAN,Mean,_Z,Not applicable,1996,,35510896,,2025,,A,Normal value,0,Units,0,Zero
DATAFLOW,OECD.ELS.SAE:DSD_EARNINGS@AV_AN_WAGE(1.0),Average annual wages,I,KOR,Korea,WG,Wages,KRW,Won,A,Annual,Q,Constant prices,MEAN,Mean,_Z,Not applicable,1997,,34778312,,2025,,A,Normal value,0,Units,0,Zero
DATAFLOW,OECD.ELS.SAE:DSD_EARNINGS@AV_AN_WAGE(1.0),Average annual wages,I,KOR,Korea,WG,Wages,KRW,Won,A,Annual,Q,Constant prices,MEAN,Mean,_Z,Not applicable,1998,,34482706,,2025,,A,Normal value,0,Units,0,Zero
DATAFLOW,OECD.ELS.SAE:DSD_EARNINGS@AV_AN_WAGE(1.0),Average annual wages,I,KOR,Korea,WG,Wages,KRW,Won,A,Annual,Q,Constant prices,MEAN,Mean,_Z,Not applicable,1999,,34948720,,2025,,A,Normal value,0,Units,0,Zero
DATAFLOW,OECD.ELS.SAE:DSD_EARNINGS@AV_AN_WAGE(1.0),Average annual wages,I,KOR,Korea,WG,Wages,KRW,Won,A,Annual,Q,Constant prices,MEAN,Mean,_Z,Not applicable,2000,,35214916,,2025,,A,Normal value,0,Units,0,Zero
DATAFLOW,OECD.ELS.SAE:DSD_EARNINGS@AV_AN_WAGE(1.0),Average annual wages,I,KOR,Korea,WG,Wages,KRW,Won,A,Annual,Q,Constant prices,MEAN,Mean,_Z,Not applicable,2001,,36539154,,2025,,A,Normal value,0,Units,0,Zero
DATAFLOW,OECD.ELS.SAE:DSD_EARNINGS@AV_AN_WAGE(1.0),Average annual wages,I,KOR,Korea,WG,Wages,KRW,Won,A,Annual,Q,Constant prices,MEAN,Mean,_Z,Not applicable,2002,,37819784,,2025,,A,Normal value,0,Units,0,Zero
DATAFLOW,OECD.ELS.SAE:DSD_EARNINGS@AV_AN_WAGE(1.0),Average annual wages,I,KOR,Korea,WG,Wages,KRW,Won,A,Annual,Q,Constant prices,MEAN,Mean,_Z,Not applicable,2003,,39166525,,2025,,A,Normal value,0,Units,0,Zero
DATAFLOW,OECD.ELS.SAE:DSD_EARNINGS@AV_AN_WAGE(1.0),Average annual wages,I,KOR,Korea,WG,Wages,KRW,Won,A,Annual,Q,Constant prices,MEAN,Mean,_Z,Not applicable,2004,,40046907,,2025,,A,Normal value,0,Units,0,Zero
DATAFLOW,OECD.ELS.SAE:DSD_EARNINGS@AV_AN_WAGE(1.0),Average annual wages,I,KOR,Korea,WG,Wages,KRW,Won,A,Annual,Q,Constant prices,MEAN,Mean,_Z,Not applicable,2005,,41339679,,2025,,A,Normal value,0,Units,0,Zero
DATAFLOW,OECD.ELS.SAE:DSD_EARNINGS@AV_AN_WAGE(1.0),Average annual wages,I,KOR,Korea,WG,Wages,KRW,Won,A,Annual,Q,Constant prices,MEAN,Mean,_Z,Not applicable,2006,,41928233,,2025,,A,Normal value,0,Units,0,Zero
DATAFLOW,OECD.ELS.SAE:DSD_EARNINGS@AV_AN_WAGE(1.0),Average annual wages,I,KOR,Korea,WG,Wages,KRW,Won,A,Annual,Q,Constant prices,MEAN,Mean,_Z,Not applicable,2007,,42807938,,2025,,A,Normal value,0,Units,0,Zero
DATAFLOW,OECD.ELS.SAE:DSD_EARNINGS@AV_AN_WAGE(1.0),Average annual wages,I,KOR,Korea,WG,Wages,KRW,Won,A,Annual,Q,Constant prices,MEAN,Mean,_Z,Not applicable,2008,,42707064,,2025,,A,Normal value,0,Units,0,Zero
DATAFLOW,OECD.ELS.SAE:DSD_EARNINGS@AV_AN_WAGE(1.0),Average annual wages,I,KOR,Korea,WG,Wages,KRW,Won,A,Annual,Q,Constant prices,MEAN,Mean,_Z,Not applicable,2009,,42764079,,2025,,A,Normal value,0,Units,0,Zero
DATAFLOW,OECD.ELS.SAE:DSD_EARNINGS@AV_AN_WAGE(1.0),Average annual wages,I,KOR,Korea,WG,Wages,KRW,Won,A,Annual,Q,Constant prices,MEAN,Mean,_Z,Not applicable,2010,,43610444,,2025,,A,Normal value,0,Units,0,Zero
DATAFLOW,OECD.ELS.SAE:DSD_EARNINGS@AV_AN_WAGE(1.0),Average annual wages,I,KOR,Korea,WG,Wages,KRW,Won,A,Annual,Q,Constant prices,MEAN,Mean,_Z,Not applicable,2011,,44146838,,2025,,A,Normal value,0,Units,0,Zero
DATAFLOW,OECD.ELS.SAE:DSD_EARNINGS@AV_AN_WAGE(1.0),Average annual wages,I,KOR,Korea,WG,Wages,KRW,Won,A,Annual,Q,Constant prices,MEAN,Mean,_Z,Not applicable,2012,,43346812,,2025,,A,Normal value,0,Units,0,Zero
DATAFLOW,OECD.ELS.SAE:DSD_EARNINGS@AV_AN_WAGE(1.0),Average annual wages,I,KOR,Korea,WG,Wages,KRW,Won,A,Annual,Q,Constant prices,MEAN,Mean,_Z,Not applicable,2013,,44330621,,2025,,A,Normal value,0,Units,0,Zero
DATAFLOW,OECD.ELS.SAE:DSD_EARNINGS@AV_AN_WAGE(1.0),Average annual wages,I,KOR,Korea,WG,Wages,KRW,Won,A,Annual,Q,Constant prices,MEAN,Mean,_Z,Not applicable,2014,,44425616,,2025,,A,Normal value,0,Units,0,Zero
DATAFLOW,OECD.ELS.SAE:DSD_EARNINGS@AV_AN_WAGE(1.0),Average annual wages,I,KOR,Korea,WG,Wages,KRW,Won,A,Annual,Q,Constant prices,MEAN,Mean,_Z,Not applicable,2015,,45563206,,2025,,A,Normal value,0,Units,0,Zero
DATAFLOW,OECD.ELS.SAE:DSD_EARNINGS@AV_AN_WAGE(1.0),Average annual wages,I,KOR,Korea,WG,Wages,KRW,Won,A,Annual,Q,Constant prices,MEAN,Mean,_Z,Not applicable,2016,,46834805,,2025,,A,Normal value,0,Units,0,Zero
DATAFLOW,OECD.ELS.SAE:DSD_EARNINGS@AV_AN_WAGE(1.0),Average annual wages,I,KOR,Korea,WG,Wages,KRW,Won,A,Annual,Q,Constant prices,MEAN,Mean,_Z,Not applicable,2017,,47808787,,2025,,A,Normal value,0,Units,0,Zero
DATAFLOW,OECD.ELS.SAE:DSD_EARNINGS@AV_AN_WAGE(1.0),Average annual wages,I,KOR,Korea,WG,Wages,KRW,Won,A,Annual,Q,Constant prices,MEAN,Mean,_Z,Not applicable,2018,,49441853,,2025,,A,Normal value,0,Units,0,Zero
DATAFLOW,OECD.ELS.SAE:DSD_EARNINGS@AV_AN_WAGE(1.0),Average annual wages,I,KOR,Korea,WG,Wages,KRW,Won,A,Annual,Q,Constant prices,MEAN,Mean,_Z,Not applicable,2019,,51119426,,2025,,A,Normal value,0,Units,0,Zero
DATAFLOW,OECD.ELS.SAE:DSD_EARNINGS@AV_AN_WAGE(1.0),Average annual wages,I,KOR,Korea,WG,Wages,KRW,Won,A,Annual,Q,Constant prices,MEAN,Mean,_Z,Not applicable,2020,,52296059,,2025,,A,Normal value,0,Units,0,Zero
DATAFLOW,OECD.ELS.SAE:DSD_EARNINGS@AV_AN_WAGE(1.0),Average annual wages,I,KOR,Korea,WG,Wages,KRW,Won,A,Annual,Q,Constant prices,MEAN,Mean,_Z,Not applicable,2021,,52668169,,2025,,A,Normal value,0,Units,0,Zero
DATAFLOW,OECD.ELS.SAE:DSD_EARNINGS@AV_AN_WAGE(1.0),Average annual wages,I,KOR,Korea,WG,Wages,KRW,Won,A,Annual,Q,Constant prices,MEAN,Mean,_Z,Not applicable,2022,,51660547,,2025,,A,Normal value,0,Units,0,Zero
DATAFLOW,OECD.ELS.SAE:DSD_EARNINGS@AV_AN_WAGE(1.0),Average annual wages,I,KOR,Korea,WG,Wages,KRW,Won,A,Annual,Q,Constant prices,MEAN,Mean,_Z,Not applicable,2023,,52101687,,2025,,A,Normal value,0,Units,0,Zero
DATAFLOW,OECD.ELS.SAE:DSD_EARNINGS@AV_AN_WAGE(1.0),Average annual wages,I,KOR,Korea,WG,Wages,KRW,Won,A,Annual,Q,Constant prices,MEAN,Mean,_Z,Not applicable,2024,,53607385,,2025,,A,Normal value,0,Units,0,Zero
DATAFLOW,OECD.ELS.SAE:DSD_EARNINGS@AV_AN_WAGE(1.0),Average annual wages,I,KOR,Korea,WG,Wages,KRW,Won,A,Annual,Q,Constant prices,MEAN,Mean,_Z,Not applicable,2025,,53915741,,2025,,A,Normal value,0,Units,0,Zero
DATAFLOW,OECD.ELS.SAE:DSD_EARNINGS@AV_AN_WAGE(1.0),Average annual wages,I,MEX,Mexico,WG,Wages,MXN,Mexican peso,A,Annual,Q,Constant prices,MEAN,Mean,_Z,Not applicable,1990,,253650.01,,2025,,A,Normal value,0,Units,0,Zero
DATAFLOW,OECD.ELS.SAE:DSD_EARNINGS@AV_AN_WAGE(1.0),Average annual wages,I,MEX,Mexico,WG,Wages,MXN,Mexican peso,A,Annual,Q,Constant prices,MEAN,Mean,_Z,Not applicable,1991,,267057.67,,2025,,A,Normal value,0,Units,0,Zero
DATAFLOW,OECD.ELS.SAE:DSD_EARNINGS@AV_AN_WAGE(1.0),Average annual wages,I,MEX,Mexico,WG,Wages,MXN,Mexican peso,A,Annual,Q,Constant prices,MEAN,Mean,_Z,Not applicable,1992,,281590.19,,2025,,A,Normal value,0,Units,0,Zero
DATAFLOW,OECD.ELS.SAE:DSD_EARNINGS@AV_AN_WAGE(1.0),Average annual wages,I,MEX,Mexico,WG,Wages,MXN,Mexican peso,A,Annual,Q,Constant prices,MEAN,Mean,_Z,Not applicable,1993,,295892.22,,2025,,A,Normal value,0,Units,0,Zero
DATAFLOW,OECD.ELS.SAE:DSD_EARNINGS@AV_AN_WAGE(1.0),Average annual wages,I,MEX,Mexico,WG,Wages,MXN,Mexican peso,A,Annual,Q,Constant prices,MEAN,Mean,_Z,Not applicable,1994,,305500.35,,2025,,A,Normal value,0,Units,0,Zero
DATAFLOW,OECD.ELS.SAE:DSD_EARNINGS@AV_AN_WAGE(1.0),Average annual wages,I,MEX,Mexico,WG,Wages,MXN,Mexican peso,A,Annual,Q,Constant prices,MEAN,Mean,_Z,Not applicable,1995,,246858.18,,2025,,A,Normal value,0,Units,0,Zero
DATAFLOW,OECD.ELS.SAE:DSD_EARNINGS@AV_AN_WAGE(1.0),Average annual wages,I,MEX,Mexico,WG,Wages,MXN,Mexican peso,A,Annual,Q,Constant prices,MEAN,Mean,_Z,Not applicable,1996,,229145.4,,2025,,A,Normal value,0,Units,0,Zero
DATAFLOW,OECD.ELS.SAE:DSD_EARNINGS@AV_AN_WAGE(1.0),Average annual wages,I,MEX,Mexico,WG,Wages,MXN,Mexican peso,A,Annual,Q,Constant prices,MEAN,Mean,_Z,Not applicable,1997,,242768.11,,2025,,A,Normal value,0,Units,0,Zero
DATAFLOW,OECD.ELS.SAE:DSD_EARNINGS@AV_AN_WAGE(1.0),Average annual wages,I,MEX,Mexico,WG,Wages,MXN,Mexican peso,A,Annual,Q,Constant prices,MEAN,Mean,_Z,Not applicable,1998,,249171.69,,2025,,A,Normal value,0,Units,0,Zero
DATAFLOW,OECD.ELS.SAE:DSD_EARNINGS@AV_AN_WAGE(1.0),Average annual wages,I,MEX,Mexico,WG,Wages,MXN,Mexican peso,A,Annual,Q,Constant prices,MEAN,Mean,_Z,Not applicable,1999,,260200.64,,2025,,A,Normal value,0,Units,0,Zero
DATAFLOW,OECD.ELS.SAE:DSD_EARNINGS@AV_AN_WAGE(1.0),Average annual wages,I,MEX,Mexico,WG,Wages,MXN,Mexican peso,A,Annual,Q,Constant prices,MEAN,Mean,_Z,Not applicable,2000,,270417.67,,2025,,A,Normal value,0,Units,0,Zero
DATAFLOW,OECD.ELS.SAE:DSD_EARNINGS@AV_AN_WAGE(1.0),Average annual wages,I,MEX,Mexico,WG,Wages,MXN,Mexican peso,A,Annual,Q,Constant prices,MEAN,Mean,_Z,Not applicable,2001,,289227.35,,2025,,A,Normal value,0,Units,0,Zero
DATAFLOW,OECD.ELS.SAE:DSD_EARNINGS@AV_AN_WAGE(1.0),Average annual wages,I,MEX,Mexico,WG,Wages,MXN,Mexican peso,A,Annual,Q,Constant prices,MEAN,Mean,_Z,Not applicable,2002,,292721.82,,2025,,A,Normal value,0,Units,0,Zero
DATAFLOW,OECD.ELS.SAE:DSD_EARNINGS@AV_AN_WAGE(1.0),Average annual wages,I,MEX,Mexico,WG,Wages,MXN,Mexican peso,A,Annual,Q,Constant prices,MEAN,Mean,_Z,Not applicable,2003,,294090.53,,2025,,A,Normal value,0,Units,0,Zero
DATAFLOW,OECD.ELS.SAE:DSD_EARNINGS@AV_AN_WAGE(1.0),Average annual wages,I,MEX,Mexico,WG,Wages,MXN,Mexican peso,A,Annual,Q,Constant prices,MEAN,Mean,_Z,Not applicable,2004,,283517.17,,2025,,A,Normal value,0,Units,0,Zero
DATAFLOW,OECD.ELS.SAE:DSD_EARNINGS@AV_AN_WAGE(1.0),Average annual wages,I,MEX,Mexico,WG,Wages,MXN,Mexican peso,A,Annual,Q,Constant prices,MEAN,Mean,_Z,Not applicable,2005,,268822.53,,2025,,A,Normal value,0,Units,0,Zero
DATAFLOW,OECD.ELS.SAE:DSD_EARNINGS@AV_AN_WAGE(1.0),Average annual wages,I,MEX,Mexico,WG,Wages,MXN,Mexican peso,A,Annual,Q,Constant prices,MEAN,Mean,_Z,Not applicable,2006,,269520.64,,2025,,A,Normal value,0,Units,0,Zero
DATAFLOW,OECD.ELS.SAE:DSD_EARNINGS@AV_AN_WAGE(1.0),Average annual wages,I,MEX,Mexico,WG,Wages,MXN,Mexican peso,A,Annual,Q,Constant prices,MEAN,Mean,_Z,Not applicable,2007,,264015.05,,2025,,A,Normal value,0,Units,0,Zero
DATAFLOW,OECD.ELS.SAE:DSD_EARNINGS@AV_AN_WAGE(1.0),Average annual wages,I,MEX,Mexico,WG,Wages,MXN,Mexican peso,A,Annual,Q,Constant prices,MEAN,Mean,_Z,Not applicable,2008,,257033.87,,2025,,A,Normal value,0,Units,0,Zero
DATAFLOW,OECD.ELS.SAE:DSD_EARNINGS@AV_AN_WAGE(1.0),Average annual wages,I,MEX,Mexico,WG,Wages,MXN,Mexican peso,A,Annual,Q,Constant prices,MEAN,Mean,_Z,Not applicable,2009,,253135.47,,2025,,A,Normal value,0,Units,0,Zero
DATAFLOW,OECD.ELS.SAE:DSD_EARNINGS@AV_AN_WAGE(1.0),Average annual wages,I,MEX,Mexico,WG,Wages,MXN,Mexican peso,A,Annual,Q,Constant prices,MEAN,Mean,_Z,Not applicable,2010,,243393.47,,2025,,A,Normal value,0,Units,0,Zero
DATAFLOW,OECD.ELS.SAE:DSD_EARNINGS@AV_AN_WAGE(1.0),Average annual wages,I,MEX,Mexico,WG,Wages,MXN,Mexican peso,A,Annual,Q,Constant prices,MEAN,Mean,_Z,Not applicable,2011,,248399.88,,2025,,A,Normal value,0,Units,0,Zero
DATAFLOW,OECD.ELS.SAE:DSD_EARNINGS@AV_AN_WAGE(1.0),Average annual wages,I,MEX,Mexico,WG,Wages,MXN,Mexican peso,A,Annual,Q,Constant prices,MEAN,Mean,_Z,Not applicable,2012,,245809.38,,2025,,A,Normal value,0,Units,0,Zero
DATAFLOW,OECD.ELS.SAE:DSD_EARNINGS@AV_AN_WAGE(1.0),Average annual wages,I,MEX,Mexico,WG,Wages,MXN,Mexican peso,A,Annual,Q,Constant prices,MEAN,Mean,_Z,Not applicable,2013,,250030.98,,2025,,A,Normal value,0,Units,0,Zero
DATAFLOW,OECD.ELS.SAE:DSD_EARNINGS@AV_AN_WAGE(1.0),Average annual wages,I,MEX,Mexico,WG,Wages,MXN,Mexican peso,A,Annual,Q,Constant prices,MEAN,Mean,_Z,Not applicable,2014,,246885.96,,2025,,A,Normal value,0,Units,0,Zero
DATAFLOW,OECD.ELS.SAE:DSD_EARNINGS@AV_AN_WAGE(1.0),Average annual wages,I,MEX,Mexico,WG,Wages,MXN,Mexican peso,A,Annual,Q,Constant prices,MEAN,Mean,_Z,Not applicable,2015,,252227.6,,2025,,A,Normal value,0,Units,0,Zero
DATAFLOW,OECD.ELS.SAE:DSD_EARNINGS@AV_AN_WAGE(1.0),Average annual wages,I,MEX,Mexico,WG,Wages,MXN,Mexican peso,A,Annual,Q,Constant prices,MEAN,Mean,_Z,Not applicable,2016,,243883.8,,2025,,A,Normal value,0,Units,0,Zero
DATAFLOW,OECD.ELS.SAE:DSD_EARNINGS@AV_AN_WAGE(1.0),Average annual wages,I,MEX,Mexico,WG,Wages,MXN,Mexican peso,A,Annual,Q,Constant prices,MEAN,Mean,_Z,Not applicable,2017,,240757.11,,2025,,A,Normal value,0,Units,0,Zero
DATAFLOW,OECD.ELS.SAE:DSD_EARNINGS@AV_AN_WAGE(1.0),Average annual wages,I,MEX,Mexico,WG,Wages,MXN,Mexican peso,A,Annual,Q,Constant prices,MEAN,Mean,_Z,Not applicable,2018,,241773.83,,2025,,A,Normal value,0,Units,0,Zero
DATAFLOW,OECD.ELS.SAE:DSD_EARNINGS@AV_AN_WAGE(1.0),Average annual wages,I,MEX,Mexico,WG,Wages,MXN,Mexican peso,A,Annual,Q,Constant prices,MEAN,Mean,_Z,Not applicable,2019,,245932.75,,2025,,A,Normal value,0,Units,0,Zero
DATAFLOW,OECD.ELS.SAE:DSD_EARNINGS@AV_AN_WAGE(1.0),Average annual wages,I,MEX,Mexico,WG,Wages,MXN,Mexican peso,A,Annual,Q,Constant prices,MEAN,Mean,_Z,Not applicable,2020,,254053.19,,2025,,A,Normal value,0,Units,0,Zero
DATAFLOW,OECD.ELS.SAE:DSD_EARNINGS@AV_AN_WAGE(1.0),Average annual wages,I,MEX,Mexico,WG,Wages,MXN,Mexican peso,A,Annual,Q,Constant prices,MEAN,Mean,_Z,Not applicable,2021,,250731.97,,2025,,A,Normal value,0,Units,0,Zero
DATAFLOW,OECD.ELS.SAE:DSD_EARNINGS@AV_AN_WAGE(1.0),Average annual wages,I,MEX,Mexico,WG,Wages,MXN,Mexican peso,A,Annual,Q,Constant prices,MEAN,Mean,_Z,Not applicable,2022,,247687.06,,2025,,A,Normal value,0,Units,0,Zero
DATAFLOW,OECD.ELS.SAE:DSD_EARNINGS@AV_AN_WAGE(1.0),Average annual wages,I,MEX,Mexico,WG,Wages,MXN,Mexican peso,A,Annual,Q,Constant prices,MEAN,Mean,_Z,Not applicable,2023,,261786.66,,2025,,A,Normal value,0,Units,0,Zero
DATAFLOW,OECD.ELS.SAE:DSD_EARNINGS@AV_AN_WAGE(1.0),Average annual wages,I,MEX,Mexico,WG,Wages,MXN,Mexican peso,A,Annual,Q,Constant prices,MEAN,Mean,_Z,Not applicable,2024,,272990.22,,2025,,A,Normal value,0,Units,0,Zero
DATAFLOW,OECD.ELS.SAE:DSD_EARNINGS@AV_AN_WAGE(1.0),Average annual wages,I,MEX,Mexico,WG,Wages,MXN,Mexican peso,A,Annual,Q,Constant prices,MEAN,Mean,_Z,Not applicable,2025,,276648.01,,2025,,A,Normal value,0,Units,0,Zero
DATAFLOW,OECD.ELS.SAE:DSD_EARNINGS@AV_AN_WAGE(1.0),Average annual wages,I,NZL,New Zealand,WG,Wages,NZD,New Zealand dollar,A,Annual,Q,Constant prices,MEAN,Mean,_Z,Not applicable,1990,,60420.968,,2025,,A,Normal value,0,Units,0,Zero
DATAFLOW,OECD.ELS.SAE:DSD_EARNINGS@AV_AN_WAGE(1.0),Average annual wages,I,NZL,New Zealand,WG,Wages,NZD,New Zealand dollar,A,Annual,Q,Constant prices,MEAN,Mean,_Z,Not applicable,1991,,58033.7,,2025,,A,Normal value,0,Units,0,Zero
DATAFLOW,OECD.ELS.SAE:DSD_EARNINGS@AV_AN_WAGE(1.0),Average annual wages,I,NZL,New Zealand,WG,Wages,NZD,New Zealand dollar,A,Annual,Q,Constant prices,MEAN,Mean,_Z,Not applicable,1992,,60593.875,,2025,,A,Normal value,0,Units,0,Zero
DATAFLOW,OECD.ELS.SAE:DSD_EARNINGS@AV_AN_WAGE(1.0),Average annual wages,I,NZL,New Zealand,WG,Wages,NZD,New Zealand dollar,A,Annual,Q,Constant prices,MEAN,Mean,_Z,Not applicable,1993,,62161.702,,2025,,A,Normal value,0,Units,0,Zero
DATAFLOW,OECD.ELS.SAE:DSD_EARNINGS@AV_AN_WAGE(1.0),Average annual wages,I,NZL,New Zealand,WG,Wages,NZD,New Zealand dollar,A,Annual,Q,Constant prices,MEAN,Mean,_Z,Not applicable,1994,,63260.277,,2025,,A,Normal value,0,Units,0,Zero
DATAFLOW,OECD.ELS.SAE:DSD_EARNINGS@AV_AN_WAGE(1.0),Average annual wages,I,NZL,New Zealand,WG,Wages,NZD,New Zealand dollar,A,Annual,Q,Constant prices,MEAN,Mean,_Z,Not applicable,1995,,62980.841,,2025,,A,Normal value,0,Units,0,Zero
DATAFLOW,OECD.ELS.SAE:DSD_EARNINGS@AV_AN_WAGE(1.0),Average annual wages,I,NZL,New Zealand,WG,Wages,NZD,New Zealand dollar,A,Annual,Q,Constant prices,MEAN,Mean,_Z,Not applicable,1996,,64012.896,,2025,,A,Normal value,0,Units,0,Zero
DATAFLOW,OECD.ELS.SAE:DSD_EARNINGS@AV_AN_WAGE(1.0),Average annual wages,I,NZL,New Zealand,WG,Wages,NZD,New Zealand dollar,A,Annual,Q,Constant prices,MEAN,Mean,_Z,Not applicable,1997,,65831.509,,2025,,A,Normal value,0,Units,0,Zero
DATAFLOW,OECD.ELS.SAE:DSD_EARNINGS@AV_AN_WAGE(1.0),Average annual wages,I,NZL,New Zealand,WG,Wages,NZD,New Zealand dollar,A,Annual,Q,Constant prices,MEAN,Mean,_Z,Not applicable,1998,,64751.372,,2025,,A,Normal value,0,Units,0,Zero
DATAFLOW,OECD.ELS.SAE:DSD_EARNINGS@AV_AN_WAGE(1.0),Average annual wages,I,NZL,New Zealand,WG,Wages,NZD,New Zealand dollar,A,Annual,Q,Constant prices,MEAN,Mean,_Z,Not applicable,1999,,63942.166,,2025,,A,Normal value,0,Units,0,Zero
DATAFLOW,OECD.ELS.SAE:DSD_EARNINGS@AV_AN_WAGE(1.0),Average annual wages,I,NZL,New Zealand,WG,Wages,NZD,New Zealand dollar,A,Annual,Q,Constant prices,MEAN,Mean,_Z,Not applicable,2000,,64199.53,,2025,,A,Normal value,0,Units,0,Zero
DATAFLOW,OECD.ELS.SAE:DSD_EARNINGS@AV_AN_WAGE(1.0),Average annual wages,I,NZL,New Zealand,WG,Wages,NZD,New Zealand dollar,A,Annual,Q,Constant prices,MEAN,Mean,_Z,Not applicable,2001,,65415.771,,2025,,A,Normal value,0,Units,0,Zero
DATAFLOW,OECD.ELS.SAE:DSD_EARNINGS@AV_AN_WAGE(1.0),Average annual wages,I,NZL,New Zealand,WG,Wages,NZD,New Zealand dollar,A,Annual,Q,Constant prices,MEAN,Mean,_Z,Not applicable,2002,,66625.317,,2025,,A,Normal value,0,Units,0,Zero
DATAFLOW,OECD.ELS.SAE:DSD_EARNINGS@AV_AN_WAGE(1.0),Average annual wages,I,NZL,New Zealand,WG,Wages,NZD,New Zealand dollar,A,Annual,Q,Constant prices,MEAN,Mean,_Z,Not applicable,2003,,69095.4,,2025,,A,Normal value,0,Units,0,Zero
DATAFLOW,OECD.ELS.SAE:DSD_EARNINGS@AV_AN_WAGE(1.0),Average annual wages,I,NZL,New Zealand,WG,Wages,NZD,New Zealand dollar,A,Annual,Q,Constant prices,MEAN,Mean,_Z,Not applicable,2004,,71514.982,,2025,,A,Normal value,0,Units,0,Zero
DATAFLOW,OECD.ELS.SAE:DSD_EARNINGS@AV_AN_WAGE(1.0),Average annual wages,I,NZL,New Zealand,WG,Wages,NZD,New Zealand dollar,A,Annual,Q,Constant prices,MEAN,Mean,_Z,Not applicable,2005,,72724.998,,2025,,A,Normal value,0,Units,0,Zero
DATAFLOW,OECD.ELS.SAE:DSD_EARNINGS@AV_AN_WAGE(1.0),Average annual wages,I,NZL,New Zealand,WG,Wages,NZD,New Zealand dollar,A,Annual,Q,Constant prices,MEAN,Mean,_Z,Not applicable,2006,,73170.982,,2025,,A,Normal value,0,Units,0,Zero
DATAFLOW,OECD.ELS.SAE:DSD_EARNINGS@AV_AN_WAGE(1.0),Average annual wages,I,NZL,New Zealand,WG,Wages,NZD,New Zealand dollar,A,Annual,Q,Constant prices,MEAN,Mean,_Z,Not applicable,2007,,77444.849,,2025,,A,Normal value,0,Units,0,Zero
DATAFLOW,OECD.ELS.SAE:DSD_EARNINGS@AV_AN_WAGE(1.0),Average annual wages,I,NZL,New Zealand,WG,Wages,NZD,New Zealand dollar,A,Annual,Q,Constant prices,MEAN,Mean,_Z,Not applicable,2008,,76547.248,,2025,,A,Normal value,0,Units,0,Zero
DATAFLOW,OECD.ELS.SAE:DSD_EARNINGS@AV_AN_WAGE(1.0),Average annual wages,I,NZL,New Zealand,WG,Wages,NZD,New Zealand dollar,A,Annual,Q,Constant prices,MEAN,Mean,_Z,Not applicable,2009,,77479.967,,2025,,A,Normal value,0,Units,0,Zero
DATAFLOW,OECD.ELS.SAE:DSD_EARNINGS@AV_AN_WAGE(1.0),Average annual wages,I,NZL,New Zealand,WG,Wages,NZD,New Zealand dollar,A,Annual,Q,Constant prices,MEAN,Mean,_Z,Not applicable,2010,,78328.634,,2025,,A,Normal value,0,Units,0,Zero
DATAFLOW,OECD.ELS.SAE:DSD_EARNINGS@AV_AN_WAGE(1.0),Average annual wages,I,NZL,New Zealand,WG,Wages,NZD,New Zealand dollar,A,Annual,Q,Constant prices,MEAN,Mean,_Z,Not applicable,2011,,78271.418,,2025,,A,Normal value,0,Units,0,Zero
DATAFLOW,OECD.ELS.SAE:DSD_EARNINGS@AV_AN_WAGE(1.0),Average annual wages,I,NZL,New Zealand,WG,Wages,NZD,New Zealand dollar,A,Annual,Q,Constant prices,MEAN,Mean,_Z,Not applicable,2012,,79963.213,,2025,,A,Normal value,0,Units,0,Zero
DATAFLOW,OECD.ELS.SAE:DSD_EARNINGS@AV_AN_WAGE(1.0),Average annual wages,I,NZL,New Zealand,WG,Wages,NZD,New Zealand dollar,A,Annual,Q,Constant prices,MEAN,Mean,_Z,Not applicable,2013,,78889.765,,2025,,A,Normal value,0,Units,0,Zero
DATAFLOW,OECD.ELS.SAE:DSD_EARNINGS@AV_AN_WAGE(1.0),Average annual wages,I,NZL,New Zealand,WG,Wages,NZD,New Zealand dollar,A,Annual,Q,Constant prices,MEAN,Mean,_Z,Not applicable,2014,,79197.439,,2025,,A,Normal value,0,Units,0,Zero
DATAFLOW,OECD.ELS.SAE:DSD_EARNINGS@AV_AN_WAGE(1.0),Average annual wages,I,NZL,New Zealand,WG,Wages,NZD,New Zealand dollar,A,Annual,Q,Constant prices,MEAN,Mean,_Z,Not applicable,2015,,80623.491,,2025,,A,Normal value,0,Units,0,Zero
DATAFLOW,OECD.ELS.SAE:DSD_EARNINGS@AV_AN_WAGE(1.0),Average annual wages,I,NZL,New Zealand,WG,Wages,NZD,New Zealand dollar,A,Annual,Q,Constant prices,MEAN,Mean,_Z,Not applicable,2016,,83247.791,,2025,,A,Normal value,0,Units,0,Zero
DATAFLOW,OECD.ELS.SAE:DSD_EARNINGS@AV_AN_WAGE(1.0),Average annual wages,I,NZL,New Zealand,WG,Wages,NZD,New Zealand dollar,A,Annual,Q,Constant prices,MEAN,Mean,_Z,Not applicable,2017,,83819.193,,2025,,A,Normal value,0,Units,0,Zero
DATAFLOW,OECD.ELS.SAE:DSD_EARNINGS@AV_AN_WAGE(1.0),Average annual wages,I,NZL,New Zealand,WG,Wages,NZD,New Zealand dollar,A,Annual,Q,Constant prices,MEAN,Mean,_Z,Not applicable,2018,,85908.101,,2025,,A,Normal value,0,Units,0,Zero
DATAFLOW,OECD.ELS.SAE:DSD_EARNINGS@AV_AN_WAGE(1.0),Average annual wages,I,NZL,New Zealand,WG,Wages,NZD,New Zealand dollar,A,Annual,Q,Constant prices,MEAN,Mean,_Z,Not applicable,2019,,88433.204,,2025,,A,Normal value,0,Units,0,Zero
DATAFLOW,OECD.ELS.SAE:DSD_EARNINGS@AV_AN_WAGE(1.0),Average annual wages,I,NZL,New Zealand,WG,Wages,NZD,New Zealand dollar,A,Annual,Q,Constant prices,MEAN,Mean,_Z,Not applicable,2020,,90761.413,,2025,,A,Normal value,0,Units,0,Zero
DATAFLOW,OECD.ELS.SAE:DSD_EARNINGS@AV_AN_WAGE(1.0),Average annual wages,I,NZL,New Zealand,WG,Wages,NZD,New Zealand dollar,A,Annual,Q,Constant prices,MEAN,Mean,_Z,Not applicable,2021,,94854.979,,2025,,A,Normal value,0,Units,0,Zero
DATAFLOW,OECD.ELS.SAE:DSD_EARNINGS@AV_AN_WAGE(1.0),Average annual wages,I,NZL,New Zealand,WG,Wages,NZD,New Zealand dollar,A,Annual,Q,Constant prices,MEAN,Mean,_Z,Not applicable,2022,,93009.752,,2025,,A,Normal value,0,Units,0,Zero
DATAFLOW,OECD.ELS.SAE:DSD_EARNINGS@AV_AN_WAGE(1.0),Average annual wages,I,NZL,New Zealand,WG,Wages,NZD,New Zealand dollar,A,Annual,Q,Constant prices,MEAN,Mean,_Z,Not applicable,2023,,91921.231,,2025,,A,Normal value,0,Units,0,Zero
DATAFLOW,OECD.ELS.SAE:DSD_EARNINGS@AV_AN_WAGE(1.0),Average annual wages,I,NZL,New Zealand,WG,Wages,NZD,New Zealand dollar,A,Annual,Q,Constant prices,MEAN,Mean,_Z,Not applicable,2024,,92461.891,,2025,,A,Normal value,0,Units,0,Zero
DATAFLOW,OECD.ELS.SAE:DSD_EARNINGS@AV_AN_WAGE(1.0),Average annual wages,I,NZL,New Zealand,WG,Wages,NZD,New Zealand dollar,A,Annual,Q,Constant prices,MEAN,Mean,_Z,Not applicable,2025,,93115.631,,2025,,A,Normal value,0,Units,0,Zero
DATAFLOW,OECD.ELS.SAE:DSD_EARNINGS@AV_AN_WAGE(1.0),Average annual wages,I,NOR,Norway,WG,Wages,NOK,Norwegian krone,A,Annual,Q,Constant prices,MEAN,Mean,_Z,Not applicable,1990,,384046.05,,2025,,A,Normal value,0,Units,0,Zero
DATAFLOW,OECD.ELS.SAE:DSD_EARNINGS@AV_AN_WAGE(1.0),Average annual wages,I,NOR,Norway,WG,Wages,NOK,Norwegian krone,A,Annual,Q,Constant prices,MEAN,Mean,_Z,Not applicable,1991,,388249.63,,2025,,A,Normal value,0,Units,0,Zero
DATAFLOW,OECD.ELS.SAE:DSD_EARNINGS@AV_AN_WAGE(1.0),Average annual wages,I,NOR,Norway,WG,Wages,NOK,Norwegian krone,A,Annual,Q,Constant prices,MEAN,Mean,_Z,Not applicable,1992,,393201.39,,2025,,A,Normal value,0,Units,0,Zero
DATAFLOW,OECD.ELS.SAE:DSD_EARNINGS@AV_AN_WAGE(1.0),Average annual wages,I,NOR,Norway,WG,Wages,NOK,Norwegian krone,A,Annual,Q,Constant prices,MEAN,Mean,_Z,Not applicable,1993,,396929.99,,2025,,A,Normal value,0,Units,0,Zero
DATAFLOW,OECD.ELS.SAE:DSD_EARNINGS@AV_AN_WAGE(1.0),Average annual wages,I,NOR,Norway,WG,Wages,NOK,Norwegian krone,A,Annual,Q,Constant prices,MEAN,Mean,_Z,Not applicable,1994,,404991.96,,2025,,A,Normal value,0,Units,0,Zero
DATAFLOW,OECD.ELS.SAE:DSD_EARNINGS@AV_AN_WAGE(1.0),Average annual wages,I,NOR,Norway,WG,Wages,NOK,Norwegian krone,A,Annual,Q,Constant prices,MEAN,Mean,_Z,Not applicable,1995,,408802,,2025,,A,Normal value,0,Units,0,Zero
DATAFLOW,OECD.ELS.SAE:DSD_EARNINGS@AV_AN_WAGE(1.0),Average annual wages,I,NOR,Norway,WG,Wages,NOK,Norwegian krone,A,Annual,Q,Constant prices,MEAN,Mean,_Z,Not applicable,1996,,421066.11,,2025,,A,Normal value,0,Units,0,Zero
DATAFLOW,OECD.ELS.SAE:DSD_EARNINGS@AV_AN_WAGE(1.0),Average annual wages,I,NOR,Norway,WG,Wages,NOK,Norwegian krone,A,Annual,Q,Constant prices,MEAN,Mean,_Z,Not applicable,1997,,430383.56,,2025,,A,Normal value,0,Units,0,Zero
DATAFLOW,OECD.ELS.SAE:DSD_EARNINGS@AV_AN_WAGE(1.0),Average annual wages,I,NOR,Norway,WG,Wages,NOK,Norwegian krone,A,Annual,Q,Constant prices,MEAN,Mean,_Z,Not applicable,1998,,446058.7,,2025,,A,Normal value,0,Units,0,Zero
DATAFLOW,OECD.ELS.SAE:DSD_EARNINGS@AV_AN_WAGE(1.0),Average annual wages,I,NOR,Norway,WG,Wages,NOK,Norwegian krone,A,Annual,Q,Constant prices,MEAN,Mean,_Z,Not applicable,1999,,460571.6,,2025,,A,Normal value,0,Units,0,Zero
DATAFLOW,OECD.ELS.SAE:DSD_EARNINGS@AV_AN_WAGE(1.0),Average annual wages,I,NOR,Norway,WG,Wages,NOK,Norwegian krone,A,Annual,Q,Constant prices,MEAN,Mean,_Z,Not applicable,2000,,464614.06,,2025,,A,Normal value,0,Units,0,Zero
DATAFLOW,OECD.ELS.SAE:DSD_EARNINGS@AV_AN_WAGE(1.0),Average annual wages,I,NOR,Norway,WG,Wages,NOK,Norwegian krone,A,Annual,Q,Constant prices,MEAN,Mean,_Z,Not applicable,2001,,477304.92,,2025,,A,Normal value,0,Units,0,Zero
DATAFLOW,OECD.ELS.SAE:DSD_EARNINGS@AV_AN_WAGE(1.0),Average annual wages,I,NOR,Norway,WG,Wages,NOK,Norwegian krone,A,Annual,Q,Constant prices,MEAN,Mean,_Z,Not applicable,2002,,494285.55,,2025,,A,Normal value,0,Units,0,Zero
DATAFLOW,OECD.ELS.SAE:DSD_EARNINGS@AV_AN_WAGE(1.0),Average annual wages,I,NOR,Norway,WG,Wages,NOK,Norwegian krone,A,Annual,Q,Constant prices,MEAN,Mean,_Z,Not applicable,2003,,500242.96,,2025,,A,Normal value,0,Units,0,Zero
DATAFLOW,OECD.ELS.SAE:DSD_EARNINGS@AV_AN_WAGE(1.0),Average annual wages,I,NOR,Norway,WG,Wages,NOK,Norwegian krone,A,Annual,Q,Constant prices,MEAN,Mean,_Z,Not applicable,2004,,516135.47,,2025,,A,Normal value,0,Units,0,Zero
DATAFLOW,OECD.ELS.SAE:DSD_EARNINGS@AV_AN_WAGE(1.0),Average annual wages,I,NOR,Norway,WG,Wages,NOK,Norwegian krone,A,Annual,Q,Constant prices,MEAN,Mean,_Z,Not applicable,2005,,530510.46,,2025,,A,Normal value,0,Units,0,Zero
DATAFLOW,OECD.ELS.SAE:DSD_EARNINGS@AV_AN_WAGE(1.0),Average annual wages,I,NOR,Norway,WG,Wages,NOK,Norwegian krone,A,Annual,Q,Constant prices,MEAN,Mean,_Z,Not applicable,2006,,550753.48,,2025,,A,Normal value,0,Units,0,Zero
DATAFLOW,OECD.ELS.SAE:DSD_EARNINGS@AV_AN_WAGE(1.0),Average annual wages,I,NOR,Norway,WG,Wages,NOK,Norwegian krone,A,Annual,Q,Constant prices,MEAN,Mean,_Z,Not applicable,2007,,574546.09,,2025,,A,Normal value,0,Units,0,Zero
DATAFLOW,OECD.ELS.SAE:DSD_EARNINGS@AV_AN_WAGE(1.0),Average annual wages,I,NOR,Norway,WG,Wages,NOK,Norwegian krone,A,Annual,Q,Constant prices,MEAN,Mean,_Z,Not applicable,2008,,586868.87,,2025,,A,Normal value,0,Units,0,Zero
DATAFLOW,OECD.ELS.SAE:DSD_EARNINGS@AV_AN_WAGE(1.0),Average annual wages,I,NOR,Norway,WG,Wages,NOK,Norwegian krone,A,Annual,Q,Constant prices,MEAN,Mean,_Z,Not applicable,2009,,594990.13,,2025,,A,Normal value,0,Units,0,Zero
DATAFLOW,OECD.ELS.SAE:DSD_EARNINGS@AV_AN_WAGE(1.0),Average annual wages,I,NOR,Norway,WG,Wages,NOK,Norwegian krone,A,Annual,Q,Constant prices,MEAN,Mean,_Z,Not applicable,2010,,604498.09,,2025,,A,Normal value,0,Units,0,Zero
DATAFLOW,OECD.ELS.SAE:DSD_EARNINGS@AV_AN_WAGE(1.0),Average annual wages,I,NOR,Norway,WG,Wages,NOK,Norwegian krone,A,Annual,Q,Constant prices,MEAN,Mean,_Z,Not applicable,2011,,626573.85,,2025,,A,Normal value,0,Units,0,Zero
DATAFLOW,OECD.ELS.SAE:DSD_EARNINGS@AV_AN_WAGE(1.0),Average annual wages,I,NOR,Norway,WG,Wages,NOK,Norwegian krone,A,Annual,Q,Constant prices,MEAN,Mean,_Z,Not applicable,2012,,644802.01,,2025,,A,Normal value,0,Units,0,Zero
DATAFLOW,OECD.ELS.SAE:DSD_EARNINGS@AV_AN_WAGE(1.0),Average annual wages,I,NOR,Norway,WG,Wages,NOK,Norwegian krone,A,Annual,Q,Constant prices,MEAN,Mean,_Z,Not applicable,2013,,659186.99,,2025,,A,Normal value,0,Units,0,Zero
DATAFLOW,OECD.ELS.SAE:DSD_EARNINGS@AV_AN_WAGE(1.0),Average annual wages,I,NOR,Norway,WG,Wages,NOK,Norwegian krone,A,Annual,Q,Constant prices,MEAN,Mean,_Z,Not applicable,2014,,664971.14,,2025,,A,Normal value,0,Units,0,Zero
DATAFLOW,OECD.ELS.SAE:DSD_EARNINGS@AV_AN_WAGE(1.0),Average annual wages,I,NOR,Norway,WG,Wages,NOK,Norwegian krone,A,Annual,Q,Constant prices,MEAN,Mean,_Z,Not applicable,2015,,671363.19,,2025,,A,Normal value,0,Units,0,Zero
DATAFLOW,OECD.ELS.SAE:DSD_EARNINGS@AV_AN_WAGE(1.0),Average annual wages,I,NOR,Norway,WG,Wages,NOK,Norwegian krone,A,Annual,Q,Constant prices,MEAN,Mean,_Z,Not applicable,2016,,661900.83,,2025,,A,Normal value,0,Units,0,Zero
DATAFLOW,OECD.ELS.SAE:DSD_EARNINGS@AV_AN_WAGE(1.0),Average annual wages,I,NOR,Norway,WG,Wages,NOK,Norwegian krone,A,Annual,Q,Constant prices,MEAN,Mean,_Z,Not applicable,2017,,663522.56,,2025,,A,Normal value,0,Units,0,Zero
DATAFLOW,OECD.ELS.SAE:DSD_EARNINGS@AV_AN_WAGE(1.0),Average annual wages,I,NOR,Norway,WG,Wages,NOK,Norwegian krone,A,Annual,Q,Constant prices,MEAN,Mean,_Z,Not applicable,2018,,670598.59,,2025,,A,Normal value,0,Units,0,Zero
DATAFLOW,OECD.ELS.SAE:DSD_EARNINGS@AV_AN_WAGE(1.0),Average annual wages,I,NOR,Norway,WG,Wages,NOK,Norwegian krone,A,Annual,Q,Constant prices,MEAN,Mean,_Z,Not applicable,2019,,687548.32,,2025,,A,Normal value,0,Units,0,Zero
DATAFLOW,OECD.ELS.SAE:DSD_EARNINGS@AV_AN_WAGE(1.0),Average annual wages,I,NOR,Norway,WG,Wages,NOK,Norwegian krone,A,Annual,Q,Constant prices,MEAN,Mean,_Z,Not applicable,2020,,693406.98,,2025,,A,Normal value,0,Units,0,Zero
DATAFLOW,OECD.ELS.SAE:DSD_EARNINGS@AV_AN_WAGE(1.0),Average annual wages,I,NOR,Norway,WG,Wages,NOK,Norwegian krone,A,Annual,Q,Constant prices,MEAN,Mean,_Z,Not applicable,2021,,717105.41,,2025,,A,Normal value,0,Units,0,Zero
DATAFLOW,OECD.ELS.SAE:DSD_EARNINGS@AV_AN_WAGE(1.0),Average annual wages,I,NOR,Norway,WG,Wages,NOK,Norwegian krone,A,Annual,Q,Constant prices,MEAN,Mean,_Z,Not applicable,2022,,713191.83,,2025,,A,Normal value,0,Units,0,Zero
DATAFLOW,OECD.ELS.SAE:DSD_EARNINGS@AV_AN_WAGE(1.0),Average annual wages,I,NOR,Norway,WG,Wages,NOK,Norwegian krone,A,Annual,Q,Constant prices,MEAN,Mean,_Z,Not applicable,2023,,713852.93,,2025,,A,Normal value,0,Units,0,Zero
DATAFLOW,OECD.ELS.SAE:DSD_EARNINGS@AV_AN_WAGE(1.0),Average annual wages,I,NOR,Norway,WG,Wages,NOK,Norwegian krone,A,Annual,Q,Constant prices,MEAN,Mean,_Z,Not applicable,2024,,723035.76,,2025,,A,Normal value,0,Units,0,Zero
DATAFLOW,OECD.ELS.SAE:DSD_EARNINGS@AV_AN_WAGE(1.0),Average annual wages,I,NOR,Norway,WG,Wages,NOK,Norwegian krone,A,Annual,Q,Constant prices,MEAN,Mean,_Z,Not applicable,2025,,734712.49,,2025,,A,Normal value,0,Units,0,Zero
DATAFLOW,OECD.ELS.SAE:DSD_EARNINGS@AV_AN_WAGE(1.0),Average annual wages,I,POL,Poland,WG,Wages,PLN,Zloty,A,Annual,Q,Constant prices,MEAN,Mean,_Z,Not applicable,1995,,45125.569,,2025,,A,Normal value,0,Units,0,Zero
DATAFLOW,OECD.ELS.SAE:DSD_EARNINGS@AV_AN_WAGE(1.0),Average annual wages,I,POL,Poland,WG,Wages,PLN,Zloty,A,Annual,Q,Constant prices,MEAN,Mean,_Z,Not applicable,1996,,48731.214,,2025,,A,Normal value,0,Units,0,Zero
DATAFLOW,OECD.ELS.SAE:DSD_EARNINGS@AV_AN_WAGE(1.0),Average annual wages,I,POL,Poland,WG,Wages,PLN,Zloty,A,Annual,Q,Constant prices,MEAN,Mean,_Z,Not applicable,1997,,51214.423,,2025,,A,Normal value,0,Units,0,Zero
DATAFLOW,OECD.ELS.SAE:DSD_EARNINGS@AV_AN_WAGE(1.0),Average annual wages,I,POL,Poland,WG,Wages,PLN,Zloty,A,Annual,Q,Constant prices,MEAN,Mean,_Z,Not applicable,1998,,52660.447,,2025,,A,Normal value,0,Units,0,Zero
DATAFLOW,OECD.ELS.SAE:DSD_EARNINGS@AV_AN_WAGE(1.0),Average annual wages,I,POL,Poland,WG,Wages,PLN,Zloty,A,Annual,Q,Constant prices,MEAN,Mean,_Z,Not applicable,1999,,57220.985,,2025,,A,Normal value,0,Units,0,Zero
DATAFLOW,OECD.ELS.SAE:DSD_EARNINGS@AV_AN_WAGE(1.0),Average annual wages,I,POL,Poland,WG,Wages,PLN,Zloty,A,Annual,Q,Constant prices,MEAN,Mean,_Z,Not applicable,2000,,57656.332,,2025,,A,Normal value,0,Units,0,Zero
DATAFLOW,OECD.ELS.SAE:DSD_EARNINGS@AV_AN_WAGE(1.0),Average annual wages,I,POL,Poland,WG,Wages,PLN,Zloty,A,Annual,Q,Constant prices,MEAN,Mean,_Z,Not applicable,2001,,60900.245,,2025,,A,Normal value,0,Units,0,Zero
DATAFLOW,OECD.ELS.SAE:DSD_EARNINGS@AV_AN_WAGE(1.0),Average annual wages,I,POL,Poland,WG,Wages,PLN,Zloty,A,Annual,Q,Constant prices,MEAN,Mean,_Z,Not applicable,2002,,60673.133,,2025,,A,Normal value,0,Units,0,Zero
DATAFLOW,OECD.ELS.SAE:DSD_EARNINGS@AV_AN_WAGE(1.0),Average annual wages,I,POL,Poland,WG,Wages,PLN,Zloty,A,Annual,Q,Constant prices,MEAN,Mean,_Z,Not applicable,2003,,61416.136,,2025,,A,Normal value,0,Units,0,Zero
DATAFLOW,OECD.ELS.SAE:DSD_EARNINGS@AV_AN_WAGE(1.0),Average annual wages,I,POL,Poland,WG,Wages,PLN,Zloty,A,Annual,Q,Constant prices,MEAN,Mean,_Z,Not applicable,2004,,60249.073,,2025,,A,Normal value,0,Units,0,Zero
DATAFLOW,OECD.ELS.SAE:DSD_EARNINGS@AV_AN_WAGE(1.0),Average annual wages,I,POL,Poland,WG,Wages,PLN,Zloty,A,Annual,Q,Constant prices,MEAN,Mean,_Z,Not applicable,2005,,60006.567,,2025,,A,Normal value,0,Units,0,Zero
DATAFLOW,OECD.ELS.SAE:DSD_EARNINGS@AV_AN_WAGE(1.0),Average annual wages,I,POL,Poland,WG,Wages,PLN,Zloty,A,Annual,Q,Constant prices,MEAN,Mean,_Z,Not applicable,2006,,60556.045,,2025,,A,Normal value,0,Units,0,Zero
DATAFLOW,OECD.ELS.SAE:DSD_EARNINGS@AV_AN_WAGE(1.0),Average annual wages,I,POL,Poland,WG,Wages,PLN,Zloty,A,Annual,Q,Constant prices,MEAN,Mean,_Z,Not applicable,2007,,62303.869,,2025,,A,Normal value,0,Units,0,Zero
DATAFLOW,OECD.ELS.SAE:DSD_EARNINGS@AV_AN_WAGE(1.0),Average annual wages,I,POL,Poland,WG,Wages,PLN,Zloty,A,Annual,Q,Constant prices,MEAN,Mean,_Z,Not applicable,2008,,65509.532,,2025,,A,Normal value,0,Units,0,Zero
DATAFLOW,OECD.ELS.SAE:DSD_EARNINGS@AV_AN_WAGE(1.0),Average annual wages,I,POL,Poland,WG,Wages,PLN,Zloty,A,Annual,Q,Constant prices,MEAN,Mean,_Z,Not applicable,2009,,65399.182,,2025,,A,Normal value,0,Units,0,Zero
DATAFLOW,OECD.ELS.SAE:DSD_EARNINGS@AV_AN_WAGE(1.0),Average annual wages,I,POL,Poland,WG,Wages,PLN,Zloty,A,Annual,Q,Constant prices,MEAN,Mean,_Z,Not applicable,2010,,67584.243,,2025,,A,Normal value,0,Units,0,Zero
DATAFLOW,OECD.ELS.SAE:DSD_EARNINGS@AV_AN_WAGE(1.0),Average annual wages,I,POL,Poland,WG,Wages,PLN,Zloty,A,Annual,Q,Constant prices,MEAN,Mean,_Z,Not applicable,2011,,68018.533,,2025,,A,Normal value,0,Units,0,Zero
DATAFLOW,OECD.ELS.SAE:DSD_EARNINGS@AV_AN_WAGE(1.0),Average annual wages,I,POL,Poland,WG,Wages,PLN,Zloty,A,Annual,Q,Constant prices,MEAN,Mean,_Z,Not applicable,2012,,67405.02,,2025,,A,Normal value,0,Units,0,Zero
DATAFLOW,OECD.ELS.SAE:DSD_EARNINGS@AV_AN_WAGE(1.0),Average annual wages,I,POL,Poland,WG,Wages,PLN,Zloty,A,Annual,Q,Constant prices,MEAN,Mean,_Z,Not applicable,2013,,68086.716,,2025,,A,Normal value,0,Units,0,Zero
DATAFLOW,OECD.ELS.SAE:DSD_EARNINGS@AV_AN_WAGE(1.0),Average annual wages,I,POL,Poland,WG,Wages,PLN,Zloty,A,Annual,Q,Constant prices,MEAN,Mean,_Z,Not applicable,2014,,69603.958,,2025,,A,Normal value,0,Units,0,Zero
DATAFLOW,OECD.ELS.SAE:DSD_EARNINGS@AV_AN_WAGE(1.0),Average annual wages,I,POL,Poland,WG,Wages,PLN,Zloty,A,Annual,Q,Constant prices,MEAN,Mean,_Z,Not applicable,2015,,71284.022,,2025,,A,Normal value,0,Units,0,Zero
DATAFLOW,OECD.ELS.SAE:DSD_EARNINGS@AV_AN_WAGE(1.0),Average annual wages,I,POL,Poland,WG,Wages,PLN,Zloty,A,Annual,Q,Constant prices,MEAN,Mean,_Z,Not applicable,2016,,75051.502,,2025,,A,Normal value,0,Units,0,Zero
DATAFLOW,OECD.ELS.SAE:DSD_EARNINGS@AV_AN_WAGE(1.0),Average annual wages,I,POL,Poland,WG,Wages,PLN,Zloty,A,Annual,Q,Constant prices,MEAN,Mean,_Z,Not applicable,2017,,78111.855,,2025,,A,Normal value,0,Units,0,Zero
DATAFLOW,OECD.ELS.SAE:DSD_EARNINGS@AV_AN_WAGE(1.0),Average annual wages,I,POL,Poland,WG,Wages,PLN,Zloty,A,Annual,Q,Constant prices,MEAN,Mean,_Z,Not applicable,2018,,83159.337,,2025,,A,Normal value,0,Units,0,Zero
DATAFLOW,OECD.ELS.SAE:DSD_EARNINGS@AV_AN_WAGE(1.0),Average annual wages,I,POL,Poland,WG,Wages,PLN,Zloty,A,Annual,Q,Constant prices,MEAN,Mean,_Z,Not applicable,2019,,85816.858,,2025,,A,Normal value,0,Units,0,Zero
DATAFLOW,OECD.ELS.SAE:DSD_EARNINGS@AV_AN_WAGE(1.0),Average annual wages,I,POL,Poland,WG,Wages,PLN,Zloty,A,Annual,Q,Constant prices,MEAN,Mean,_Z,Not applicable,2020,,87022.63,,2025,,A,Normal value,0,Units,0,Zero
DATAFLOW,OECD.ELS.SAE:DSD_EARNINGS@AV_AN_WAGE(1.0),Average annual wages,I,POL,Poland,WG,Wages,PLN,Zloty,A,Annual,Q,Constant prices,MEAN,Mean,_Z,Not applicable,2021,,86500.303,,2025,,A,Normal value,0,Units,0,Zero
DATAFLOW,OECD.ELS.SAE:DSD_EARNINGS@AV_AN_WAGE(1.0),Average annual wages,I,POL,Poland,WG,Wages,PLN,Zloty,A,Annual,Q,Constant prices,MEAN,Mean,_Z,Not applicable,2022,,85185.095,,2025,,A,Normal value,0,Units,0,Zero
DATAFLOW,OECD.ELS.SAE:DSD_EARNINGS@AV_AN_WAGE(1.0),Average annual wages,I,POL,Poland,WG,Wages,PLN,Zloty,A,Annual,Q,Constant prices,MEAN,Mean,_Z,Not applicable,2023,,88927.868,,2025,,A,Normal value,0,Units,0,Zero
DATAFLOW,OECD.ELS.SAE:DSD_EARNINGS@AV_AN_WAGE(1.0),Average annual wages,I,POL,Poland,WG,Wages,PLN,Zloty,A,Annual,Q,Constant prices,MEAN,Mean,_Z,Not applicable,2024,,96795.527,,2025,,A,Normal value,0,Units,0,Zero
DATAFLOW,OECD.ELS.SAE:DSD_EARNINGS@AV_AN_WAGE(1.0),Average annual wages,I,POL,Poland,WG,Wages,PLN,Zloty,A,Annual,Q,Constant prices,MEAN,Mean,_Z,Not applicable,2025,,101247.58,,2025,,A,Normal value,0,Units,0,Zero
DATAFLOW,OECD.ELS.SAE:DSD_EARNINGS@AV_AN_WAGE(1.0),Average annual wages,I,SWE,Sweden,WG,Wages,SEK,Swedish krona,A,Annual,Q,Constant prices,MEAN,Mean,_Z,Not applicable,1990,,339741.7,,2025,,A,Normal value,0,Units,0,Zero
DATAFLOW,OECD.ELS.SAE:DSD_EARNINGS@AV_AN_WAGE(1.0),Average annual wages,I,SWE,Sweden,WG,Wages,SEK,Swedish krona,A,Annual,Q,Constant prices,MEAN,Mean,_Z,Not applicable,1991,,323564.89,,2025,,A,Normal value,0,Units,0,Zero
DATAFLOW,OECD.ELS.SAE:DSD_EARNINGS@AV_AN_WAGE(1.0),Average annual wages,I,SWE,Sweden,WG,Wages,SEK,Swedish krona,A,Annual,Q,Constant prices,MEAN,Mean,_Z,Not applicable,1992,,333703.94,,2025,,A,Normal value,0,Units,0,Zero
DATAFLOW,OECD.ELS.SAE:DSD_EARNINGS@AV_AN_WAGE(1.0),Average annual wages,I,SWE,Sweden,WG,Wages,SEK,Swedish krona,A,Annual,Q,Constant prices,MEAN,Mean,_Z,Not applicable,1993,,329331.57,,2025,,A,Normal value,0,Units,0,Zero
DATAFLOW,OECD.ELS.SAE:DSD_EARNINGS@AV_AN_WAGE(1.0),Average annual wages,I,SWE,Sweden,WG,Wages,SEK,Swedish krona,A,Annual,Q,Constant prices,MEAN,Mean,_Z,Not applicable,1994,,337285.01,,2025,,A,Normal value,0,Units,0,Zero
DATAFLOW,OECD.ELS.SAE:DSD_EARNINGS@AV_AN_WAGE(1.0),Average annual wages,I,SWE,Sweden,WG,Wages,SEK,Swedish krona,A,Annual,Q,Constant prices,MEAN,Mean,_Z,Not applicable,1995,,338402.4,,2025,,A,Normal value,0,Units,0,Zero
DATAFLOW,OECD.ELS.SAE:DSD_EARNINGS@AV_AN_WAGE(1.0),Average annual wages,I,SWE,Sweden,WG,Wages,SEK,Swedish krona,A,Annual,Q,Constant prices,MEAN,Mean,_Z,Not applicable,1996,,357953.9,,2025,,A,Normal value,0,Units,0,Zero
DATAFLOW,OECD.ELS.SAE:DSD_EARNINGS@AV_AN_WAGE(1.0),Average annual wages,I,SWE,Sweden,WG,Wages,SEK,Swedish krona,A,Annual,Q,Constant prices,MEAN,Mean,_Z,Not applicable,1997,,372729.72,,2025,,A,Normal value,0,Units,0,Zero
DATAFLOW,OECD.ELS.SAE:DSD_EARNINGS@AV_AN_WAGE(1.0),Average annual wages,I,SWE,Sweden,WG,Wages,SEK,Swedish krona,A,Annual,Q,Constant prices,MEAN,Mean,_Z,Not applicable,1998,,385114.37,,2025,,A,Normal value,0,Units,0,Zero
DATAFLOW,OECD.ELS.SAE:DSD_EARNINGS@AV_AN_WAGE(1.0),Average annual wages,I,SWE,Sweden,WG,Wages,SEK,Swedish krona,A,Annual,Q,Constant prices,MEAN,Mean,_Z,Not applicable,1999,,393252.6,,2025,,A,Normal value,0,Units,0,Zero
DATAFLOW,OECD.ELS.SAE:DSD_EARNINGS@AV_AN_WAGE(1.0),Average annual wages,I,SWE,Sweden,WG,Wages,SEK,Swedish krona,A,Annual,Q,Constant prices,MEAN,Mean,_Z,Not applicable,2000,,407672.61,,2025,,A,Normal value,0,Units,0,Zero
DATAFLOW,OECD.ELS.SAE:DSD_EARNINGS@AV_AN_WAGE(1.0),Average annual wages,I,SWE,Sweden,WG,Wages,SEK,Swedish krona,A,Annual,Q,Constant prices,MEAN,Mean,_Z,Not applicable,2001,,412459.08,,2025,,A,Normal value,0,Units,0,Zero
DATAFLOW,OECD.ELS.SAE:DSD_EARNINGS@AV_AN_WAGE(1.0),Average annual wages,I,SWE,Sweden,WG,Wages,SEK,Swedish krona,A,Annual,Q,Constant prices,MEAN,Mean,_Z,Not applicable,2002,,417641.71,,2025,,A,Normal value,0,Units,0,Zero
DATAFLOW,OECD.ELS.SAE:DSD_EARNINGS@AV_AN_WAGE(1.0),Average annual wages,I,SWE,Sweden,WG,Wages,SEK,Swedish krona,A,Annual,Q,Constant prices,MEAN,Mean,_Z,Not applicable,2003,,420904.15,,2025,,A,Normal value,0,Units,0,Zero
DATAFLOW,OECD.ELS.SAE:DSD_EARNINGS@AV_AN_WAGE(1.0),Average annual wages,I,SWE,Sweden,WG,Wages,SEK,Swedish krona,A,Annual,Q,Constant prices,MEAN,Mean,_Z,Not applicable,2004,,434596.03,,2025,,A,Normal value,0,Units,0,Zero
DATAFLOW,OECD.ELS.SAE:DSD_EARNINGS@AV_AN_WAGE(1.0),Average annual wages,I,SWE,Sweden,WG,Wages,SEK,Swedish krona,A,Annual,Q,Constant prices,MEAN,Mean,_Z,Not applicable,2005,,445307.68,,2025,,A,Normal value,0,Units,0,Zero
DATAFLOW,OECD.ELS.SAE:DSD_EARNINGS@AV_AN_WAGE(1.0),Average annual wages,I,SWE,Sweden,WG,Wages,SEK,Swedish krona,A,Annual,Q,Constant prices,MEAN,Mean,_Z,Not applicable,2006,,457927.6,,2025,,A,Normal value,0,Units,0,Zero
DATAFLOW,OECD.ELS.SAE:DSD_EARNINGS@AV_AN_WAGE(1.0),Average annual wages,I,SWE,Sweden,WG,Wages,SEK,Swedish krona,A,Annual,Q,Constant prices,MEAN,Mean,_Z,Not applicable,2007,,473661.31,,2025,,A,Normal value,0,Units,0,Zero
DATAFLOW,OECD.ELS.SAE:DSD_EARNINGS@AV_AN_WAGE(1.0),Average annual wages,I,SWE,Sweden,WG,Wages,SEK,Swedish krona,A,Annual,Q,Constant prices,MEAN,Mean,_Z,Not applicable,2008,,483577.04,,2025,,A,Normal value,0,Units,0,Zero
DATAFLOW,OECD.ELS.SAE:DSD_EARNINGS@AV_AN_WAGE(1.0),Average annual wages,I,SWE,Sweden,WG,Wages,SEK,Swedish krona,A,Annual,Q,Constant prices,MEAN,Mean,_Z,Not applicable,2009,,485268.78,,2025,,A,Normal value,0,Units,0,Zero
DATAFLOW,OECD.ELS.SAE:DSD_EARNINGS@AV_AN_WAGE(1.0),Average annual wages,I,SWE,Sweden,WG,Wages,SEK,Swedish krona,A,Annual,Q,Constant prices,MEAN,Mean,_Z,Not applicable,2010,,491269.96,,2025,,A,Normal value,0,Units,0,Zero
DATAFLOW,OECD.ELS.SAE:DSD_EARNINGS@AV_AN_WAGE(1.0),Average annual wages,I,SWE,Sweden,WG,Wages,SEK,Swedish krona,A,Annual,Q,Constant prices,MEAN,Mean,_Z,Not applicable,2011,,498632.44,,2025,,A,Normal value,0,Units,0,Zero
DATAFLOW,OECD.ELS.SAE:DSD_EARNINGS@AV_AN_WAGE(1.0),Average annual wages,I,SWE,Sweden,WG,Wages,SEK,Swedish krona,A,Annual,Q,Constant prices,MEAN,Mean,_Z,Not applicable,2012,,509786.02,,2025,,A,Normal value,0,Units,0,Zero
DATAFLOW,OECD.ELS.SAE:DSD_EARNINGS@AV_AN_WAGE(1.0),Average annual wages,I,SWE,Sweden,WG,Wages,SEK,Swedish krona,A,Annual,Q,Constant prices,MEAN,Mean,_Z,Not applicable,2013,,515623.33,,2025,,A,Normal value,0,Units,0,Zero
DATAFLOW,OECD.ELS.SAE:DSD_EARNINGS@AV_AN_WAGE(1.0),Average annual wages,I,SWE,Sweden,WG,Wages,SEK,Swedish krona,A,Annual,Q,Constant prices,MEAN,Mean,_Z,Not applicable,2014,,521982.01,,2025,,A,Normal value,0,Units,0,Zero
DATAFLOW,OECD.ELS.SAE:DSD_EARNINGS@AV_AN_WAGE(1.0),Average annual wages,I,SWE,Sweden,WG,Wages,SEK,Swedish krona,A,Annual,Q,Constant prices,MEAN,Mean,_Z,Not applicable,2015,,529270.09,,2025,,A,Normal value,0,Units,0,Zero
DATAFLOW,OECD.ELS.SAE:DSD_EARNINGS@AV_AN_WAGE(1.0),Average annual wages,I,SWE,Sweden,WG,Wages,SEK,Swedish krona,A,Annual,Q,Constant prices,MEAN,Mean,_Z,Not applicable,2016,,536789.4,,2025,,A,Normal value,0,Units,0,Zero
DATAFLOW,OECD.ELS.SAE:DSD_EARNINGS@AV_AN_WAGE(1.0),Average annual wages,I,SWE,Sweden,WG,Wages,SEK,Swedish krona,A,Annual,Q,Constant prices,MEAN,Mean,_Z,Not applicable,2017,,539900.88,,2025,,A,Normal value,0,Units,0,Zero
DATAFLOW,OECD.ELS.SAE:DSD_EARNINGS@AV_AN_WAGE(1.0),Average annual wages,I,SWE,Sweden,WG,Wages,SEK,Swedish krona,A,Annual,Q,Constant prices,MEAN,Mean,_Z,Not applicable,2018,,542308.68,,2025,,A,Normal value,0,Units,0,Zero
DATAFLOW,OECD.ELS.SAE:DSD_EARNINGS@AV_AN_WAGE(1.0),Average annual wages,I,SWE,Sweden,WG,Wages,SEK,Swedish krona,A,Annual,Q,Constant prices,MEAN,Mean,_Z,Not applicable,2019,,548388.84,,2025,,A,Normal value,0,Units,0,Zero
DATAFLOW,OECD.ELS.SAE:DSD_EARNINGS@AV_AN_WAGE(1.0),Average annual wages,I,SWE,Sweden,WG,Wages,SEK,Swedish krona,A,Annual,Q,Constant prices,MEAN,Mean,_Z,Not applicable,2020,,555522.29,,2025,,A,Normal value,0,Units,0,Zero
DATAFLOW,OECD.ELS.SAE:DSD_EARNINGS@AV_AN_WAGE(1.0),Average annual wages,I,SWE,Sweden,WG,Wages,SEK,Swedish krona,A,Annual,Q,Constant prices,MEAN,Mean,_Z,Not applicable,2021,,568209.82,,2025,,A,Normal value,0,Units,0,Zero
DATAFLOW,OECD.ELS.SAE:DSD_EARNINGS@AV_AN_WAGE(1.0),Average annual wages,I,SWE,Sweden,WG,Wages,SEK,Swedish krona,A,Annual,Q,Constant prices,MEAN,Mean,_Z,Not applicable,2022,,549512.03,,2025,,A,Normal value,0,Units,0,Zero
DATAFLOW,OECD.ELS.SAE:DSD_EARNINGS@AV_AN_WAGE(1.0),Average annual wages,I,SWE,Sweden,WG,Wages,SEK,Swedish krona,A,Annual,Q,Constant prices,MEAN,Mean,_Z,Not applicable,2023,,534426.67,,2025,,A,Normal value,0,Units,0,Zero
DATAFLOW,OECD.ELS.SAE:DSD_EARNINGS@AV_AN_WAGE(1.0),Average annual wages,I,SWE,Sweden,WG,Wages,SEK,Swedish krona,A,Annual,Q,Constant prices,MEAN,Mean,_Z,Not applicable,2024,,541386.43,,2025,,A,Normal value,0,Units,0,Zero
DATAFLOW,OECD.ELS.SAE:DSD_EARNINGS@AV_AN_WAGE(1.0),Average annual wages,I,SWE,Sweden,WG,Wages,SEK,Swedish krona,A,Annual,Q,Constant prices,MEAN,Mean,_Z,Not applicable,2025,,546170.89,,2025,,A,Normal value,0,Units,0,Zero
DATAFLOW,OECD.ELS.SAE:DSD_EARNINGS@AV_AN_WAGE(1.0),Average annual wages,I,CHE,Switzerland,WG,Wages,CHF,Swiss franc,A,Annual,Q,Constant prices,MEAN,Mean,_Z,Not applicable,1990,,72526.031,,2025,,A,Normal value,0,Units,0,Zero
DATAFLOW,OECD.ELS.SAE:DSD_EARNINGS@AV_AN_WAGE(1.0),Average annual wages,I,CHE,Switzerland,WG,Wages,CHF,Swiss franc,A,Annual,Q,Constant prices,MEAN,Mean,_Z,Not applicable,1991,,73873.026,,2025,,A,Normal value,0,Units,0,Zero
DATAFLOW,OECD.ELS.SAE:DSD_EARNINGS@AV_AN_WAGE(1.0),Average annual wages,I,CHE,Switzerland,WG,Wages,CHF,Swiss franc,A,Annual,Q,Constant prices,MEAN,Mean,_Z,Not applicable,1992,,74523.374,,2025,,A,Normal value,0,Units,0,Zero
DATAFLOW,OECD.ELS.SAE:DSD_EARNINGS@AV_AN_WAGE(1.0),Average annual wages,I,CHE,Switzerland,WG,Wages,CHF,Swiss franc,A,Annual,Q,Constant prices,MEAN,Mean,_Z,Not applicable,1993,,75051.974,,2025,,A,Normal value,0,Units,0,Zero
DATAFLOW,OECD.ELS.SAE:DSD_EARNINGS@AV_AN_WAGE(1.0),Average annual wages,I,CHE,Switzerland,WG,Wages,CHF,Swiss franc,A,Annual,Q,Constant prices,MEAN,Mean,_Z,Not applicable,1994,,76119.374,,2025,,A,Normal value,0,Units,0,Zero
DATAFLOW,OECD.ELS.SAE:DSD_EARNINGS@AV_AN_WAGE(1.0),Average annual wages,I,CHE,Switzerland,WG,Wages,CHF,Swiss franc,A,Annual,Q,Constant prices,MEAN,Mean,_Z,Not applicable,1995,,76959.163,,2025,,A,Normal value,0,Units,0,Zero
DATAFLOW,OECD.ELS.SAE:DSD_EARNINGS@AV_AN_WAGE(1.0),Average annual wages,I,CHE,Switzerland,WG,Wages,CHF,Swiss franc,A,Annual,Q,Constant prices,MEAN,Mean,_Z,Not applicable,1996,,75566.245,,2025,,A,Normal value,0,Units,0,Zero
DATAFLOW,OECD.ELS.SAE:DSD_EARNINGS@AV_AN_WAGE(1.0),Average annual wages,I,CHE,Switzerland,WG,Wages,CHF,Swiss franc,A,Annual,Q,Constant prices,MEAN,Mean,_Z,Not applicable,1997,,76986.363,,2025,,A,Normal value,0,Units,0,Zero
DATAFLOW,OECD.ELS.SAE:DSD_EARNINGS@AV_AN_WAGE(1.0),Average annual wages,I,CHE,Switzerland,WG,Wages,CHF,Swiss franc,A,Annual,Q,Constant prices,MEAN,Mean,_Z,Not applicable,1998,,77533.273,,2025,,A,Normal value,0,Units,0,Zero
DATAFLOW,OECD.ELS.SAE:DSD_EARNINGS@AV_AN_WAGE(1.0),Average annual wages,I,CHE,Switzerland,WG,Wages,CHF,Swiss franc,A,Annual,Q,Constant prices,MEAN,Mean,_Z,Not applicable,1999,,78387.831,,2025,,A,Normal value,0,Units,0,Zero
DATAFLOW,OECD.ELS.SAE:DSD_EARNINGS@AV_AN_WAGE(1.0),Average annual wages,I,CHE,Switzerland,WG,Wages,CHF,Swiss franc,A,Annual,Q,Constant prices,MEAN,Mean,_Z,Not applicable,2000,,79774.296,,2025,,A,Normal value,0,Units,0,Zero
DATAFLOW,OECD.ELS.SAE:DSD_EARNINGS@AV_AN_WAGE(1.0),Average annual wages,I,CHE,Switzerland,WG,Wages,CHF,Swiss franc,A,Annual,Q,Constant prices,MEAN,Mean,_Z,Not applicable,2001,,84039.136,,2025,,A,Normal value,0,Units,0,Zero
DATAFLOW,OECD.ELS.SAE:DSD_EARNINGS@AV_AN_WAGE(1.0),Average annual wages,I,CHE,Switzerland,WG,Wages,CHF,Swiss franc,A,Annual,Q,Constant prices,MEAN,Mean,_Z,Not applicable,2002,,85764.747,,2025,,A,Normal value,0,Units,0,Zero
DATAFLOW,OECD.ELS.SAE:DSD_EARNINGS@AV_AN_WAGE(1.0),Average annual wages,I,CHE,Switzerland,WG,Wages,CHF,Swiss franc,A,Annual,Q,Constant prices,MEAN,Mean,_Z,Not applicable,2003,,85454.361,,2025,,A,Normal value,0,Units,0,Zero
DATAFLOW,OECD.ELS.SAE:DSD_EARNINGS@AV_AN_WAGE(1.0),Average annual wages,I,CHE,Switzerland,WG,Wages,CHF,Swiss franc,A,Annual,Q,Constant prices,MEAN,Mean,_Z,Not applicable,2004,,84225.894,,2025,,A,Normal value,0,Units,0,Zero
DATAFLOW,OECD.ELS.SAE:DSD_EARNINGS@AV_AN_WAGE(1.0),Average annual wages,I,CHE,Switzerland,WG,Wages,CHF,Swiss franc,A,Annual,Q,Constant prices,MEAN,Mean,_Z,Not applicable,2005,,85592.861,,2025,,A,Normal value,0,Units,0,Zero
DATAFLOW,OECD.ELS.SAE:DSD_EARNINGS@AV_AN_WAGE(1.0),Average annual wages,I,CHE,Switzerland,WG,Wages,CHF,Swiss franc,A,Annual,Q,Constant prices,MEAN,Mean,_Z,Not applicable,2006,,86027.104,,2025,,A,Normal value,0,Units,0,Zero
DATAFLOW,OECD.ELS.SAE:DSD_EARNINGS@AV_AN_WAGE(1.0),Average annual wages,I,CHE,Switzerland,WG,Wages,CHF,Swiss franc,A,Annual,Q,Constant prices,MEAN,Mean,_Z,Not applicable,2007,,86876.928,,2025,,A,Normal value,0,Units,0,Zero
DATAFLOW,OECD.ELS.SAE:DSD_EARNINGS@AV_AN_WAGE(1.0),Average annual wages,I,CHE,Switzerland,WG,Wages,CHF,Swiss franc,A,Annual,Q,Constant prices,MEAN,Mean,_Z,Not applicable,2008,,87907.723,,2025,,A,Normal value,0,Units,0,Zero
DATAFLOW,OECD.ELS.SAE:DSD_EARNINGS@AV_AN_WAGE(1.0),Average annual wages,I,CHE,Switzerland,WG,Wages,CHF,Swiss franc,A,Annual,Q,Constant prices,MEAN,Mean,_Z,Not applicable,2009,,89515.146,,2025,,A,Normal value,0,Units,0,Zero
DATAFLOW,OECD.ELS.SAE:DSD_EARNINGS@AV_AN_WAGE(1.0),Average annual wages,I,CHE,Switzerland,WG,Wages,CHF,Swiss franc,A,Annual,Q,Constant prices,MEAN,Mean,_Z,Not applicable,2010,,88671.645,,2025,,A,Normal value,0,Units,0,Zero
DATAFLOW,OECD.ELS.SAE:DSD_EARNINGS@AV_AN_WAGE(1.0),Average annual wages,I,CHE,Switzerland,WG,Wages,CHF,Swiss franc,A,Annual,Q,Constant prices,MEAN,Mean,_Z,Not applicable,2011,,89583.411,,2025,,A,Normal value,0,Units,0,Zero
DATAFLOW,OECD.ELS.SAE:DSD_EARNINGS@AV_AN_WAGE(1.0),Average annual wages,I,CHE,Switzerland,WG,Wages,CHF,Swiss franc,A,Annual,Q,Constant prices,MEAN,Mean,_Z,Not applicable,2012,,91062.732,,2025,,A,Normal value,0,Units,0,Zero
DATAFLOW,OECD.ELS.SAE:DSD_EARNINGS@AV_AN_WAGE(1.0),Average annual wages,I,CHE,Switzerland,WG,Wages,CHF,Swiss franc,A,Annual,Q,Constant prices,MEAN,Mean,_Z,Not applicable,2013,,92451.208,,2025,,A,Normal value,0,Units,0,Zero
DATAFLOW,OECD.ELS.SAE:DSD_EARNINGS@AV_AN_WAGE(1.0),Average annual wages,I,CHE,Switzerland,WG,Wages,CHF,Swiss franc,A,Annual,Q,Constant prices,MEAN,Mean,_Z,Not applicable,2014,,92303.274,,2025,,A,Normal value,0,Units,0,Zero
DATAFLOW,OECD.ELS.SAE:DSD_EARNINGS@AV_AN_WAGE(1.0),Average annual wages,I,CHE,Switzerland,WG,Wages,CHF,Swiss franc,A,Annual,Q,Constant prices,MEAN,Mean,_Z,Not applicable,2015,,92981.217,,2025,,A,Normal value,0,Units,0,Zero
DATAFLOW,OECD.ELS.SAE:DSD_EARNINGS@AV_AN_WAGE(1.0),Average annual wages,I,CHE,Switzerland,WG,Wages,CHF,Swiss franc,A,Annual,Q,Constant prices,MEAN,Mean,_Z,Not applicable,2016,,92849.936,,2025,,A,Normal value,0,Units,0,Zero
DATAFLOW,OECD.ELS.SAE:DSD_EARNINGS@AV_AN_WAGE(1.0),Average annual wages,I,CHE,Switzerland,WG,Wages,CHF,Swiss franc,A,Annual,Q,Constant prices,MEAN,Mean,_Z,Not applicable,2017,,92331.765,,2025,,A,Normal value,0,Units,0,Zero
DATAFLOW,OECD.ELS.SAE:DSD_EARNINGS@AV_AN_WAGE(1.0),Average annual wages,I,CHE,Switzerland,WG,Wages,CHF,Swiss franc,A,Annual,Q,Constant prices,MEAN,Mean,_Z,Not applicable,2018,,92198.795,,2025,,A,Normal value,0,Units,0,Zero
DATAFLOW,OECD.ELS.SAE:DSD_EARNINGS@AV_AN_WAGE(1.0),Average annual wages,I,CHE,Switzerland,WG,Wages,CHF,Swiss franc,A,Annual,Q,Constant prices,MEAN,Mean,_Z,Not applicable,2019,,93992.247,,2025,,A,Normal value,0,Units,0,Zero
DATAFLOW,OECD.ELS.SAE:DSD_EARNINGS@AV_AN_WAGE(1.0),Average annual wages,I,CHE,Switzerland,WG,Wages,CHF,Swiss franc,A,Annual,Q,Constant prices,MEAN,Mean,_Z,Not applicable,2020,,91797.857,,2025,,A,Normal value,0,Units,0,Zero
DATAFLOW,OECD.ELS.SAE:DSD_EARNINGS@AV_AN_WAGE(1.0),Average annual wages,I,CHE,Switzerland,WG,Wages,CHF,Swiss franc,A,Annual,Q,Constant prices,MEAN,Mean,_Z,Not applicable,2021,,95446.381,,2025,,A,Normal value,0,Units,0,Zero
DATAFLOW,OECD.ELS.SAE:DSD_EARNINGS@AV_AN_WAGE(1.0),Average annual wages,I,CHE,Switzerland,WG,Wages,CHF,Swiss franc,A,Annual,Q,Constant prices,MEAN,Mean,_Z,Not applicable,2022,,96764.808,,2025,,A,Normal value,0,Units,0,Zero
DATAFLOW,OECD.ELS.SAE:DSD_EARNINGS@AV_AN_WAGE(1.0),Average annual wages,I,CHE,Switzerland,WG,Wages,CHF,Swiss franc,A,Annual,Q,Constant prices,MEAN,Mean,_Z,Not applicable,2023,,96762.414,,2025,,A,Normal value,0,Units,0,Zero
DATAFLOW,OECD.ELS.SAE:DSD_EARNINGS@AV_AN_WAGE(1.0),Average annual wages,I,CHE,Switzerland,WG,Wages,CHF,Swiss franc,A,Annual,Q,Constant prices,MEAN,Mean,_Z,Not applicable,2024,,98201.119,,2025,,A,Normal value,0,Units,0,Zero
DATAFLOW,OECD.ELS.SAE:DSD_EARNINGS@AV_AN_WAGE(1.0),Average annual wages,I,CHE,Switzerland,WG,Wages,CHF,Swiss franc,A,Annual,Q,Constant prices,MEAN,Mean,_Z,Not applicable,2025,,98333.791,,2025,,A,Normal value,0,Units,0,Zero
DATAFLOW,OECD.ELS.SAE:DSD_EARNINGS@AV_AN_WAGE(1.0),Average annual wages,I,TUR,Türkiye,WG,Wages,TRY,Turkish lira,A,Annual,Q,Constant prices,MEAN,Mean,_Z,Not applicable,1998,,115843.823135928,,2025,,A,Normal value,0,Units,0,Zero
DATAFLOW,OECD.ELS.SAE:DSD_EARNINGS@AV_AN_WAGE(1.0),Average annual wages,I,TUR,Türkiye,WG,Wages,TRY,Turkish lira,A,Annual,Q,Constant prices,MEAN,Mean,_Z,Not applicable,1999,,116184.68432062,,2025,,A,Normal value,0,Units,0,Zero
DATAFLOW,OECD.ELS.SAE:DSD_EARNINGS@AV_AN_WAGE(1.0),Average annual wages,I,TUR,Türkiye,WG,Wages,TRY,Turkish lira,A,Annual,Q,Constant prices,MEAN,Mean,_Z,Not applicable,2000,,110101.214575476,,2025,,A,Normal value,0,Units,0,Zero
DATAFLOW,OECD.ELS.SAE:DSD_EARNINGS@AV_AN_WAGE(1.0),Average annual wages,I,TUR,Türkiye,WG,Wages,TRY,Turkish lira,A,Annual,Q,Constant prices,MEAN,Mean,_Z,Not applicable,2001,,101066.361401302,,2025,,A,Normal value,0,Units,0,Zero
DATAFLOW,OECD.ELS.SAE:DSD_EARNINGS@AV_AN_WAGE(1.0),Average annual wages,I,TUR,Türkiye,WG,Wages,TRY,Turkish lira,A,Annual,Q,Constant prices,MEAN,Mean,_Z,Not applicable,2002,,102438.122375291,,2025,,A,Normal value,0,Units,0,Zero
DATAFLOW,OECD.ELS.SAE:DSD_EARNINGS@AV_AN_WAGE(1.0),Average annual wages,I,TUR,Türkiye,WG,Wages,TRY,Turkish lira,A,Annual,Q,Constant prices,MEAN,Mean,_Z,Not applicable,2003,,108781.702270141,,2025,,A,Normal value,0,Units,0,Zero
DATAFLOW,OECD.ELS.SAE:DSD_EARNINGS@AV_AN_WAGE(1.0),Average annual wages,I,TUR,Türkiye,WG,Wages,TRY,Turkish lira,A,Annual,Q,Constant prices,MEAN,Mean,_Z,Not applicable,2004,,115979.680288558,,2025,,A,Normal value,0,Units,0,Zero
DATAFLOW,OECD.ELS.SAE:DSD_EARNINGS@AV_AN_WAGE(1.0),Average annual wages,I,TUR,Türkiye,WG,Wages,TRY,Turkish lira,A,Annual,Q,Constant prices,MEAN,Mean,_Z,Not applicable,2005,,120347,,2025,,A,Normal value,0,Units,0,Zero
DATAFLOW,OECD.ELS.SAE:DSD_EARNINGS@AV_AN_WAGE(1.0),Average annual wages,I,TUR,Türkiye,WG,Wages,TRY,Turkish lira,A,Annual,Q,Constant prices,MEAN,Mean,_Z,Not applicable,2006,,121006,,2025,,A,Normal value,0,Units,0,Zero
DATAFLOW,OECD.ELS.SAE:DSD_EARNINGS@AV_AN_WAGE(1.0),Average annual wages,I,TUR,Türkiye,WG,Wages,TRY,Turkish lira,A,Annual,Q,Constant prices,MEAN,Mean,_Z,Not applicable,2007,,125171,,2025,,A,Normal value,0,Units,0,Zero
DATAFLOW,OECD.ELS.SAE:DSD_EARNINGS@AV_AN_WAGE(1.0),Average annual wages,I,TUR,Türkiye,WG,Wages,TRY,Turkish lira,A,Annual,Q,Constant prices,MEAN,Mean,_Z,Not applicable,2008,,124452,,2025,,A,Normal value,0,Units,0,Zero
DATAFLOW,OECD.ELS.SAE:DSD_EARNINGS@AV_AN_WAGE(1.0),Average annual wages,I,TUR,Türkiye,WG,Wages,TRY,Turkish lira,A,Annual,Q,Constant prices,MEAN,Mean,_Z,Not applicable,2009,,443245.07,,2025,,A,Normal value,0,Units,0,Zero
DATAFLOW,OECD.ELS.SAE:DSD_EARNINGS@AV_AN_WAGE(1.0),Average annual wages,I,TUR,Türkiye,WG,Wages,TRY,Turkish lira,A,Annual,Q,Constant prices,MEAN,Mean,_Z,Not applicable,2010,,453269.2,,2025,,A,Normal value,0,Units,0,Zero
DATAFLOW,OECD.ELS.SAE:DSD_EARNINGS@AV_AN_WAGE(1.0),Average annual wages,I,TUR,Türkiye,WG,Wages,TRY,Turkish lira,A,Annual,Q,Constant prices,MEAN,Mean,_Z,Not applicable,2011,,460132.28,,2025,,A,Normal value,0,Units,0,Zero
DATAFLOW,OECD.ELS.SAE:DSD_EARNINGS@AV_AN_WAGE(1.0),Average annual wages,I,TUR,Türkiye,WG,Wages,TRY,Turkish lira,A,Annual,Q,Constant prices,MEAN,Mean,_Z,Not applicable,2012,,478142.27,,2025,,A,Normal value,0,Units,0,Zero
DATAFLOW,OECD.ELS.SAE:DSD_EARNINGS@AV_AN_WAGE(1.0),Average annual wages,I,TUR,Türkiye,WG,Wages,TRY,Turkish lira,A,Annual,Q,Constant prices,MEAN,Mean,_Z,Not applicable,2013,,500433.09,,2025,,A,Normal value,0,Units,0,Zero
DATAFLOW,OECD.ELS.SAE:DSD_EARNINGS@AV_AN_WAGE(1.0),Average annual wages,I,TUR,Türkiye,WG,Wages,TRY,Turkish lira,A,Annual,Q,Constant prices,MEAN,Mean,_Z,Not applicable,2014,,518137.39,,2025,,A,Normal value,0,Units,0,Zero
DATAFLOW,OECD.ELS.SAE:DSD_EARNINGS@AV_AN_WAGE(1.0),Average annual wages,I,TUR,Türkiye,WG,Wages,TRY,Turkish lira,A,Annual,Q,Constant prices,MEAN,Mean,_Z,Not applicable,2015,,540005.05,,2025,,A,Normal value,0,Units,0,Zero
DATAFLOW,OECD.ELS.SAE:DSD_EARNINGS@AV_AN_WAGE(1.0),Average annual wages,I,TUR,Türkiye,WG,Wages,TRY,Turkish lira,A,Annual,Q,Constant prices,MEAN,Mean,_Z,Not applicable,2016,,597615.04,,2025,,A,Normal value,0,Units,0,Zero
DATAFLOW,OECD.ELS.SAE:DSD_EARNINGS@AV_AN_WAGE(1.0),Average annual wages,I,TUR,Türkiye,WG,Wages,TRY,Turkish lira,A,Annual,Q,Constant prices,MEAN,Mean,_Z,Not applicable,2017,,586694.5,,2025,,A,Normal value,0,Units,0,Zero
DATAFLOW,OECD.ELS.SAE:DSD_EARNINGS@AV_AN_WAGE(1.0),Average annual wages,I,TUR,Türkiye,WG,Wages,TRY,Turkish lira,A,Annual,Q,Constant prices,MEAN,Mean,_Z,Not applicable,2018,,591750.43,,2025,,A,Normal value,0,Units,0,Zero
DATAFLOW,OECD.ELS.SAE:DSD_EARNINGS@AV_AN_WAGE(1.0),Average annual wages,I,TUR,Türkiye,WG,Wages,TRY,Turkish lira,A,Annual,Q,Constant prices,MEAN,Mean,_Z,Not applicable,2019,,631155.97,,2025,,A,Normal value,0,Units,0,Zero
DATAFLOW,OECD.ELS.SAE:DSD_EARNINGS@AV_AN_WAGE(1.0),Average annual wages,I,TUR,Türkiye,WG,Wages,TRY,Turkish lira,A,Annual,Q,Constant prices,MEAN,Mean,_Z,Not applicable,2020,,637384.19,,2025,,A,Normal value,0,Units,0,Zero
DATAFLOW,OECD.ELS.SAE:DSD_EARNINGS@AV_AN_WAGE(1.0),Average annual wages,I,TUR,Türkiye,WG,Wages,TRY,Turkish lira,A,Annual,Q,Constant prices,MEAN,Mean,_Z,Not applicable,2021,,663568.98,,2025,,A,Normal value,0,Units,0,Zero
DATAFLOW,OECD.ELS.SAE:DSD_EARNINGS@AV_AN_WAGE(1.0),Average annual wages,I,TUR,Türkiye,WG,Wages,TRY,Turkish lira,A,Annual,Q,Constant prices,MEAN,Mean,_Z,Not applicable,2022,,652665.56,,2025,,A,Normal value,0,Units,0,Zero
DATAFLOW,OECD.ELS.SAE:DSD_EARNINGS@AV_AN_WAGE(1.0),Average annual wages,I,TUR,Türkiye,WG,Wages,TRY,Turkish lira,A,Annual,Q,Constant prices,MEAN,Mean,_Z,Not applicable,2023,,853927.15,,2025,,A,Normal value,0,Units,0,Zero
DATAFLOW,OECD.ELS.SAE:DSD_EARNINGS@AV_AN_WAGE(1.0),Average annual wages,I,TUR,Türkiye,WG,Wages,TRY,Turkish lira,A,Annual,Q,Constant prices,MEAN,Mean,_Z,Not applicable,2024,,1016308,,2025,,A,Normal value,0,Units,0,Zero
DATAFLOW,OECD.ELS.SAE:DSD_EARNINGS@AV_AN_WAGE(1.0),Average annual wages,I,GBR,United Kingdom,WG,Wages,GBP,Pound sterling,A,Annual,Q,Constant prices,MEAN,Mean,_Z,Not applicable,1990,,31593.243,,2025,,A,Normal value,0,Units,0,Zero
DATAFLOW,OECD.ELS.SAE:DSD_EARNINGS@AV_AN_WAGE(1.0),Average annual wages,I,GBR,United Kingdom,WG,Wages,GBP,Pound sterling,A,Annual,Q,Constant prices,MEAN,Mean,_Z,Not applicable,1991,,31671.579,,2025,,A,Normal value,0,Units,0,Zero
DATAFLOW,OECD.ELS.SAE:DSD_EARNINGS@AV_AN_WAGE(1.0),Average annual wages,I,GBR,United Kingdom,WG,Wages,GBP,Pound sterling,A,Annual,Q,Constant prices,MEAN,Mean,_Z,Not applicable,1992,,32293.842,,2025,,A,Normal value,0,Units,0,Zero
DATAFLOW,OECD.ELS.SAE:DSD_EARNINGS@AV_AN_WAGE(1.0),Average annual wages,I,GBR,United Kingdom,WG,Wages,GBP,Pound sterling,A,Annual,Q,Constant prices,MEAN,Mean,_Z,Not applicable,1993,,32816.837,,2025,,A,Normal value,0,Units,0,Zero
DATAFLOW,OECD.ELS.SAE:DSD_EARNINGS@AV_AN_WAGE(1.0),Average annual wages,I,GBR,United Kingdom,WG,Wages,GBP,Pound sterling,A,Annual,Q,Constant prices,MEAN,Mean,_Z,Not applicable,1994,,33395.938,,2025,,A,Normal value,0,Units,0,Zero
DATAFLOW,OECD.ELS.SAE:DSD_EARNINGS@AV_AN_WAGE(1.0),Average annual wages,I,GBR,United Kingdom,WG,Wages,GBP,Pound sterling,A,Annual,Q,Constant prices,MEAN,Mean,_Z,Not applicable,1995,,33395.543,,2025,,A,Normal value,0,Units,0,Zero
DATAFLOW,OECD.ELS.SAE:DSD_EARNINGS@AV_AN_WAGE(1.0),Average annual wages,I,GBR,United Kingdom,WG,Wages,GBP,Pound sterling,A,Annual,Q,Constant prices,MEAN,Mean,_Z,Not applicable,1996,,33378.414,,2025,,A,Normal value,0,Units,0,Zero
DATAFLOW,OECD.ELS.SAE:DSD_EARNINGS@AV_AN_WAGE(1.0),Average annual wages,I,GBR,United Kingdom,WG,Wages,GBP,Pound sterling,A,Annual,Q,Constant prices,MEAN,Mean,_Z,Not applicable,1997,,34689.926,,2025,,A,Normal value,0,Units,0,Zero
DATAFLOW,OECD.ELS.SAE:DSD_EARNINGS@AV_AN_WAGE(1.0),Average annual wages,I,GBR,United Kingdom,WG,Wages,GBP,Pound sterling,A,Annual,Q,Constant prices,MEAN,Mean,_Z,Not applicable,1998,,35204.838,,2025,,A,Normal value,0,Units,0,Zero
DATAFLOW,OECD.ELS.SAE:DSD_EARNINGS@AV_AN_WAGE(1.0),Average annual wages,I,GBR,United Kingdom,WG,Wages,GBP,Pound sterling,A,Annual,Q,Constant prices,MEAN,Mean,_Z,Not applicable,1999,,36937.885,,2025,,A,Normal value,0,Units,0,Zero
DATAFLOW,OECD.ELS.SAE:DSD_EARNINGS@AV_AN_WAGE(1.0),Average annual wages,I,GBR,United Kingdom,WG,Wages,GBP,Pound sterling,A,Annual,Q,Constant prices,MEAN,Mean,_Z,Not applicable,2000,,38694.769,,2025,,A,Normal value,0,Units,0,Zero
DATAFLOW,OECD.ELS.SAE:DSD_EARNINGS@AV_AN_WAGE(1.0),Average annual wages,I,GBR,United Kingdom,WG,Wages,GBP,Pound sterling,A,Annual,Q,Constant prices,MEAN,Mean,_Z,Not applicable,2001,,40332.855,,2025,,A,Normal value,0,Units,0,Zero
DATAFLOW,OECD.ELS.SAE:DSD_EARNINGS@AV_AN_WAGE(1.0),Average annual wages,I,GBR,United Kingdom,WG,Wages,GBP,Pound sterling,A,Annual,Q,Constant prices,MEAN,Mean,_Z,Not applicable,2002,,40727.775,,2025,,A,Normal value,0,Units,0,Zero
DATAFLOW,OECD.ELS.SAE:DSD_EARNINGS@AV_AN_WAGE(1.0),Average annual wages,I,GBR,United Kingdom,WG,Wages,GBP,Pound sterling,A,Annual,Q,Constant prices,MEAN,Mean,_Z,Not applicable,2003,,42014.453,,2025,,A,Normal value,0,Units,0,Zero
DATAFLOW,OECD.ELS.SAE:DSD_EARNINGS@AV_AN_WAGE(1.0),Average annual wages,I,GBR,United Kingdom,WG,Wages,GBP,Pound sterling,A,Annual,Q,Constant prices,MEAN,Mean,_Z,Not applicable,2004,,43235.983,,2025,,A,Normal value,0,Units,0,Zero
DATAFLOW,OECD.ELS.SAE:DSD_EARNINGS@AV_AN_WAGE(1.0),Average annual wages,I,GBR,United Kingdom,WG,Wages,GBP,Pound sterling,A,Annual,Q,Constant prices,MEAN,Mean,_Z,Not applicable,2005,,43698.739,,2025,,A,Normal value,0,Units,0,Zero
DATAFLOW,OECD.ELS.SAE:DSD_EARNINGS@AV_AN_WAGE(1.0),Average annual wages,I,GBR,United Kingdom,WG,Wages,GBP,Pound sterling,A,Annual,Q,Constant prices,MEAN,Mean,_Z,Not applicable,2006,,44452.669,,2025,,A,Normal value,0,Units,0,Zero
DATAFLOW,OECD.ELS.SAE:DSD_EARNINGS@AV_AN_WAGE(1.0),Average annual wages,I,GBR,United Kingdom,WG,Wages,GBP,Pound sterling,A,Annual,Q,Constant prices,MEAN,Mean,_Z,Not applicable,2007,,46401.859,,2025,,A,Normal value,0,Units,0,Zero
DATAFLOW,OECD.ELS.SAE:DSD_EARNINGS@AV_AN_WAGE(1.0),Average annual wages,I,GBR,United Kingdom,WG,Wages,GBP,Pound sterling,A,Annual,Q,Constant prices,MEAN,Mean,_Z,Not applicable,2008,,45152.34,,2025,,A,Normal value,0,Units,0,Zero
DATAFLOW,OECD.ELS.SAE:DSD_EARNINGS@AV_AN_WAGE(1.0),Average annual wages,I,GBR,United Kingdom,WG,Wages,GBP,Pound sterling,A,Annual,Q,Constant prices,MEAN,Mean,_Z,Not applicable,2009,,45029.058,,2025,,A,Normal value,0,Units,0,Zero
DATAFLOW,OECD.ELS.SAE:DSD_EARNINGS@AV_AN_WAGE(1.0),Average annual wages,I,GBR,United Kingdom,WG,Wages,GBP,Pound sterling,A,Annual,Q,Constant prices,MEAN,Mean,_Z,Not applicable,2010,,45235.665,,2025,,A,Normal value,0,Units,0,Zero
DATAFLOW,OECD.ELS.SAE:DSD_EARNINGS@AV_AN_WAGE(1.0),Average annual wages,I,GBR,United Kingdom,WG,Wages,GBP,Pound sterling,A,Annual,Q,Constant prices,MEAN,Mean,_Z,Not applicable,2011,,44327.055,,2025,,A,Normal value,0,Units,0,Zero
DATAFLOW,OECD.ELS.SAE:DSD_EARNINGS@AV_AN_WAGE(1.0),Average annual wages,I,GBR,United Kingdom,WG,Wages,GBP,Pound sterling,A,Annual,Q,Constant prices,MEAN,Mean,_Z,Not applicable,2012,,43962.206,,2025,,A,Normal value,0,Units,0,Zero
DATAFLOW,OECD.ELS.SAE:DSD_EARNINGS@AV_AN_WAGE(1.0),Average annual wages,I,GBR,United Kingdom,WG,Wages,GBP,Pound sterling,A,Annual,Q,Constant prices,MEAN,Mean,_Z,Not applicable,2013,,44274.495,,2025,,A,Normal value,0,Units,0,Zero
DATAFLOW,OECD.ELS.SAE:DSD_EARNINGS@AV_AN_WAGE(1.0),Average annual wages,I,GBR,United Kingdom,WG,Wages,GBP,Pound sterling,A,Annual,Q,Constant prices,MEAN,Mean,_Z,Not applicable,2014,,44450.522,,2025,,A,Normal value,0,Units,0,Zero
DATAFLOW,OECD.ELS.SAE:DSD_EARNINGS@AV_AN_WAGE(1.0),Average annual wages,I,GBR,United Kingdom,WG,Wages,GBP,Pound sterling,A,Annual,Q,Constant prices,MEAN,Mean,_Z,Not applicable,2015,,45037.165,,2025,,A,Normal value,0,Units,0,Zero
DATAFLOW,OECD.ELS.SAE:DSD_EARNINGS@AV_AN_WAGE(1.0),Average annual wages,I,GBR,United Kingdom,WG,Wages,GBP,Pound sterling,A,Annual,Q,Constant prices,MEAN,Mean,_Z,Not applicable,2016,,45601.008,,2025,,A,Normal value,0,Units,0,Zero
DATAFLOW,OECD.ELS.SAE:DSD_EARNINGS@AV_AN_WAGE(1.0),Average annual wages,I,GBR,United Kingdom,WG,Wages,GBP,Pound sterling,A,Annual,Q,Constant prices,MEAN,Mean,_Z,Not applicable,2017,,45905.345,,2025,,A,Normal value,0,Units,0,Zero
DATAFLOW,OECD.ELS.SAE:DSD_EARNINGS@AV_AN_WAGE(1.0),Average annual wages,I,GBR,United Kingdom,WG,Wages,GBP,Pound sterling,A,Annual,Q,Constant prices,MEAN,Mean,_Z,Not applicable,2018,,45996.491,,2025,,A,Normal value,0,Units,0,Zero
DATAFLOW,OECD.ELS.SAE:DSD_EARNINGS@AV_AN_WAGE(1.0),Average annual wages,I,GBR,United Kingdom,WG,Wages,GBP,Pound sterling,A,Annual,Q,Constant prices,MEAN,Mean,_Z,Not applicable,2019,,46637.671,,2025,,A,Normal value,0,Units,0,Zero
DATAFLOW,OECD.ELS.SAE:DSD_EARNINGS@AV_AN_WAGE(1.0),Average annual wages,I,GBR,United Kingdom,WG,Wages,GBP,Pound sterling,A,Annual,Q,Constant prices,MEAN,Mean,_Z,Not applicable,2020,,45978.64,,2025,,A,Normal value,0,Units,0,Zero
DATAFLOW,OECD.ELS.SAE:DSD_EARNINGS@AV_AN_WAGE(1.0),Average annual wages,I,GBR,United Kingdom,WG,Wages,GBP,Pound sterling,A,Annual,Q,Constant prices,MEAN,Mean,_Z,Not applicable,2021,,46627.76,,2025,,A,Normal value,0,Units,0,Zero
DATAFLOW,OECD.ELS.SAE:DSD_EARNINGS@AV_AN_WAGE(1.0),Average annual wages,I,GBR,United Kingdom,WG,Wages,GBP,Pound sterling,A,Annual,Q,Constant prices,MEAN,Mean,_Z,Not applicable,2022,,45693.787,,2025,,A,Normal value,0,Units,0,Zero
DATAFLOW,OECD.ELS.SAE:DSD_EARNINGS@AV_AN_WAGE(1.0),Average annual wages,I,GBR,United Kingdom,WG,Wages,GBP,Pound sterling,A,Annual,Q,Constant prices,MEAN,Mean,_Z,Not applicable,2023,,45321.023,,2025,,A,Normal value,0,Units,0,Zero
DATAFLOW,OECD.ELS.SAE:DSD_EARNINGS@AV_AN_WAGE(1.0),Average annual wages,I,GBR,United Kingdom,WG,Wages,GBP,Pound sterling,A,Annual,Q,Constant prices,MEAN,Mean,_Z,Not applicable,2024,,46190.097,,2025,,A,Normal value,0,Units,0,Zero
DATAFLOW,OECD.ELS.SAE:DSD_EARNINGS@AV_AN_WAGE(1.0),Average annual wages,I,GBR,United Kingdom,WG,Wages,GBP,Pound sterling,A,Annual,Q,Constant prices,MEAN,Mean,_Z,Not applicable,2025,,46510.769,,2025,,A,Normal value,0,Units,0,Zero
DATAFLOW,OECD.ELS.SAE:DSD_EARNINGS@AV_AN_WAGE(1.0),Average annual wages,I,USA,United States,WG,Wages,USD,US dollar,A,Annual,Q,Constant prices,MEAN,Mean,_Z,Not applicable,1990,,56693.84,,2025,,A,Normal value,0,Units,0,Zero
DATAFLOW,OECD.ELS.SAE:DSD_EARNINGS@AV_AN_WAGE(1.0),Average annual wages,I,USA,United States,WG,Wages,USD,US dollar,A,Annual,Q,Constant prices,MEAN,Mean,_Z,Not applicable,1991,,57079.114,,2025,,A,Normal value,0,Units,0,Zero
DATAFLOW,OECD.ELS.SAE:DSD_EARNINGS@AV_AN_WAGE(1.0),Average annual wages,I,USA,United States,WG,Wages,USD,US dollar,A,Annual,Q,Constant prices,MEAN,Mean,_Z,Not applicable,1992,,58402.045,,2025,,A,Normal value,0,Units,0,Zero
DATAFLOW,OECD.ELS.SAE:DSD_EARNINGS@AV_AN_WAGE(1.0),Average annual wages,I,USA,United States,WG,Wages,USD,US dollar,A,Annual,Q,Constant prices,MEAN,Mean,_Z,Not applicable,1993,,58072.974,,2025,,A,Normal value,0,Units,0,Zero
DATAFLOW,OECD.ELS.SAE:DSD_EARNINGS@AV_AN_WAGE(1.0),Average annual wages,I,USA,United States,WG,Wages,USD,US dollar,A,Annual,Q,Constant prices,MEAN,Mean,_Z,Not applicable,1994,,57850.978,,2025,,A,Normal value,0,Units,0,Zero
DATAFLOW,OECD.ELS.SAE:DSD_EARNINGS@AV_AN_WAGE(1.0),Average annual wages,I,USA,United States,WG,Wages,USD,US dollar,A,Annual,Q,Constant prices,MEAN,Mean,_Z,Not applicable,1995,,58178.952,,2025,,A,Normal value,0,Units,0,Zero
DATAFLOW,OECD.ELS.SAE:DSD_EARNINGS@AV_AN_WAGE(1.0),Average annual wages,I,USA,United States,WG,Wages,USD,US dollar,A,Annual,Q,Constant prices,MEAN,Mean,_Z,Not applicable,1996,,59029.74,,2025,,A,Normal value,0,Units,0,Zero
DATAFLOW,OECD.ELS.SAE:DSD_EARNINGS@AV_AN_WAGE(1.0),Average annual wages,I,USA,United States,WG,Wages,USD,US dollar,A,Annual,Q,Constant prices,MEAN,Mean,_Z,Not applicable,1997,,60503.818,,2025,,A,Normal value,0,Units,0,Zero
DATAFLOW,OECD.ELS.SAE:DSD_EARNINGS@AV_AN_WAGE(1.0),Average annual wages,I,USA,United States,WG,Wages,USD,US dollar,A,Annual,Q,Constant prices,MEAN,Mean,_Z,Not applicable,1998,,62995.918,,2025,,A,Normal value,0,Units,0,Zero
DATAFLOW,OECD.ELS.SAE:DSD_EARNINGS@AV_AN_WAGE(1.0),Average annual wages,I,USA,United States,WG,Wages,USD,US dollar,A,Annual,Q,Constant prices,MEAN,Mean,_Z,Not applicable,1999,,64655.638,,2025,,A,Normal value,0,Units,0,Zero
DATAFLOW,OECD.ELS.SAE:DSD_EARNINGS@AV_AN_WAGE(1.0),Average annual wages,I,USA,United States,WG,Wages,USD,US dollar,A,Annual,Q,Constant prices,MEAN,Mean,_Z,Not applicable,2000,,66814.976,,2025,,A,Normal value,0,Units,0,Zero
DATAFLOW,OECD.ELS.SAE:DSD_EARNINGS@AV_AN_WAGE(1.0),Average annual wages,I,USA,United States,WG,Wages,USD,US dollar,A,Annual,Q,Constant prices,MEAN,Mean,_Z,Not applicable,2001,,67327.695,,2025,,A,Normal value,0,Units,0,Zero
DATAFLOW,OECD.ELS.SAE:DSD_EARNINGS@AV_AN_WAGE(1.0),Average annual wages,I,USA,United States,WG,Wages,USD,US dollar,A,Annual,Q,Constant prices,MEAN,Mean,_Z,Not applicable,2002,,67869.729,,2025,,A,Normal value,0,Units,0,Zero
DATAFLOW,OECD.ELS.SAE:DSD_EARNINGS@AV_AN_WAGE(1.0),Average annual wages,I,USA,United States,WG,Wages,USD,US dollar,A,Annual,Q,Constant prices,MEAN,Mean,_Z,Not applicable,2003,,68599.782,,2025,,A,Normal value,0,Units,0,Zero
DATAFLOW,OECD.ELS.SAE:DSD_EARNINGS@AV_AN_WAGE(1.0),Average annual wages,I,USA,United States,WG,Wages,USD,US dollar,A,Annual,Q,Constant prices,MEAN,Mean,_Z,Not applicable,2004,,69870.143,,2025,,A,Normal value,0,Units,0,Zero
DATAFLOW,OECD.ELS.SAE:DSD_EARNINGS@AV_AN_WAGE(1.0),Average annual wages,I,USA,United States,WG,Wages,USD,US dollar,A,Annual,Q,Constant prices,MEAN,Mean,_Z,Not applicable,2005,,69934.855,,2025,,A,Normal value,0,Units,0,Zero
DATAFLOW,OECD.ELS.SAE:DSD_EARNINGS@AV_AN_WAGE(1.0),Average annual wages,I,USA,United States,WG,Wages,USD,US dollar,A,Annual,Q,Constant prices,MEAN,Mean,_Z,Not applicable,2006,,70982.433,,2025,,A,Normal value,0,Units,0,Zero
DATAFLOW,OECD.ELS.SAE:DSD_EARNINGS@AV_AN_WAGE(1.0),Average annual wages,I,USA,United States,WG,Wages,USD,US dollar,A,Annual,Q,Constant prices,MEAN,Mean,_Z,Not applicable,2007,,72325.838,,2025,,A,Normal value,0,Units,0,Zero
DATAFLOW,OECD.ELS.SAE:DSD_EARNINGS@AV_AN_WAGE(1.0),Average annual wages,I,USA,United States,WG,Wages,USD,US dollar,A,Annual,Q,Constant prices,MEAN,Mean,_Z,Not applicable,2008,,72147.054,,2025,,A,Normal value,0,Units,0,Zero
DATAFLOW,OECD.ELS.SAE:DSD_EARNINGS@AV_AN_WAGE(1.0),Average annual wages,I,USA,United States,WG,Wages,USD,US dollar,A,Annual,Q,Constant prices,MEAN,Mean,_Z,Not applicable,2009,,72870.344,,2025,,A,Normal value,0,Units,0,Zero
DATAFLOW,OECD.ELS.SAE:DSD_EARNINGS@AV_AN_WAGE(1.0),Average annual wages,I,USA,United States,WG,Wages,USD,US dollar,A,Annual,Q,Constant prices,MEAN,Mean,_Z,Not applicable,2010,,73515.229,,2025,,A,Normal value,0,Units,0,Zero
DATAFLOW,OECD.ELS.SAE:DSD_EARNINGS@AV_AN_WAGE(1.0),Average annual wages,I,USA,United States,WG,Wages,USD,US dollar,A,Annual,Q,Constant prices,MEAN,Mean,_Z,Not applicable,2011,,73616.952,,2025,,A,Normal value,0,Units,0,Zero
DATAFLOW,OECD.ELS.SAE:DSD_EARNINGS@AV_AN_WAGE(1.0),Average annual wages,I,USA,United States,WG,Wages,USD,US dollar,A,Annual,Q,Constant prices,MEAN,Mean,_Z,Not applicable,2012,,74243.084,,2025,,A,Normal value,0,Units,0,Zero
DATAFLOW,OECD.ELS.SAE:DSD_EARNINGS@AV_AN_WAGE(1.0),Average annual wages,I,USA,United States,WG,Wages,USD,US dollar,A,Annual,Q,Constant prices,MEAN,Mean,_Z,Not applicable,2013,,73913.11,,2025,,A,Normal value,0,Units,0,Zero
DATAFLOW,OECD.ELS.SAE:DSD_EARNINGS@AV_AN_WAGE(1.0),Average annual wages,I,USA,United States,WG,Wages,USD,US dollar,A,Annual,Q,Constant prices,MEAN,Mean,_Z,Not applicable,2014,,75074.762,,2025,,A,Normal value,0,Units,0,Zero
DATAFLOW,OECD.ELS.SAE:DSD_EARNINGS@AV_AN_WAGE(1.0),Average annual wages,I,USA,United States,WG,Wages,USD,US dollar,A,Annual,Q,Constant prices,MEAN,Mean,_Z,Not applicable,2015,,76999.191,,2025,,A,Normal value,0,Units,0,Zero
DATAFLOW,OECD.ELS.SAE:DSD_EARNINGS@AV_AN_WAGE(1.0),Average annual wages,I,USA,United States,WG,Wages,USD,US dollar,A,Annual,Q,Constant prices,MEAN,Mean,_Z,Not applicable,2016,,77129.241,,2025,,A,Normal value,0,Units,0,Zero
DATAFLOW,OECD.ELS.SAE:DSD_EARNINGS@AV_AN_WAGE(1.0),Average annual wages,I,USA,United States,WG,Wages,USD,US dollar,A,Annual,Q,Constant prices,MEAN,Mean,_Z,Not applicable,2017,,77970.611,,2025,,A,Normal value,0,Units,0,Zero
DATAFLOW,OECD.ELS.SAE:DSD_EARNINGS@AV_AN_WAGE(1.0),Average annual wages,I,USA,United States,WG,Wages,USD,US dollar,A,Annual,Q,Constant prices,MEAN,Mean,_Z,Not applicable,2018,,78892.594,,2025,,A,Normal value,0,Units,0,Zero
DATAFLOW,OECD.ELS.SAE:DSD_EARNINGS@AV_AN_WAGE(1.0),Average annual wages,I,USA,United States,WG,Wages,USD,US dollar,A,Annual,Q,Constant prices,MEAN,Mean,_Z,Not applicable,2019,,80317.647,,2025,,A,Normal value,0,Units,0,Zero
DATAFLOW,OECD.ELS.SAE:DSD_EARNINGS@AV_AN_WAGE(1.0),Average annual wages,I,USA,United States,WG,Wages,USD,US dollar,A,Annual,Q,Constant prices,MEAN,Mean,_Z,Not applicable,2020,,85170.596,,2025,,A,Normal value,0,Units,0,Zero
DATAFLOW,OECD.ELS.SAE:DSD_EARNINGS@AV_AN_WAGE(1.0),Average annual wages,I,USA,United States,WG,Wages,USD,US dollar,A,Annual,Q,Constant prices,MEAN,Mean,_Z,Not applicable,2021,,86695.78,,2025,,A,Normal value,0,Units,0,Zero
DATAFLOW,OECD.ELS.SAE:DSD_EARNINGS@AV_AN_WAGE(1.0),Average annual wages,I,USA,United States,WG,Wages,USD,US dollar,A,Annual,Q,Constant prices,MEAN,Mean,_Z,Not applicable,2022,,84214.966,,2025,,A,Normal value,0,Units,0,Zero
DATAFLOW,OECD.ELS.SAE:DSD_EARNINGS@AV_AN_WAGE(1.0),Average annual wages,I,USA,United States,WG,Wages,USD,US dollar,A,Annual,Q,Constant prices,MEAN,Mean,_Z,Not applicable,2023,,83866.258,,2025,,A,Normal value,0,Units,0,Zero
DATAFLOW,OECD.ELS.SAE:DSD_EARNINGS@AV_AN_WAGE(1.0),Average annual wages,I,USA,United States,WG,Wages,USD,US dollar,A,Annual,Q,Constant prices,MEAN,Mean,_Z,Not applicable,2024,,85546.027,,2025,,A,Normal value,0,Units,0,Zero
DATAFLOW,OECD.ELS.SAE:DSD_EARNINGS@AV_AN_WAGE(1.0),Average annual wages,I,USA,United States,WG,Wages,USD,US dollar,A,Annual,Q,Constant prices,MEAN,Mean,_Z,Not applicable,2025,,86977.138,,2025,,A,Normal value,0,Units,0,Zero
DATAFLOW,OECD.ELS.SAE:DSD_EARNINGS@AV_AN_WAGE(1.0),Average annual wages,I,AUS,Australia,WG,Wages,AUD,Australian dollar,A,Annual,V,Current prices,MEAN,Mean,_Z,Not applicable,1990,,33030.538,,,,A,Normal value,0,Units,0,Zero
DATAFLOW,OECD.ELS.SAE:DSD_EARNINGS@AV_AN_WAGE(1.0),Average annual wages,I,AUS,Australia,WG,Wages,AUD,Australian dollar,A,Annual,V,Current prices,MEAN,Mean,_Z,Not applicable,1991,,34096.711,,,,A,Normal value,0,Units,0,Zero
DATAFLOW,OECD.ELS.SAE:DSD_EARNINGS@AV_AN_WAGE(1.0),Average annual wages,I,AUS,Australia,WG,Wages,AUD,Australian dollar,A,Annual,V,Current prices,MEAN,Mean,_Z,Not applicable,1992,,35438.352,,,,A,Normal value,0,Units,0,Zero
DATAFLOW,OECD.ELS.SAE:DSD_EARNINGS@AV_AN_WAGE(1.0),Average annual wages,I,AUS,Australia,WG,Wages,AUD,Australian dollar,A,Annual,V,Current prices,MEAN,Mean,_Z,Not applicable,1993,,36516.231,,,,A,Normal value,0,Units,0,Zero
DATAFLOW,OECD.ELS.SAE:DSD_EARNINGS@AV_AN_WAGE(1.0),Average annual wages,I,AUS,Australia,WG,Wages,AUD,Australian dollar,A,Annual,V,Current prices,MEAN,Mean,_Z,Not applicable,1994,,37344.68,,,,A,Normal value,0,Units,0,Zero
DATAFLOW,OECD.ELS.SAE:DSD_EARNINGS@AV_AN_WAGE(1.0),Average annual wages,I,AUS,Australia,WG,Wages,AUD,Australian dollar,A,Annual,V,Current prices,MEAN,Mean,_Z,Not applicable,1995,,38243.744,,,,A,Normal value,0,Units,0,Zero
DATAFLOW,OECD.ELS.SAE:DSD_EARNINGS@AV_AN_WAGE(1.0),Average annual wages,I,AUS,Australia,WG,Wages,AUD,Australian dollar,A,Annual,V,Current prices,MEAN,Mean,_Z,Not applicable,1996,,40124.963,,,,A,Normal value,0,Units,0,Zero
DATAFLOW,OECD.ELS.SAE:DSD_EARNINGS@AV_AN_WAGE(1.0),Average annual wages,I,AUS,Australia,WG,Wages,AUD,Australian dollar,A,Annual,V,Current prices,MEAN,Mean,_Z,Not applicable,1997,,41921.611,,,,A,Normal value,0,Units,0,Zero
DATAFLOW,OECD.ELS.SAE:DSD_EARNINGS@AV_AN_WAGE(1.0),Average annual wages,I,AUS,Australia,WG,Wages,AUD,Australian dollar,A,Annual,V,Current prices,MEAN,Mean,_Z,Not applicable,1998,,43097.817,,,,A,Normal value,0,Units,0,Zero
DATAFLOW,OECD.ELS.SAE:DSD_EARNINGS@AV_AN_WAGE(1.0),Average annual wages,I,AUS,Australia,WG,Wages,AUD,Australian dollar,A,Annual,V,Current prices,MEAN,Mean,_Z,Not applicable,1999,,44579.887,,,,A,Normal value,0,Units,0,Zero
DATAFLOW,OECD.ELS.SAE:DSD_EARNINGS@AV_AN_WAGE(1.0),Average annual wages,I,AUS,Australia,WG,Wages,AUD,Australian dollar,A,Annual,V,Current prices,MEAN,Mean,_Z,Not applicable,2000,,46246.869,,,,A,Normal value,0,Units,0,Zero
DATAFLOW,OECD.ELS.SAE:DSD_EARNINGS@AV_AN_WAGE(1.0),Average annual wages,I,AUS,Australia,WG,Wages,AUD,Australian dollar,A,Annual,V,Current prices,MEAN,Mean,_Z,Not applicable,2001,,48315.982,,,,A,Normal value,0,Units,0,Zero
DATAFLOW,OECD.ELS.SAE:DSD_EARNINGS@AV_AN_WAGE(1.0),Average annual wages,I,AUS,Australia,WG,Wages,AUD,Australian dollar,A,Annual,V,Current prices,MEAN,Mean,_Z,Not applicable,2002,,50052.758,,,,A,Normal value,0,Units,0,Zero
DATAFLOW,OECD.ELS.SAE:DSD_EARNINGS@AV_AN_WAGE(1.0),Average annual wages,I,AUS,Australia,WG,Wages,AUD,Australian dollar,A,Annual,V,Current prices,MEAN,Mean,_Z,Not applicable,2003,,51798.587,,,,A,Normal value,0,Units,0,Zero
DATAFLOW,OECD.ELS.SAE:DSD_EARNINGS@AV_AN_WAGE(1.0),Average annual wages,I,AUS,Australia,WG,Wages,AUD,Australian dollar,A,Annual,V,Current prices,MEAN,Mean,_Z,Not applicable,2004,,54199.403,,,,A,Normal value,0,Units,0,Zero
DATAFLOW,OECD.ELS.SAE:DSD_EARNINGS@AV_AN_WAGE(1.0),Average annual wages,I,AUS,Australia,WG,Wages,AUD,Australian dollar,A,Annual,V,Current prices,MEAN,Mean,_Z,Not applicable,2005,,56018.52,,,,A,Normal value,0,Units,0,Zero
DATAFLOW,OECD.ELS.SAE:DSD_EARNINGS@AV_AN_WAGE(1.0),Average annual wages,I,AUS,Australia,WG,Wages,AUD,Australian dollar,A,Annual,V,Current prices,MEAN,Mean,_Z,Not applicable,2006,,58402.686,,,,A,Normal value,0,Units,0,Zero
DATAFLOW,OECD.ELS.SAE:DSD_EARNINGS@AV_AN_WAGE(1.0),Average annual wages,I,AUS,Australia,WG,Wages,AUD,Australian dollar,A,Annual,V,Current prices,MEAN,Mean,_Z,Not applicable,2007,,61884.247,,,,A,Normal value,0,Units,0,Zero
DATAFLOW,OECD.ELS.SAE:DSD_EARNINGS@AV_AN_WAGE(1.0),Average annual wages,I,AUS,Australia,WG,Wages,AUD,Australian dollar,A,Annual,V,Current prices,MEAN,Mean,_Z,Not applicable,2008,,64343.869,,,,A,Normal value,0,Units,0,Zero
DATAFLOW,OECD.ELS.SAE:DSD_EARNINGS@AV_AN_WAGE(1.0),Average annual wages,I,AUS,Australia,WG,Wages,AUD,Australian dollar,A,Annual,V,Current prices,MEAN,Mean,_Z,Not applicable,2009,,65361.382,,,,A,Normal value,0,Units,0,Zero
DATAFLOW,OECD.ELS.SAE:DSD_EARNINGS@AV_AN_WAGE(1.0),Average annual wages,I,AUS,Australia,WG,Wages,AUD,Australian dollar,A,Annual,V,Current prices,MEAN,Mean,_Z,Not applicable,2010,,69109.723,,,,A,Normal value,0,Units,0,Zero
DATAFLOW,OECD.ELS.SAE:DSD_EARNINGS@AV_AN_WAGE(1.0),Average annual wages,I,AUS,Australia,WG,Wages,AUD,Australian dollar,A,Annual,V,Current prices,MEAN,Mean,_Z,Not applicable,2011,,72977.668,,,,A,Normal value,0,Units,0,Zero
DATAFLOW,OECD.ELS.SAE:DSD_EARNINGS@AV_AN_WAGE(1.0),Average annual wages,I,AUS,Australia,WG,Wages,AUD,Australian dollar,A,Annual,V,Current prices,MEAN,Mean,_Z,Not applicable,2012,,75150.953,,,,A,Normal value,0,Units,0,Zero
DATAFLOW,OECD.ELS.SAE:DSD_EARNINGS@AV_AN_WAGE(1.0),Average annual wages,I,AUS,Australia,WG,Wages,AUD,Australian dollar,A,Annual,V,Current prices,MEAN,Mean,_Z,Not applicable,2013,,76598.051,,,,A,Normal value,0,Units,0,Zero
DATAFLOW,OECD.ELS.SAE:DSD_EARNINGS@AV_AN_WAGE(1.0),Average annual wages,I,AUS,Australia,WG,Wages,AUD,Australian dollar,A,Annual,V,Current prices,MEAN,Mean,_Z,Not applicable,2014,,78665.356,,,,A,Normal value,0,Units,0,Zero
DATAFLOW,OECD.ELS.SAE:DSD_EARNINGS@AV_AN_WAGE(1.0),Average annual wages,I,CAN,Canada,WG,Wages,CAD,Canadian dollar,A,Annual,V,Current prices,MEAN,Mean,_Z,Not applicable,1990,,32837.614,,,,A,Normal value,0,Units,0,Zero
DATAFLOW,OECD.ELS.SAE:DSD_EARNINGS@AV_AN_WAGE(1.0),Average annual wages,I,CAN,Canada,WG,Wages,CAD,Canadian dollar,A,Annual,V,Current prices,MEAN,Mean,_Z,Not applicable,1991,,34499.894,,,,A,Normal value,0,Units,0,Zero
DATAFLOW,OECD.ELS.SAE:DSD_EARNINGS@AV_AN_WAGE(1.0),Average annual wages,I,CAN,Canada,WG,Wages,CAD,Canadian dollar,A,Annual,V,Current prices,MEAN,Mean,_Z,Not applicable,1992,,35550.271,,,,A,Normal value,0,Units,0,Zero
DATAFLOW,OECD.ELS.SAE:DSD_EARNINGS@AV_AN_WAGE(1.0),Average annual wages,I,CAN,Canada,WG,Wages,CAD,Canadian dollar,A,Annual,V,Current prices,MEAN,Mean,_Z,Not applicable,1993,,36179.871,,,,A,Normal value,0,Units,0,Zero
DATAFLOW,OECD.ELS.SAE:DSD_EARNINGS@AV_AN_WAGE(1.0),Average annual wages,I,CAN,Canada,WG,Wages,CAD,Canadian dollar,A,Annual,V,Current prices,MEAN,Mean,_Z,Not applicable,1994,,36174.611,,,,A,Normal value,0,Units,0,Zero
DATAFLOW,OECD.ELS.SAE:DSD_EARNINGS@AV_AN_WAGE(1.0),Average annual wages,I,CAN,Canada,WG,Wages,CAD,Canadian dollar,A,Annual,V,Current prices,MEAN,Mean,_Z,Not applicable,1995,,36570.718,,,,A,Normal value,0,Units,0,Zero
DATAFLOW,OECD.ELS.SAE:DSD_EARNINGS@AV_AN_WAGE(1.0),Average annual wages,I,CAN,Canada,WG,Wages,CAD,Canadian dollar,A,Annual,V,Current prices,MEAN,Mean,_Z,Not applicable,1996,,37443.56,,,,A,Normal value,0,Units,0,Zero
DATAFLOW,OECD.ELS.SAE:DSD_EARNINGS@AV_AN_WAGE(1.0),Average annual wages,I,CAN,Canada,WG,Wages,CAD,Canadian dollar,A,Annual,V,Current prices,MEAN,Mean,_Z,Not applicable,1997,,39115.9,,,,A,Normal value,0,Units,0,Zero
DATAFLOW,OECD.ELS.SAE:DSD_EARNINGS@AV_AN_WAGE(1.0),Average annual wages,I,CAN,Canada,WG,Wages,CAD,Canadian dollar,A,Annual,V,Current prices,MEAN,Mean,_Z,Not applicable,1998,,40295.003,,,,A,Normal value,0,Units,0,Zero
DATAFLOW,OECD.ELS.SAE:DSD_EARNINGS@AV_AN_WAGE(1.0),Average annual wages,I,CAN,Canada,WG,Wages,CAD,Canadian dollar,A,Annual,V,Current prices,MEAN,Mean,_Z,Not applicable,1999,,41271.136,,,,A,Normal value,0,Units,0,Zero
DATAFLOW,OECD.ELS.SAE:DSD_EARNINGS@AV_AN_WAGE(1.0),Average annual wages,I,CAN,Canada,WG,Wages,CAD,Canadian dollar,A,Annual,V,Current prices,MEAN,Mean,_Z,Not applicable,2000,,43474.893,,,,A,Normal value,0,Units,0,Zero
DATAFLOW,OECD.ELS.SAE:DSD_EARNINGS@AV_AN_WAGE(1.0),Average annual wages,I,CAN,Canada,WG,Wages,CAD,Canadian dollar,A,Annual,V,Current prices,MEAN,Mean,_Z,Not applicable,2001,,44199.039,,,,A,Normal value,0,Units,0,Zero
DATAFLOW,OECD.ELS.SAE:DSD_EARNINGS@AV_AN_WAGE(1.0),Average annual wages,I,CAN,Canada,WG,Wages,CAD,Canadian dollar,A,Annual,V,Current prices,MEAN,Mean,_Z,Not applicable,2002,,44699.599,,,,A,Normal value,0,Units,0,Zero
DATAFLOW,OECD.ELS.SAE:DSD_EARNINGS@AV_AN_WAGE(1.0),Average annual wages,I,CAN,Canada,WG,Wages,CAD,Canadian dollar,A,Annual,V,Current prices,MEAN,Mean,_Z,Not applicable,2003,,45470.707,,,,A,Normal value,0,Units,0,Zero
DATAFLOW,OECD.ELS.SAE:DSD_EARNINGS@AV_AN_WAGE(1.0),Average annual wages,I,CAN,Canada,WG,Wages,CAD,Canadian dollar,A,Annual,V,Current prices,MEAN,Mean,_Z,Not applicable,2004,,47157.534,,,,A,Normal value,0,Units,0,Zero
DATAFLOW,OECD.ELS.SAE:DSD_EARNINGS@AV_AN_WAGE(1.0),Average annual wages,I,CAN,Canada,WG,Wages,CAD,Canadian dollar,A,Annual,V,Current prices,MEAN,Mean,_Z,Not applicable,2005,,49312.223,,,,A,Normal value,0,Units,0,Zero
DATAFLOW,OECD.ELS.SAE:DSD_EARNINGS@AV_AN_WAGE(1.0),Average annual wages,I,CAN,Canada,WG,Wages,CAD,Canadian dollar,A,Annual,V,Current prices,MEAN,Mean,_Z,Not applicable,2006,,51446.579,,,,A,Normal value,0,Units,0,Zero
DATAFLOW,OECD.ELS.SAE:DSD_EARNINGS@AV_AN_WAGE(1.0),Average annual wages,I,CAN,Canada,WG,Wages,CAD,Canadian dollar,A,Annual,V,Current prices,MEAN,Mean,_Z,Not applicable,2007,,53631.816,,,,A,Normal value,0,Units,0,Zero
DATAFLOW,OECD.ELS.SAE:DSD_EARNINGS@AV_AN_WAGE(1.0),Average annual wages,I,COL,Colombia,WG,Wages,COP,Colombian peso,A,Annual,V,Current prices,MEAN,Mean,_Z,Not applicable,2005,,13736750,,,,A,Normal value,0,Units,0,Zero
DATAFLOW,OECD.ELS.SAE:DSD_EARNINGS@AV_AN_WAGE(1.0),Average annual wages,I,COL,Colombia,WG,Wages,COP,Colombian peso,A,Annual,V,Current prices,MEAN,Mean,_Z,Not applicable,2006,,15004859,,,,A,Normal value,0,Units,0,Zero
DATAFLOW,OECD.ELS.SAE:DSD_EARNINGS@AV_AN_WAGE(1.0),Average annual wages,I,COL,Colombia,WG,Wages,COP,Colombian peso,A,Annual,V,Current prices,MEAN,Mean,_Z,Not applicable,2007,,16442646,,,,A,Normal value,0,Units,0,Zero
DATAFLOW,OECD.ELS.SAE:DSD_EARNINGS@AV_AN_WAGE(1.0),Average annual wages,I,COL,Colombia,WG,Wages,COP,Colombian peso,A,Annual,V,Current prices,MEAN,Mean,_Z,Not applicable,2008,,19190685,,,,A,Normal value,0,Units,0,Zero
DATAFLOW,OECD.ELS.SAE:DSD_EARNINGS@AV_AN_WAGE(1.0),Average annual wages,I,CRI,Costa Rica,WG,Wages,CRC,Costa Rican colon,A,Annual,V,Current prices,MEAN,Mean,_Z,Not applicable,1991,,549238.7,,,,A,Normal value,0,Units,0,Zero
DATAFLOW,OECD.ELS.SAE:DSD_EARNINGS@AV_AN_WAGE(1.0),Average annual wages,I,CRI,Costa Rica,WG,Wages,CRC,Costa Rican colon,A,Annual,V,Current prices,MEAN,Mean,_Z,Not applicable,1992,,675446.21,,,,A,Normal value,0,Units,0,Zero
DATAFLOW,OECD.ELS.SAE:DSD_EARNINGS@AV_AN_WAGE(1.0),Average annual wages,I,CRI,Costa Rica,WG,Wages,CRC,Costa Rican colon,A,Annual,V,Current prices,MEAN,Mean,_Z,Not applicable,1993,,787413.92,,,,A,Normal value,0,Units,0,Zero
DATAFLOW,OECD.ELS.SAE:DSD_EARNINGS@AV_AN_WAGE(1.0),Average annual wages,I,CRI,Costa Rica,WG,Wages,CRC,Costa Rican colon,A,Annual,V,Current prices,MEAN,Mean,_Z,Not applicable,1994,,924791.87,,,,A,Normal value,0,Units,0,Zero
DATAFLOW,OECD.ELS.SAE:DSD_EARNINGS@AV_AN_WAGE(1.0),Average annual wages,I,CRI,Costa Rica,WG,Wages,CRC,Costa Rican colon,A,Annual,V,Current prices,MEAN,Mean,_Z,Not applicable,1995,,1109765.3,,,,A,Normal value,0,Units,0,Zero
DATAFLOW,OECD.ELS.SAE:DSD_EARNINGS@AV_AN_WAGE(1.0),Average annual wages,I,CRI,Costa Rica,WG,Wages,CRC,Costa Rican colon,A,Annual,V,Current prices,MEAN,Mean,_Z,Not applicable,1996,,1308040.1,,,,A,Normal value,0,Units,0,Zero
DATAFLOW,OECD.ELS.SAE:DSD_EARNINGS@AV_AN_WAGE(1.0),Average annual wages,I,CRI,Costa Rica,WG,Wages,CRC,Costa Rican colon,A,Annual,V,Current prices,MEAN,Mean,_Z,Not applicable,1997,,1463451.2,,,,A,Normal value,0,Units,0,Zero
DATAFLOW,OECD.ELS.SAE:DSD_EARNINGS@AV_AN_WAGE(1.0),Average annual wages,I,CRI,Costa Rica,WG,Wages,CRC,Costa Rican colon,A,Annual,V,Current prices,MEAN,Mean,_Z,Not applicable,1998,,1629206.9,,,,A,Normal value,0,Units,0,Zero
DATAFLOW,OECD.ELS.SAE:DSD_EARNINGS@AV_AN_WAGE(1.0),Average annual wages,I,CRI,Costa Rica,WG,Wages,CRC,Costa Rican colon,A,Annual,V,Current prices,MEAN,Mean,_Z,Not applicable,1999,,1909613.5,,,,A,Normal value,0,Units,0,Zero
DATAFLOW,OECD.ELS.SAE:DSD_EARNINGS@AV_AN_WAGE(1.0),Average annual wages,I,CRI,Costa Rica,WG,Wages,CRC,Costa Rican colon,A,Annual,V,Current prices,MEAN,Mean,_Z,Not applicable,2000,,2127867.3,,,,A,Normal value,0,Units,0,Zero
DATAFLOW,OECD.ELS.SAE:DSD_EARNINGS@AV_AN_WAGE(1.0),Average annual wages,I,CRI,Costa Rica,WG,Wages,CRC,Costa Rican colon,A,Annual,V,Current prices,MEAN,Mean,_Z,Not applicable,2001,,2409348.1,,,,A,Normal value,0,Units,0,Zero
DATAFLOW,OECD.ELS.SAE:DSD_EARNINGS@AV_AN_WAGE(1.0),Average annual wages,I,CRI,Costa Rica,WG,Wages,CRC,Costa Rican colon,A,Annual,V,Current prices,MEAN,Mean,_Z,Not applicable,2002,,2699973.1,,,,A,Normal value,0,Units,0,Zero
DATAFLOW,OECD.ELS.SAE:DSD_EARNINGS@AV_AN_WAGE(1.0),Average annual wages,I,CRI,Costa Rica,WG,Wages,CRC,Costa Rican colon,A,Annual,V,Current prices,MEAN,Mean,_Z,Not applicable,2003,,2927480.6,,,,A,Normal value,0,Units,0,Zero
DATAFLOW,OECD.ELS.SAE:DSD_EARNINGS@AV_AN_WAGE(1.0),Average annual wages,I,CRI,Costa Rica,WG,Wages,CRC,Costa Rican colon,A,Annual,V,Current prices,MEAN,Mean,_Z,Not applicable,2004,,3351053.3,,,,A,Normal value,0,Units,0,Zero
DATAFLOW,OECD.ELS.SAE:DSD_EARNINGS@AV_AN_WAGE(1.0),Average annual wages,I,CRI,Costa Rica,WG,Wages,CRC,Costa Rican colon,A,Annual,V,Current prices,MEAN,Mean,_Z,Not applicable,2005,,3517371.7,,,,A,Normal value,0,Units,0,Zero
DATAFLOW,OECD.ELS.SAE:DSD_EARNINGS@AV_AN_WAGE(1.0),Average annual wages,I,CRI,Costa Rica,WG,Wages,CRC,Costa Rican colon,A,Annual,V,Current prices,MEAN,Mean,_Z,Not applicable,2006,,4156115.5,,,,A,Normal value,0,Units,0,Zero
DATAFLOW,OECD.ELS.SAE:DSD_EARNINGS@AV_AN_WAGE(1.0),Average annual wages,I,CRI,Costa Rica,WG,Wages,CRC,Costa Rican colon,A,Annual,V,Current prices,MEAN,Mean,_Z,Not applicable,2007,,4546869.1,,,,A,Normal value,0,Units,0,Zero
DATAFLOW,OECD.ELS.SAE:DSD_EARNINGS@AV_AN_WAGE(1.0),Average annual wages,I,CRI,Costa Rica,WG,Wages,CRC,Costa Rican colon,A,Annual,V,Current prices,MEAN,Mean,_Z,Not applicable,2008,,5315863.4,,,,A,Normal value,0,Units,0,Zero
DATAFLOW,OECD.ELS.SAE:DSD_EARNINGS@AV_AN_WAGE(1.0),Average annual wages,I,CRI,Costa Rica,WG,Wages,CRC,Costa Rican colon,A,Annual,V,Current prices,MEAN,Mean,_Z,Not applicable,2009,,6162442.9,,,,A,Normal value,0,Units,0,Zero
DATAFLOW,OECD.ELS.SAE:DSD_EARNINGS@AV_AN_WAGE(1.0),Average annual wages,I,CRI,Costa Rica,WG,Wages,CRC,Costa Rican colon,A,Annual,V,Current prices,MEAN,Mean,_Z,Not applicable,2010,,6735220.7,,,,A,Normal value,0,Units,0,Zero
DATAFLOW,OECD.ELS.SAE:DSD_EARNINGS@AV_AN_WAGE(1.0),Average annual wages,I,CRI,Costa Rica,WG,Wages,CRC,Costa Rican colon,A,Annual,V,Current prices,MEAN,Mean,_Z,Not applicable,2011,,7355947.4,,,,A,Normal value,0,Units,0,Zero
DATAFLOW,OECD.ELS.SAE:DSD_EARNINGS@AV_AN_WAGE(1.0),Average annual wages,I,CRI,Costa Rica,WG,Wages,CRC,Costa Rican colon,A,Annual,V,Current prices,MEAN,Mean,_Z,Not applicable,2012,,7746081,,,,A,Normal value,0,Units,0,Zero
DATAFLOW,OECD.ELS.SAE:DSD_EARNINGS@AV_AN_WAGE(1.0),Average annual wages,I,CRI,Costa Rica,WG,Wages,CRC,Costa Rican colon,A,Annual,V,Current prices,MEAN,Mean,_Z,Not applicable,2013,,8688384.1,,,,A,Normal value,0,Units,0,Zero
DATAFLOW,OECD.ELS.SAE:DSD_EARNINGS@AV_AN_WAGE(1.0),Average annual wages,I,CRI,Costa Rica,WG,Wages,CRC,Costa Rican colon,A,Annual,V,Current prices,MEAN,Mean,_Z,Not applicable,2014,,9174166.6,,,,A,Normal value,0,Units,0,Zero
DATAFLOW,OECD.ELS.SAE:DSD_EARNINGS@AV_AN_WAGE(1.0),Average annual wages,I,CRI,Costa Rica,WG,Wages,CRC,Costa Rican colon,A,Annual,V,Current prices,MEAN,Mean,_Z,Not applicable,2015,,9883388.6,,,,A,Normal value,0,Units,0,Zero
DATAFLOW,OECD.ELS.SAE:DSD_EARNINGS@AV_AN_WAGE(1.0),Average annual wages,I,CRI,Costa Rica,WG,Wages,CRC,Costa Rican colon,A,Annual,V,Current prices,MEAN,Mean,_Z,Not applicable,2016,,10392555,,,,A,Normal value,0,Units,0,Zero
DATAFLOW,OECD.ELS.SAE:DSD_EARNINGS@AV_AN_WAGE(1.0),Average annual wages,I,CRI,Costa Rica,WG,Wages,CRC,Costa Rican colon,A,Annual,V,Current prices,MEAN,Mean,_Z,Not applicable,2017,,10684070,,,,A,Normal value,0,Units,0,Zero
DATAFLOW,OECD.ELS.SAE:DSD_EARNINGS@AV_AN_WAGE(1.0),Average annual wages,I,CRI,Costa Rica,WG,Wages,CRC,Costa Rican colon,A,Annual,V,Current prices,MEAN,Mean,_Z,Not applicable,2018,,11178021,,,,A,Normal value,0,Units,0,Zero
DATAFLOW,OECD.ELS.SAE:DSD_EARNINGS@AV_AN_WAGE(1.0),Average annual wages,I,CRI,Costa Rica,WG,Wages,CRC,Costa Rican colon,A,Annual,V,Current prices,MEAN,Mean,_Z,Not applicable,2022,,13227896,,,,A,Normal value,0,Units,0,Zero
DATAFLOW,OECD.ELS.SAE:DSD_EARNINGS@AV_AN_WAGE(1.0),Average annual wages,I,CZE,Czechia,WG,Wages,CZK,Czech koruna,A,Annual,V,Current prices,MEAN,Mean,_Z,Not applicable,1997,,140918.32,,,,A,Normal value,0,Units,0,Zero
DATAFLOW,OECD.ELS.SAE:DSD_EARNINGS@AV_AN_WAGE(1.0),Average annual wages,I,CZE,Czechia,WG,Wages,CZK,Czech koruna,A,Annual,V,Current prices,MEAN,Mean,_Z,Not applicable,2000,,173858.19,,,,A,Normal value,0,Units,0,Zero
DATAFLOW,OECD.ELS.SAE:DSD_EARNINGS@AV_AN_WAGE(1.0),Average annual wages,I,CZE,Czechia,WG,Wages,CZK,Czech koruna,A,Annual,V,Current prices,MEAN,Mean,_Z,Not applicable,2001,,189208.93,,,,A,Normal value,0,Units,0,Zero
DATAFLOW,OECD.ELS.SAE:DSD_EARNINGS@AV_AN_WAGE(1.0),Average annual wages,I,CZE,Czechia,WG,Wages,CZK,Czech koruna,A,Annual,V,Current prices,MEAN,Mean,_Z,Not applicable,2003,,219031.5,,,,A,Normal value,0,Units,0,Zero
DATAFLOW,OECD.ELS.SAE:DSD_EARNINGS@AV_AN_WAGE(1.0),Average annual wages,I,CZE,Czechia,WG,Wages,CZK,Czech koruna,A,Annual,V,Current prices,MEAN,Mean,_Z,Not applicable,2004,,236759.02,,,,A,Normal value,0,Units,0,Zero
DATAFLOW,OECD.ELS.SAE:DSD_EARNINGS@AV_AN_WAGE(1.0),Average annual wages,I,CZE,Czechia,WG,Wages,CZK,Czech koruna,A,Annual,V,Current prices,MEAN,Mean,_Z,Not applicable,2006,,260859.74,,,,A,Normal value,0,Units,0,Zero
DATAFLOW,OECD.ELS.SAE:DSD_EARNINGS@AV_AN_WAGE(1.0),Average annual wages,I,CZE,Czechia,WG,Wages,CZK,Czech koruna,A,Annual,V,Current prices,MEAN,Mean,_Z,Not applicable,2007,,276548.97,,,,A,Normal value,0,Units,0,Zero
DATAFLOW,OECD.ELS.SAE:DSD_EARNINGS@AV_AN_WAGE(1.0),Average annual wages,I,CZE,Czechia,WG,Wages,CZK,Czech koruna,A,Annual,V,Current prices,MEAN,Mean,_Z,Not applicable,2010,,302624.81,,,,A,Normal value,0,Units,0,Zero
DATAFLOW,OECD.ELS.SAE:DSD_EARNINGS@AV_AN_WAGE(1.0),Average annual wages,I,NZL,New Zealand,WG,Wages,NZD,New Zealand dollar,A,Annual,V,Current prices,MEAN,Mean,_Z,Not applicable,1990,,30907.417,,,,A,Normal value,0,Units,0,Zero
DATAFLOW,OECD.ELS.SAE:DSD_EARNINGS@AV_AN_WAGE(1.0),Average annual wages,I,NZL,New Zealand,WG,Wages,NZD,New Zealand dollar,A,Annual,V,Current prices,MEAN,Mean,_Z,Not applicable,1991,,30380.063,,,,A,Normal value,0,Units,0,Zero
DATAFLOW,OECD.ELS.SAE:DSD_EARNINGS@AV_AN_WAGE(1.0),Average annual wages,I,NZL,New Zealand,WG,Wages,NZD,New Zealand dollar,A,Annual,V,Current prices,MEAN,Mean,_Z,Not applicable,1992,,32210.612,,,,A,Normal value,0,Units,0,Zero
DATAFLOW,OECD.ELS.SAE:DSD_EARNINGS@AV_AN_WAGE(1.0),Average annual wages,I,NZL,New Zealand,WG,Wages,NZD,New Zealand dollar,A,Annual,V,Current prices,MEAN,Mean,_Z,Not applicable,1993,,33266.668,,,,A,Normal value,0,Units,0,Zero
DATAFLOW,OECD.ELS.SAE:DSD_EARNINGS@AV_AN_WAGE(1.0),Average annual wages,I,NZL,New Zealand,WG,Wages,NZD,New Zealand dollar,A,Annual,V,Current prices,MEAN,Mean,_Z,Not applicable,1994,,34182.547,,,,A,Normal value,0,Units,0,Zero
DATAFLOW,OECD.ELS.SAE:DSD_EARNINGS@AV_AN_WAGE(1.0),Average annual wages,I,NZL,New Zealand,WG,Wages,NZD,New Zealand dollar,A,Annual,V,Current prices,MEAN,Mean,_Z,Not applicable,1995,,34707.296,,,,A,Normal value,0,Units,0,Zero
DATAFLOW,OECD.ELS.SAE:DSD_EARNINGS@AV_AN_WAGE(1.0),Average annual wages,I,NZL,New Zealand,WG,Wages,NZD,New Zealand dollar,A,Annual,V,Current prices,MEAN,Mean,_Z,Not applicable,1996,,35978.898,,,,A,Normal value,0,Units,0,Zero
DATAFLOW,OECD.ELS.SAE:DSD_EARNINGS@AV_AN_WAGE(1.0),Average annual wages,I,NZL,New Zealand,WG,Wages,NZD,New Zealand dollar,A,Annual,V,Current prices,MEAN,Mean,_Z,Not applicable,1997,,37454.091,,,,A,Normal value,0,Units,0,Zero
DATAFLOW,OECD.ELS.SAE:DSD_EARNINGS@AV_AN_WAGE(1.0),Average annual wages,I,NZL,New Zealand,WG,Wages,NZD,New Zealand dollar,A,Annual,V,Current prices,MEAN,Mean,_Z,Not applicable,1998,,37421.54,,,,A,Normal value,0,Units,0,Zero
DATAFLOW,OECD.ELS.SAE:DSD_EARNINGS@AV_AN_WAGE(1.0),Average annual wages,I,NZL,New Zealand,WG,Wages,NZD,New Zealand dollar,A,Annual,V,Current prices,MEAN,Mean,_Z,Not applicable,1999,,37195.732,,,,A,Normal value,0,Units,0,Zero
DATAFLOW,OECD.ELS.SAE:DSD_EARNINGS@AV_AN_WAGE(1.0),Average annual wages,I,NZL,New Zealand,WG,Wages,NZD,New Zealand dollar,A,Annual,V,Current prices,MEAN,Mean,_Z,Not applicable,2000,,38144.557,,,,A,Normal value,0,Units,0,Zero
DATAFLOW,OECD.ELS.SAE:DSD_EARNINGS@AV_AN_WAGE(1.0),Average annual wages,I,NZL,New Zealand,WG,Wages,NZD,New Zealand dollar,A,Annual,V,Current prices,MEAN,Mean,_Z,Not applicable,2001,,39669.792,,,,A,Normal value,0,Units,0,Zero
DATAFLOW,OECD.ELS.SAE:DSD_EARNINGS@AV_AN_WAGE(1.0),Average annual wages,I,NZL,New Zealand,WG,Wages,NZD,New Zealand dollar,A,Annual,V,Current prices,MEAN,Mean,_Z,Not applicable,2002,,41227.473,,,,A,Normal value,0,Units,0,Zero
DATAFLOW,OECD.ELS.SAE:DSD_EARNINGS@AV_AN_WAGE(1.0),Average annual wages,I,NZL,New Zealand,WG,Wages,NZD,New Zealand dollar,A,Annual,V,Current prices,MEAN,Mean,_Z,Not applicable,2003,,42961.392,,,,A,Normal value,0,Units,0,Zero
DATAFLOW,OECD.ELS.SAE:DSD_EARNINGS@AV_AN_WAGE(1.0),Average annual wages,I,NZL,New Zealand,WG,Wages,NZD,New Zealand dollar,A,Annual,V,Current prices,MEAN,Mean,_Z,Not applicable,2004,,45051.443,,,,A,Normal value,0,Units,0,Zero
DATAFLOW,OECD.ELS.SAE:DSD_EARNINGS@AV_AN_WAGE(1.0),Average annual wages,I,NZL,New Zealand,WG,Wages,NZD,New Zealand dollar,A,Annual,V,Current prices,MEAN,Mean,_Z,Not applicable,2005,,46698.417,,,,A,Normal value,0,Units,0,Zero
DATAFLOW,OECD.ELS.SAE:DSD_EARNINGS@AV_AN_WAGE(1.0),Average annual wages,I,NZL,New Zealand,WG,Wages,NZD,New Zealand dollar,A,Annual,V,Current prices,MEAN,Mean,_Z,Not applicable,2006,,48381.934,,,,A,Normal value,0,Units,0,Zero
DATAFLOW,OECD.ELS.SAE:DSD_EARNINGS@AV_AN_WAGE(1.0),Average annual wages,I,NZL,New Zealand,WG,Wages,NZD,New Zealand dollar,A,Annual,V,Current prices,MEAN,Mean,_Z,Not applicable,2007,,52039.212,,,,A,Normal value,0,Units,0,Zero
DATAFLOW,OECD.ELS.SAE:DSD_EARNINGS@AV_AN_WAGE(1.0),Average annual wages,I,NZL,New Zealand,WG,Wages,NZD,New Zealand dollar,A,Annual,V,Current prices,MEAN,Mean,_Z,Not applicable,2008,,53373.931,,,,A,Normal value,0,Units,0,Zero
DATAFLOW,OECD.ELS.SAE:DSD_EARNINGS@AV_AN_WAGE(1.0),Average annual wages,I,NZL,New Zealand,WG,Wages,NZD,New Zealand dollar,A,Annual,V,Current prices,MEAN,Mean,_Z,Not applicable,2009,,55439.92,,,,A,Normal value,0,Units,0,Zero
DATAFLOW,OECD.ELS.SAE:DSD_EARNINGS@AV_AN_WAGE(1.0),Average annual wages,I,NZL,New Zealand,WG,Wages,NZD,New Zealand dollar,A,Annual,V,Current prices,MEAN,Mean,_Z,Not applicable,2010,,56753.817,,,,A,Normal value,0,Units,0,Zero
DATAFLOW,OECD.ELS.SAE:DSD_EARNINGS@AV_AN_WAGE(1.0),Average annual wages,I,NZL,New Zealand,WG,Wages,NZD,New Zealand dollar,A,Annual,V,Current prices,MEAN,Mean,_Z,Not applicable,2011,,58365.425,,,,A,Normal value,0,Units,0,Zero
DATAFLOW,OECD.ELS.SAE:DSD_EARNINGS@AV_AN_WAGE(1.0),Average annual wages,I,NZL,New Zealand,WG,Wages,NZD,New Zealand dollar,A,Annual,V,Current prices,MEAN,Mean,_Z,Not applicable,2012,,60082.494,,,,A,Normal value,0,Units,0,Zero
DATAFLOW,OECD.ELS.SAE:DSD_EARNINGS@AV_AN_WAGE(1.0),Average annual wages,I,NZL,New Zealand,WG,Wages,NZD,New Zealand dollar,A,Annual,V,Current prices,MEAN,Mean,_Z,Not applicable,2013,,59693.227,,,,A,Normal value,0,Units,0,Zero
DATAFLOW,OECD.ELS.SAE:DSD_EARNINGS@AV_AN_WAGE(1.0),Average annual wages,I,NZL,New Zealand,WG,Wages,NZD,New Zealand dollar,A,Annual,V,Current prices,MEAN,Mean,_Z,Not applicable,2014,,60458.514,,,,A,Normal value,0,Units,0,Zero
DATAFLOW,OECD.ELS.SAE:DSD_EARNINGS@AV_AN_WAGE(1.0),Average annual wages,I,NZL,New Zealand,WG,Wages,NZD,New Zealand dollar,A,Annual,V,Current prices,MEAN,Mean,_Z,Not applicable,2015,,62024.613,,,,A,Normal value,0,Units,0,Zero
DATAFLOW,OECD.ELS.SAE:DSD_EARNINGS@AV_AN_WAGE(1.0),Average annual wages,I,NZL,New Zealand,WG,Wages,NZD,New Zealand dollar,A,Annual,V,Current prices,MEAN,Mean,_Z,Not applicable,2016,,64465.395,,,,A,Normal value,0,Units,0,Zero
DATAFLOW,OECD.ELS.SAE:DSD_EARNINGS@AV_AN_WAGE(1.0),Average annual wages,I,NZL,New Zealand,WG,Wages,NZD,New Zealand dollar,A,Annual,V,Current prices,MEAN,Mean,_Z,Not applicable,2017,,65927.281,,,,A,Normal value,0,Units,0,Zero
DATAFLOW,OECD.ELS.SAE:DSD_EARNINGS@AV_AN_WAGE(1.0),Average annual wages,I,NZL,New Zealand,WG,Wages,NZD,New Zealand dollar,A,Annual,V,Current prices,MEAN,Mean,_Z,Not applicable,2018,,68456.666,,,,A,Normal value,0,Units,0,Zero
DATAFLOW,OECD.ELS.SAE:DSD_EARNINGS@AV_AN_WAGE(1.0),Average annual wages,I,NZL,New Zealand,WG,Wages,NZD,New Zealand dollar,A,Annual,V,Current prices,MEAN,Mean,_Z,Not applicable,2019,,71627.291,,,,A,Normal value,0,Units,0,Zero
DATAFLOW,OECD.ELS.SAE:DSD_EARNINGS@AV_AN_WAGE(1.0),Average annual wages,I,USA,United States,WG,Wages,USD,US dollar,A,Annual,V,Current prices,MEAN,Mean,_Z,Not applicable,2004,,43946.298,,,,A,Normal value,0,Units,0,Zero
DATAFLOW,OECD.ELS.SAE:DSD_EARNINGS@AV_AN_WAGE(1.0),Average annual wages,I,USA,United States,WG,Wages,USD,US dollar,A,Annual,V,Current prices,MEAN,Mean,_Z,Not applicable,2010,,52428.832,,,,A,Normal value,0,Units,0,Zero
DATAFLOW,OECD.ELS.SAE:DSD_EARNINGS@AV_AN_WAGE(1.0),Average annual wages,I,BGR,Bulgaria,WG,Wages,BGN,Bulgarian lev,A,Annual,V,Current prices,MEAN,Mean,_Z,Not applicable,1995,,103.433,,,,A,Normal value,0,Units,0,Zero
DATAFLOW,OECD.ELS.SAE:DSD_EARNINGS@AV_AN_WAGE(1.0),Average annual wages,I,BGR,Bulgaria,WG,Wages,BGN,Bulgarian lev,A,Annual,V,Current prices,MEAN,Mean,_Z,Not applicable,1996,,177.276,,,,A,Normal value,0,Units,0,Zero
DATAFLOW,OECD.ELS.SAE:DSD_EARNINGS@AV_AN_WAGE(1.0),Average annual wages,I,BGR,Bulgaria,WG,Wages,BGN,Bulgarian lev,A,Annual,V,Current prices,MEAN,Mean,_Z,Not applicable,1997,,1689.747,,,,A,Normal value,0,Units,0,Zero
DATAFLOW,OECD.ELS.SAE:DSD_EARNINGS@AV_AN_WAGE(1.0),Average annual wages,I,BGR,Bulgaria,WG,Wages,BGN,Bulgarian lev,A,Annual,V,Current prices,MEAN,Mean,_Z,Not applicable,1998,,2692.093,,,,A,Normal value,0,Units,0,Zero
DATAFLOW,OECD.ELS.SAE:DSD_EARNINGS@AV_AN_WAGE(1.0),Average annual wages,I,BGR,Bulgaria,WG,Wages,BGN,Bulgarian lev,A,Annual,V,Current prices,MEAN,Mean,_Z,Not applicable,1999,,2874.88,,,,A,Normal value,0,Units,0,Zero
DATAFLOW,OECD.ELS.SAE:DSD_EARNINGS@AV_AN_WAGE(1.0),Average annual wages,I,BGR,Bulgaria,WG,Wages,BGN,Bulgarian lev,A,Annual,V,Current prices,MEAN,Mean,_Z,Not applicable,2000,,3230.81,,,,A,Normal value,0,Units,0,Zero
DATAFLOW,OECD.ELS.SAE:DSD_EARNINGS@AV_AN_WAGE(1.0),Average annual wages,I,BGR,Bulgaria,WG,Wages,BGN,Bulgarian lev,A,Annual,V,Current prices,MEAN,Mean,_Z,Not applicable,2001,,3713.932,,,,A,Normal value,0,Units,0,Zero
DATAFLOW,OECD.ELS.SAE:DSD_EARNINGS@AV_AN_WAGE(1.0),Average annual wages,I,BGR,Bulgaria,WG,Wages,BGN,Bulgarian lev,A,Annual,V,Current prices,MEAN,Mean,_Z,Not applicable,2002,,3964.087,,,,A,Normal value,0,Units,0,Zero
DATAFLOW,OECD.ELS.SAE:DSD_EARNINGS@AV_AN_WAGE(1.0),Average annual wages,I,BGR,Bulgaria,WG,Wages,BGN,Bulgarian lev,A,Annual,V,Current prices,MEAN,Mean,_Z,Not applicable,2003,,4179.116,,,,A,Normal value,0,Units,0,Zero
DATAFLOW,OECD.ELS.SAE:DSD_EARNINGS@AV_AN_WAGE(1.0),Average annual wages,I,BGR,Bulgaria,WG,Wages,BGN,Bulgarian lev,A,Annual,V,Current prices,MEAN,Mean,_Z,Not applicable,2004,,4593.639,,,,A,Normal value,0,Units,0,Zero
DATAFLOW,OECD.ELS.SAE:DSD_EARNINGS@AV_AN_WAGE(1.0),Average annual wages,I,BGR,Bulgaria,WG,Wages,BGN,Bulgarian lev,A,Annual,V,Current prices,MEAN,Mean,_Z,Not applicable,2005,,5209.124,,,,A,Normal value,0,Units,0,Zero
DATAFLOW,OECD.ELS.SAE:DSD_EARNINGS@AV_AN_WAGE(1.0),Average annual wages,I,BGR,Bulgaria,WG,Wages,BGN,Bulgarian lev,A,Annual,V,Current prices,MEAN,Mean,_Z,Not applicable,2006,,5445.533,,,,A,Normal value,0,Units,0,Zero
DATAFLOW,OECD.ELS.SAE:DSD_EARNINGS@AV_AN_WAGE(1.0),Average annual wages,I,BGR,Bulgaria,WG,Wages,BGN,Bulgarian lev,A,Annual,V,Current prices,MEAN,Mean,_Z,Not applicable,2007,,6310.997,,,,A,Normal value,0,Units,0,Zero
DATAFLOW,OECD.ELS.SAE:DSD_EARNINGS@AV_AN_WAGE(1.0),Average annual wages,I,BGR,Bulgaria,WG,Wages,BGN,Bulgarian lev,A,Annual,V,Current prices,MEAN,Mean,_Z,Not applicable,2008,,7161.883,,,,A,Normal value,0,Units,0,Zero
DATAFLOW,OECD.ELS.SAE:DSD_EARNINGS@AV_AN_WAGE(1.0),Average annual wages,I,BGR,Bulgaria,WG,Wages,BGN,Bulgarian lev,A,Annual,V,Current prices,MEAN,Mean,_Z,Not applicable,2009,,7907.757,,,,A,Normal value,0,Units,0,Zero
DATAFLOW,OECD.ELS.SAE:DSD_EARNINGS@AV_AN_WAGE(1.0),Average annual wages,I,BGR,Bulgaria,WG,Wages,BGN,Bulgarian lev,A,Annual,V,Current prices,MEAN,Mean,_Z,Not applicable,2010,,8849.784,,,,A,Normal value,0,Units,0,Zero
DATAFLOW,OECD.ELS.SAE:DSD_EARNINGS@AV_AN_WAGE(1.0),Average annual wages,I,BGR,Bulgaria,WG,Wages,BGN,Bulgarian lev,A,Annual,V,Current prices,MEAN,Mean,_Z,Not applicable,2011,,9441.013,,,,A,Normal value,0,Units,0,Zero
DATAFLOW,OECD.ELS.SAE:DSD_EARNINGS@AV_AN_WAGE(1.0),Average annual wages,I,BGR,Bulgaria,WG,Wages,BGN,Bulgarian lev,A,Annual,V,Current prices,MEAN,Mean,_Z,Not applicable,2012,,10198.079,,,,A,Normal value,0,Units,0,Zero
DATAFLOW,OECD.ELS.SAE:DSD_EARNINGS@AV_AN_WAGE(1.0),Average annual wages,I,BGR,Bulgaria,WG,Wages,BGN,Bulgarian lev,A,Annual,V,Current prices,MEAN,Mean,_Z,Not applicable,2013,,11043.906,,,,A,Normal value,0,Units,0,Zero
DATAFLOW,OECD.ELS.SAE:DSD_EARNINGS@AV_AN_WAGE(1.0),Average annual wages,I,BGR,Bulgaria,WG,Wages,BGN,Bulgarian lev,A,Annual,V,Current prices,MEAN,Mean,_Z,Not applicable,2014,,11665.172,,,,A,Normal value,0,Units,0,Zero
DATAFLOW,OECD.ELS.SAE:DSD_EARNINGS@AV_AN_WAGE(1.0),Average annual wages,I,BGR,Bulgaria,WG,Wages,BGN,Bulgarian lev,A,Annual,V,Current prices,MEAN,Mean,_Z,Not applicable,2015,,12346.364,,,,A,Normal value,0,Units,0,Zero
DATAFLOW,OECD.ELS.SAE:DSD_EARNINGS@AV_AN_WAGE(1.0),Average annual wages,I,BGR,Bulgaria,WG,Wages,BGN,Bulgarian lev,A,Annual,V,Current prices,MEAN,Mean,_Z,Not applicable,2016,,13114.419,,,,A,Normal value,0,Units,0,Zero
DATAFLOW,OECD.ELS.SAE:DSD_EARNINGS@AV_AN_WAGE(1.0),Average annual wages,I,BGR,Bulgaria,WG,Wages,BGN,Bulgarian lev,A,Annual,V,Current prices,MEAN,Mean,_Z,Not applicable,2017,,14390.883,,,,A,Normal value,0,Units,0,Zero
DATAFLOW,OECD.ELS.SAE:DSD_EARNINGS@AV_AN_WAGE(1.0),Average annual wages,I,BGR,Bulgaria,WG,Wages,BGN,Bulgarian lev,A,Annual,V,Current prices,MEAN,Mean,_Z,Not applicable,2018,,15772.438,,,,A,Normal value,0,Units,0,Zero
DATAFLOW,OECD.ELS.SAE:DSD_EARNINGS@AV_AN_WAGE(1.0),Average annual wages,I,BGR,Bulgaria,WG,Wages,BGN,Bulgarian lev,A,Annual,V,Current prices,MEAN,Mean,_Z,Not applicable,2019,,16869.586,,,,A,Normal value,0,Units,0,Zero
DATAFLOW,OECD.ELS.SAE:DSD_EARNINGS@AV_AN_WAGE(1.0),Average annual wages,I,BGR,Bulgaria,WG,Wages,BGN,Bulgarian lev,A,Annual,V,Current prices,MEAN,Mean,_Z,Not applicable,2020,,18049.494,,,,A,Normal value,0,Units,0,Zero
DATAFLOW,OECD.ELS.SAE:DSD_EARNINGS@AV_AN_WAGE(1.0),Average annual wages,I,BGR,Bulgaria,WG,Wages,BGN,Bulgarian lev,A,Annual,V,Current prices,MEAN,Mean,_Z,Not applicable,2021,,20131.578,,,,A,Normal value,0,Units,0,Zero
DATAFLOW,OECD.ELS.SAE:DSD_EARNINGS@AV_AN_WAGE(1.0),Average annual wages,I,BGR,Bulgaria,WG,Wages,BGN,Bulgarian lev,A,Annual,V,Current prices,MEAN,Mean,_Z,Not applicable,2022,,23039.151,,,,A,Normal value,0,Units,0,Zero
DATAFLOW,OECD.ELS.SAE:DSD_EARNINGS@AV_AN_WAGE(1.0),Average annual wages,I,BGR,Bulgaria,WG,Wages,BGN,Bulgarian lev,A,Annual,V,Current prices,MEAN,Mean,_Z,Not applicable,2023,,25939.464,,,,A,Normal value,0,Units,0,Zero
DATAFLOW,OECD.ELS.SAE:DSD_EARNINGS@AV_AN_WAGE(1.0),Average annual wages,I,BGR,Bulgaria,WG,Wages,BGN,Bulgarian lev,A,Annual,V,Current prices,MEAN,Mean,_Z,Not applicable,2024,,28138.92,,,,A,Normal value,0,Units,0,Zero
DATAFLOW,OECD.ELS.SAE:DSD_EARNINGS@AV_AN_WAGE(1.0),Average annual wages,I,ROU,Romania,WG,Wages,RON,Romanian leu,A,Annual,V,Current prices,MEAN,Mean,_Z,Not applicable,1995,,339.041,,,,A,Normal value,0,Units,0,Zero
DATAFLOW,OECD.ELS.SAE:DSD_EARNINGS@AV_AN_WAGE(1.0),Average annual wages,I,ROU,Romania,WG,Wages,RON,Romanian leu,A,Annual,V,Current prices,MEAN,Mean,_Z,Not applicable,1996,,516.397,,,,A,Normal value,0,Units,0,Zero
DATAFLOW,OECD.ELS.SAE:DSD_EARNINGS@AV_AN_WAGE(1.0),Average annual wages,I,ROU,Romania,WG,Wages,RON,Romanian leu,A,Annual,V,Current prices,MEAN,Mean,_Z,Not applicable,1997,,961.575,,,,A,Normal value,0,Units,0,Zero
DATAFLOW,OECD.ELS.SAE:DSD_EARNINGS@AV_AN_WAGE(1.0),Average annual wages,I,ROU,Romania,WG,Wages,RON,Romanian leu,A,Annual,V,Current prices,MEAN,Mean,_Z,Not applicable,1998,,1829.921,,,,A,Normal value,0,Units,0,Zero
DATAFLOW,OECD.ELS.SAE:DSD_EARNINGS@AV_AN_WAGE(1.0),Average annual wages,I,ROU,Romania,WG,Wages,RON,Romanian leu,A,Annual,V,Current prices,MEAN,Mean,_Z,Not applicable,1999,,2430.383,,,,A,Normal value,0,Units,0,Zero
DATAFLOW,OECD.ELS.SAE:DSD_EARNINGS@AV_AN_WAGE(1.0),Average annual wages,I,ROU,Romania,WG,Wages,RON,Romanian leu,A,Annual,V,Current prices,MEAN,Mean,_Z,Not applicable,2000,,4260.415,,,,A,Normal value,0,Units,0,Zero
DATAFLOW,OECD.ELS.SAE:DSD_EARNINGS@AV_AN_WAGE(1.0),Average annual wages,I,ROU,Romania,WG,Wages,RON,Romanian leu,A,Annual,V,Current prices,MEAN,Mean,_Z,Not applicable,2001,,6905.945,,,,A,Normal value,0,Units,0,Zero
DATAFLOW,OECD.ELS.SAE:DSD_EARNINGS@AV_AN_WAGE(1.0),Average annual wages,I,ROU,Romania,WG,Wages,RON,Romanian leu,A,Annual,V,Current prices,MEAN,Mean,_Z,Not applicable,2002,,8103.73,,,,A,Normal value,0,Units,0,Zero
DATAFLOW,OECD.ELS.SAE:DSD_EARNINGS@AV_AN_WAGE(1.0),Average annual wages,I,ROU,Romania,WG,Wages,RON,Romanian leu,A,Annual,V,Current prices,MEAN,Mean,_Z,Not applicable,2003,,10281.067,,,,A,Normal value,0,Units,0,Zero
DATAFLOW,OECD.ELS.SAE:DSD_EARNINGS@AV_AN_WAGE(1.0),Average annual wages,I,ROU,Romania,WG,Wages,RON,Romanian leu,A,Annual,V,Current prices,MEAN,Mean,_Z,Not applicable,2004,,12127.448,,,,A,Normal value,0,Units,0,Zero
DATAFLOW,OECD.ELS.SAE:DSD_EARNINGS@AV_AN_WAGE(1.0),Average annual wages,I,ROU,Romania,WG,Wages,RON,Romanian leu,A,Annual,V,Current prices,MEAN,Mean,_Z,Not applicable,2005,,15262.989,,,,A,Normal value,0,Units,0,Zero
DATAFLOW,OECD.ELS.SAE:DSD_EARNINGS@AV_AN_WAGE(1.0),Average annual wages,I,ROU,Romania,WG,Wages,RON,Romanian leu,A,Annual,V,Current prices,MEAN,Mean,_Z,Not applicable,2006,,17172.87,,,,A,Normal value,0,Units,0,Zero
DATAFLOW,OECD.ELS.SAE:DSD_EARNINGS@AV_AN_WAGE(1.0),Average annual wages,I,ROU,Romania,WG,Wages,RON,Romanian leu,A,Annual,V,Current prices,MEAN,Mean,_Z,Not applicable,2007,,18000.389,,,,A,Normal value,0,Units,0,Zero
DATAFLOW,OECD.ELS.SAE:DSD_EARNINGS@AV_AN_WAGE(1.0),Average annual wages,I,ROU,Romania,WG,Wages,RON,Romanian leu,A,Annual,V,Current prices,MEAN,Mean,_Z,Not applicable,2008,,25217.82,,,,A,Normal value,0,Units,0,Zero
DATAFLOW,OECD.ELS.SAE:DSD_EARNINGS@AV_AN_WAGE(1.0),Average annual wages,I,ROU,Romania,WG,Wages,RON,Romanian leu,A,Annual,V,Current prices,MEAN,Mean,_Z,Not applicable,2009,,24059.377,,,,A,Normal value,0,Units,0,Zero
DATAFLOW,OECD.ELS.SAE:DSD_EARNINGS@AV_AN_WAGE(1.0),Average annual wages,I,ROU,Romania,WG,Wages,RON,Romanian leu,A,Annual,V,Current prices,MEAN,Mean,_Z,Not applicable,2010,,25544.157,,,,A,Normal value,0,Units,0,Zero
DATAFLOW,OECD.ELS.SAE:DSD_EARNINGS@AV_AN_WAGE(1.0),Average annual wages,I,ROU,Romania,WG,Wages,RON,Romanian leu,A,Annual,V,Current prices,MEAN,Mean,_Z,Not applicable,2011,,26272.13,,,,A,Normal value,0,Units,0,Zero
DATAFLOW,OECD.ELS.SAE:DSD_EARNINGS@AV_AN_WAGE(1.0),Average annual wages,I,ROU,Romania,WG,Wages,RON,Romanian leu,A,Annual,V,Current prices,MEAN,Mean,_Z,Not applicable,2012,,27111.683,,,,A,Normal value,0,Units,0,Zero
DATAFLOW,OECD.ELS.SAE:DSD_EARNINGS@AV_AN_WAGE(1.0),Average annual wages,I,ROU,Romania,WG,Wages,RON,Romanian leu,A,Annual,V,Current prices,MEAN,Mean,_Z,Not applicable,2013,,28226.001,,,,A,Normal value,0,Units,0,Zero
DATAFLOW,OECD.ELS.SAE:DSD_EARNINGS@AV_AN_WAGE(1.0),Average annual wages,I,ROU,Romania,WG,Wages,RON,Romanian leu,A,Annual,V,Current prices,MEAN,Mean,_Z,Not applicable,2014,,30278.405,,,,A,Normal value,0,Units,0,Zero
DATAFLOW,OECD.ELS.SAE:DSD_EARNINGS@AV_AN_WAGE(1.0),Average annual wages,I,ROU,Romania,WG,Wages,RON,Romanian leu,A,Annual,V,Current prices,MEAN,Mean,_Z,Not applicable,2015,,31268.811,,,,A,Normal value,0,Units,0,Zero
DATAFLOW,OECD.ELS.SAE:DSD_EARNINGS@AV_AN_WAGE(1.0),Average annual wages,I,ROU,Romania,WG,Wages,RON,Romanian leu,A,Annual,V,Current prices,MEAN,Mean,_Z,Not applicable,2016,,35907.44,,,,A,Normal value,0,Units,0,Zero
DATAFLOW,OECD.ELS.SAE:DSD_EARNINGS@AV_AN_WAGE(1.0),Average annual wages,I,ROU,Romania,WG,Wages,RON,Romanian leu,A,Annual,V,Current prices,MEAN,Mean,_Z,Not applicable,2017,,40955.244,,,,A,Normal value,0,Units,0,Zero
DATAFLOW,OECD.ELS.SAE:DSD_EARNINGS@AV_AN_WAGE(1.0),Average annual wages,I,ROU,Romania,WG,Wages,RON,Romanian leu,A,Annual,V,Current prices,MEAN,Mean,_Z,Not applicable,2018,,52636.238,,,,A,Normal value,0,Units,0,Zero
DATAFLOW,OECD.ELS.SAE:DSD_EARNINGS@AV_AN_WAGE(1.0),Average annual wages,I,ROU,Romania,WG,Wages,RON,Romanian leu,A,Annual,V,Current prices,MEAN,Mean,_Z,Not applicable,2019,,58881.093,,,,A,Normal value,0,Units,0,Zero
DATAFLOW,OECD.ELS.SAE:DSD_EARNINGS@AV_AN_WAGE(1.0),Average annual wages,I,ROU,Romania,WG,Wages,RON,Romanian leu,A,Annual,V,Current prices,MEAN,Mean,_Z,Not applicable,2020,,61196.687,,,,A,Normal value,0,Units,0,Zero
DATAFLOW,OECD.ELS.SAE:DSD_EARNINGS@AV_AN_WAGE(1.0),Average annual wages,I,ROU,Romania,WG,Wages,RON,Romanian leu,A,Annual,V,Current prices,MEAN,Mean,_Z,Not applicable,2021,,65011.524,,,,A,Normal value,0,Units,0,Zero
DATAFLOW,OECD.ELS.SAE:DSD_EARNINGS@AV_AN_WAGE(1.0),Average annual wages,I,ROU,Romania,WG,Wages,RON,Romanian leu,A,Annual,V,Current prices,MEAN,Mean,_Z,Not applicable,2022,,73823.295,,,,A,Normal value,0,Units,0,Zero
DATAFLOW,OECD.ELS.SAE:DSD_EARNINGS@AV_AN_WAGE(1.0),Average annual wages,I,ROU,Romania,WG,Wages,RON,Romanian leu,A,Annual,V,Current prices,MEAN,Mean,_Z,Not applicable,2023,,87301.71,,,,A,Normal value,0,Units,0,Zero
DATAFLOW,OECD.ELS.SAE:DSD_EARNINGS@AV_AN_WAGE(1.0),Average annual wages,I,ROU,Romania,WG,Wages,RON,Romanian leu,A,Annual,V,Current prices,MEAN,Mean,_Z,Not applicable,2024,,98201.92,,,,A,Normal value,0,Units,0,Zero
DATAFLOW,OECD.ELS.SAE:DSD_EARNINGS@AV_AN_WAGE(1.0),Average annual wages,I,LVA,Latvia,WG,Wages,USD_PPP,"US dollars, PPP converted",A,Annual,Q,Constant prices,MEAN,Mean,_Z,Not applicable,1995,,11340,,2025,,A,Normal value,0,Units,0,Zero
DATAFLOW,OECD.ELS.SAE:DSD_EARNINGS@AV_AN_WAGE(1.0),Average annual wages,I,BGR,Bulgaria,WG,Wages,BGN,Bulgarian lev,A,Annual,Q,Constant prices,MEAN,Mean,_Z,Not applicable,2000,,7702.309,,2025,,A,Normal value,0,Units,0,Zero
DATAFLOW,OECD.ELS.SAE:DSD_EARNINGS@AV_AN_WAGE(1.0),Average annual wages,I,BGR,Bulgaria,WG,Wages,BGN,Bulgarian lev,A,Annual,Q,Constant prices,MEAN,Mean,_Z,Not applicable,2001,,8419.453,,2025,,A,Normal value,0,Units,0,Zero
DATAFLOW,OECD.ELS.SAE:DSD_EARNINGS@AV_AN_WAGE(1.0),Average annual wages,I,BGR,Bulgaria,WG,Wages,BGN,Bulgarian lev,A,Annual,Q,Constant prices,MEAN,Mean,_Z,Not applicable,2002,,8659.478,,2025,,A,Normal value,0,Units,0,Zero
DATAFLOW,OECD.ELS.SAE:DSD_EARNINGS@AV_AN_WAGE(1.0),Average annual wages,I,BGR,Bulgaria,WG,Wages,BGN,Bulgarian lev,A,Annual,Q,Constant prices,MEAN,Mean,_Z,Not applicable,2003,,9066.906,,2025,,A,Normal value,0,Units,0,Zero
DATAFLOW,OECD.ELS.SAE:DSD_EARNINGS@AV_AN_WAGE(1.0),Average annual wages,I,BGR,Bulgaria,WG,Wages,BGN,Bulgarian lev,A,Annual,Q,Constant prices,MEAN,Mean,_Z,Not applicable,2004,,9653.221,,2025,,A,Normal value,0,Units,0,Zero
DATAFLOW,OECD.ELS.SAE:DSD_EARNINGS@AV_AN_WAGE(1.0),Average annual wages,I,BGR,Bulgaria,WG,Wages,BGN,Bulgarian lev,A,Annual,Q,Constant prices,MEAN,Mean,_Z,Not applicable,2005,,10237.334,,2025,,A,Normal value,0,Units,0,Zero
DATAFLOW,OECD.ELS.SAE:DSD_EARNINGS@AV_AN_WAGE(1.0),Average annual wages,I,BGR,Bulgaria,WG,Wages,BGN,Bulgarian lev,A,Annual,Q,Constant prices,MEAN,Mean,_Z,Not applicable,2006,,10463.85,,2025,,A,Normal value,0,Units,0,Zero
DATAFLOW,OECD.ELS.SAE:DSD_EARNINGS@AV_AN_WAGE(1.0),Average annual wages,I,BGR,Bulgaria,WG,Wages,BGN,Bulgarian lev,A,Annual,Q,Constant prices,MEAN,Mean,_Z,Not applicable,2007,,11135.298,,2025,,A,Normal value,0,Units,0,Zero
DATAFLOW,OECD.ELS.SAE:DSD_EARNINGS@AV_AN_WAGE(1.0),Average annual wages,I,BGR,Bulgaria,WG,Wages,BGN,Bulgarian lev,A,Annual,Q,Constant prices,MEAN,Mean,_Z,Not applicable,2008,,11887.115,,2025,,A,Normal value,0,Units,0,Zero
DATAFLOW,OECD.ELS.SAE:DSD_EARNINGS@AV_AN_WAGE(1.0),Average annual wages,I,BGR,Bulgaria,WG,Wages,BGN,Bulgarian lev,A,Annual,Q,Constant prices,MEAN,Mean,_Z,Not applicable,2009,,13051.92,,2025,,A,Normal value,0,Units,0,Zero
DATAFLOW,OECD.ELS.SAE:DSD_EARNINGS@AV_AN_WAGE(1.0),Average annual wages,I,BGR,Bulgaria,WG,Wages,BGN,Bulgarian lev,A,Annual,Q,Constant prices,MEAN,Mean,_Z,Not applicable,2010,,14352.001,,2025,,A,Normal value,0,Units,0,Zero
DATAFLOW,OECD.ELS.SAE:DSD_EARNINGS@AV_AN_WAGE(1.0),Average annual wages,I,BGR,Bulgaria,WG,Wages,BGN,Bulgarian lev,A,Annual,Q,Constant prices,MEAN,Mean,_Z,Not applicable,2011,,14774.37,,2025,,A,Normal value,0,Units,0,Zero
DATAFLOW,OECD.ELS.SAE:DSD_EARNINGS@AV_AN_WAGE(1.0),Average annual wages,I,BGR,Bulgaria,WG,Wages,BGN,Bulgarian lev,A,Annual,Q,Constant prices,MEAN,Mean,_Z,Not applicable,2012,,15527.205,,2025,,A,Normal value,0,Units,0,Zero
DATAFLOW,OECD.ELS.SAE:DSD_EARNINGS@AV_AN_WAGE(1.0),Average annual wages,I,BGR,Bulgaria,WG,Wages,BGN,Bulgarian lev,A,Annual,Q,Constant prices,MEAN,Mean,_Z,Not applicable,2013,,17082.663,,2025,,A,Normal value,0,Units,0,Zero
DATAFLOW,OECD.ELS.SAE:DSD_EARNINGS@AV_AN_WAGE(1.0),Average annual wages,I,BGR,Bulgaria,WG,Wages,BGN,Bulgarian lev,A,Annual,Q,Constant prices,MEAN,Mean,_Z,Not applicable,2014,,17787.927,,2025,,A,Normal value,0,Units,0,Zero
DATAFLOW,OECD.ELS.SAE:DSD_EARNINGS@AV_AN_WAGE(1.0),Average annual wages,I,BGR,Bulgaria,WG,Wages,BGN,Bulgarian lev,A,Annual,Q,Constant prices,MEAN,Mean,_Z,Not applicable,2015,,18376.137,,2025,,A,Normal value,0,Units,0,Zero
DATAFLOW,OECD.ELS.SAE:DSD_EARNINGS@AV_AN_WAGE(1.0),Average annual wages,I,BGR,Bulgaria,WG,Wages,BGN,Bulgarian lev,A,Annual,Q,Constant prices,MEAN,Mean,_Z,Not applicable,2016,,19186.36,,2025,,A,Normal value,0,Units,0,Zero
DATAFLOW,OECD.ELS.SAE:DSD_EARNINGS@AV_AN_WAGE(1.0),Average annual wages,I,BGR,Bulgaria,WG,Wages,BGN,Bulgarian lev,A,Annual,Q,Constant prices,MEAN,Mean,_Z,Not applicable,2017,,20122.981,,2025,,A,Normal value,0,Units,0,Zero
DATAFLOW,OECD.ELS.SAE:DSD_EARNINGS@AV_AN_WAGE(1.0),Average annual wages,I,BGR,Bulgaria,WG,Wages,BGN,Bulgarian lev,A,Annual,Q,Constant prices,MEAN,Mean,_Z,Not applicable,2018,,21523.037,,2025,,A,Normal value,0,Units,0,Zero
DATAFLOW,OECD.ELS.SAE:DSD_EARNINGS@AV_AN_WAGE(1.0),Average annual wages,I,BGR,Bulgaria,WG,Wages,BGN,Bulgarian lev,A,Annual,Q,Constant prices,MEAN,Mean,_Z,Not applicable,2019,,22574.034,,2025,,A,Normal value,0,Units,0,Zero
DATAFLOW,OECD.ELS.SAE:DSD_EARNINGS@AV_AN_WAGE(1.0),Average annual wages,I,BGR,Bulgaria,WG,Wages,BGN,Bulgarian lev,A,Annual,Q,Constant prices,MEAN,Mean,_Z,Not applicable,2020,,24298.412,,2025,,A,Normal value,0,Units,0,Zero
DATAFLOW,OECD.ELS.SAE:DSD_EARNINGS@AV_AN_WAGE(1.0),Average annual wages,I,BGR,Bulgaria,WG,Wages,BGN,Bulgarian lev,A,Annual,Q,Constant prices,MEAN,Mean,_Z,Not applicable,2021,,25512.986,,2025,,A,Normal value,0,Units,0,Zero
DATAFLOW,OECD.ELS.SAE:DSD_EARNINGS@AV_AN_WAGE(1.0),Average annual wages,I,BGR,Bulgaria,WG,Wages,BGN,Bulgarian lev,A,Annual,Q,Constant prices,MEAN,Mean,_Z,Not applicable,2022,,25124.524,,2025,,A,Normal value,0,Units,0,Zero
DATAFLOW,OECD.ELS.SAE:DSD_EARNINGS@AV_AN_WAGE(1.0),Average annual wages,I,BGR,Bulgaria,WG,Wages,BGN,Bulgarian lev,A,Annual,Q,Constant prices,MEAN,Mean,_Z,Not applicable,2023,,26454.761,,2025,,A,Normal value,0,Units,0,Zero
DATAFLOW,OECD.ELS.SAE:DSD_EARNINGS@AV_AN_WAGE(1.0),Average annual wages,I,BGR,Bulgaria,WG,Wages,BGN,Bulgarian lev,A,Annual,Q,Constant prices,MEAN,Mean,_Z,Not applicable,2024,,28300.464,,2025,,A,Normal value,0,Units,0,Zero
DATAFLOW,OECD.ELS.SAE:DSD_EARNINGS@AV_AN_WAGE(1.0),Average annual wages,I,ROU,Romania,WG,Wages,RON,Romanian leu,A,Annual,Q,Constant prices,MEAN,Mean,_Z,Not applicable,2000,,24647.91,,2025,,A,Normal value,0,Units,0,Zero
DATAFLOW,OECD.ELS.SAE:DSD_EARNINGS@AV_AN_WAGE(1.0),Average annual wages,I,ROU,Romania,WG,Wages,RON,Romanian leu,A,Annual,Q,Constant prices,MEAN,Mean,_Z,Not applicable,2001,,29634.273,,2025,,A,Normal value,0,Units,0,Zero
DATAFLOW,OECD.ELS.SAE:DSD_EARNINGS@AV_AN_WAGE(1.0),Average annual wages,I,ROU,Romania,WG,Wages,RON,Romanian leu,A,Annual,Q,Constant prices,MEAN,Mean,_Z,Not applicable,2002,,28934.905,,2025,,A,Normal value,0,Units,0,Zero
DATAFLOW,OECD.ELS.SAE:DSD_EARNINGS@AV_AN_WAGE(1.0),Average annual wages,I,ROU,Romania,WG,Wages,RON,Romanian leu,A,Annual,Q,Constant prices,MEAN,Mean,_Z,Not applicable,2003,,31644.427,,2025,,A,Normal value,0,Units,0,Zero
DATAFLOW,OECD.ELS.SAE:DSD_EARNINGS@AV_AN_WAGE(1.0),Average annual wages,I,ROU,Romania,WG,Wages,RON,Romanian leu,A,Annual,Q,Constant prices,MEAN,Mean,_Z,Not applicable,2004,,33101.933,,2025,,A,Normal value,0,Units,0,Zero
DATAFLOW,OECD.ELS.SAE:DSD_EARNINGS@AV_AN_WAGE(1.0),Average annual wages,I,ROU,Romania,WG,Wages,RON,Romanian leu,A,Annual,Q,Constant prices,MEAN,Mean,_Z,Not applicable,2005,,39003.62,,2025,,A,Normal value,0,Units,0,Zero
DATAFLOW,OECD.ELS.SAE:DSD_EARNINGS@AV_AN_WAGE(1.0),Average annual wages,I,ROU,Romania,WG,Wages,RON,Romanian leu,A,Annual,Q,Constant prices,MEAN,Mean,_Z,Not applicable,2006,,41848.826,,2025,,A,Normal value,0,Units,0,Zero
DATAFLOW,OECD.ELS.SAE:DSD_EARNINGS@AV_AN_WAGE(1.0),Average annual wages,I,ROU,Romania,WG,Wages,RON,Romanian leu,A,Annual,Q,Constant prices,MEAN,Mean,_Z,Not applicable,2007,,41011.6,,2025,,A,Normal value,0,Units,0,Zero
DATAFLOW,OECD.ELS.SAE:DSD_EARNINGS@AV_AN_WAGE(1.0),Average annual wages,I,ROU,Romania,WG,Wages,RON,Romanian leu,A,Annual,Q,Constant prices,MEAN,Mean,_Z,Not applicable,2008,,51923.866,,2025,,A,Normal value,0,Units,0,Zero
DATAFLOW,OECD.ELS.SAE:DSD_EARNINGS@AV_AN_WAGE(1.0),Average annual wages,I,ROU,Romania,WG,Wages,RON,Romanian leu,A,Annual,Q,Constant prices,MEAN,Mean,_Z,Not applicable,2009,,47782.199,,2025,,A,Normal value,0,Units,0,Zero
DATAFLOW,OECD.ELS.SAE:DSD_EARNINGS@AV_AN_WAGE(1.0),Average annual wages,I,ROU,Romania,WG,Wages,RON,Romanian leu,A,Annual,Q,Constant prices,MEAN,Mean,_Z,Not applicable,2010,,46374.713,,2025,,A,Normal value,0,Units,0,Zero
DATAFLOW,OECD.ELS.SAE:DSD_EARNINGS@AV_AN_WAGE(1.0),Average annual wages,I,ROU,Romania,WG,Wages,RON,Romanian leu,A,Annual,Q,Constant prices,MEAN,Mean,_Z,Not applicable,2011,,45864.58,,2025,,A,Normal value,0,Units,0,Zero
DATAFLOW,OECD.ELS.SAE:DSD_EARNINGS@AV_AN_WAGE(1.0),Average annual wages,I,ROU,Romania,WG,Wages,RON,Romanian leu,A,Annual,Q,Constant prices,MEAN,Mean,_Z,Not applicable,2012,,45424.684,,2025,,A,Normal value,0,Units,0,Zero
DATAFLOW,OECD.ELS.SAE:DSD_EARNINGS@AV_AN_WAGE(1.0),Average annual wages,I,ROU,Romania,WG,Wages,RON,Romanian leu,A,Annual,Q,Constant prices,MEAN,Mean,_Z,Not applicable,2013,,46572.823,,2025,,A,Normal value,0,Units,0,Zero
DATAFLOW,OECD.ELS.SAE:DSD_EARNINGS@AV_AN_WAGE(1.0),Average annual wages,I,ROU,Romania,WG,Wages,RON,Romanian leu,A,Annual,Q,Constant prices,MEAN,Mean,_Z,Not applicable,2014,,49336.824,,2025,,A,Normal value,0,Units,0,Zero
DATAFLOW,OECD.ELS.SAE:DSD_EARNINGS@AV_AN_WAGE(1.0),Average annual wages,I,ROU,Romania,WG,Wages,RON,Romanian leu,A,Annual,Q,Constant prices,MEAN,Mean,_Z,Not applicable,2015,,50395.592,,2025,,A,Normal value,0,Units,0,Zero
DATAFLOW,OECD.ELS.SAE:DSD_EARNINGS@AV_AN_WAGE(1.0),Average annual wages,I,ROU,Romania,WG,Wages,RON,Romanian leu,A,Annual,Q,Constant prices,MEAN,Mean,_Z,Not applicable,2016,,57444.481,,2025,,A,Normal value,0,Units,0,Zero
DATAFLOW,OECD.ELS.SAE:DSD_EARNINGS@AV_AN_WAGE(1.0),Average annual wages,I,ROU,Romania,WG,Wages,RON,Romanian leu,A,Annual,Q,Constant prices,MEAN,Mean,_Z,Not applicable,2017,,63814.668,,2025,,A,Normal value,0,Units,0,Zero
DATAFLOW,OECD.ELS.SAE:DSD_EARNINGS@AV_AN_WAGE(1.0),Average annual wages,I,ROU,Romania,WG,Wages,RON,Romanian leu,A,Annual,Q,Constant prices,MEAN,Mean,_Z,Not applicable,2018,,78921.664,,2025,,A,Normal value,0,Units,0,Zero
DATAFLOW,OECD.ELS.SAE:DSD_EARNINGS@AV_AN_WAGE(1.0),Average annual wages,I,ROU,Romania,WG,Wages,RON,Romanian leu,A,Annual,Q,Constant prices,MEAN,Mean,_Z,Not applicable,2019,,83776.436,,2025,,A,Normal value,0,Units,0,Zero
DATAFLOW,OECD.ELS.SAE:DSD_EARNINGS@AV_AN_WAGE(1.0),Average annual wages,I,ROU,Romania,WG,Wages,RON,Romanian leu,A,Annual,Q,Constant prices,MEAN,Mean,_Z,Not applicable,2020,,85085.459,,2025,,A,Normal value,0,Units,0,Zero
DATAFLOW,OECD.ELS.SAE:DSD_EARNINGS@AV_AN_WAGE(1.0),Average annual wages,I,ROU,Romania,WG,Wages,RON,Romanian leu,A,Annual,Q,Constant prices,MEAN,Mean,_Z,Not applicable,2021,,86414.927,,2025,,A,Normal value,0,Units,0,Zero
DATAFLOW,OECD.ELS.SAE:DSD_EARNINGS@AV_AN_WAGE(1.0),Average annual wages,I,ROU,Romania,WG,Wages,RON,Romanian leu,A,Annual,Q,Constant prices,MEAN,Mean,_Z,Not applicable,2022,,85679.496,,2025,,A,Normal value,0,Units,0,Zero
DATAFLOW,OECD.ELS.SAE:DSD_EARNINGS@AV_AN_WAGE(1.0),Average annual wages,I,ROU,Romania,WG,Wages,RON,Romanian leu,A,Annual,Q,Constant prices,MEAN,Mean,_Z,Not applicable,2023,,92313.342,,2025,,A,Normal value,0,Units,0,Zero
DATAFLOW,OECD.ELS.SAE:DSD_EARNINGS@AV_AN_WAGE(1.0),Average annual wages,I,ROU,Romania,WG,Wages,RON,Romanian leu,A,Annual,Q,Constant prices,MEAN,Mean,_Z,Not applicable,2024,,98385.077,,2025,,A,Normal value,0,Units,0,Zero
DATAFLOW,OECD.ELS.SAE:DSD_EARNINGS@AV_AN_WAGE(1.0),Average annual wages,I,FIN,Finland,WG,Wages,EUR,Euro,A,Annual,V,Current prices,MEAN,Mean,_Z,Not applicable,1990,,19367.196,,,,A,Normal value,0,Units,0,Zero
DATAFLOW,OECD.ELS.SAE:DSD_EARNINGS@AV_AN_WAGE(1.0),Average annual wages,I,FIN,Finland,WG,Wages,EUR,Euro,A,Annual,V,Current prices,MEAN,Mean,_Z,Not applicable,1991,,20514.001,,,,A,Normal value,0,Units,0,Zero
DATAFLOW,OECD.ELS.SAE:DSD_EARNINGS@AV_AN_WAGE(1.0),Average annual wages,I,FIN,Finland,WG,Wages,EUR,Euro,A,Annual,V,Current prices,MEAN,Mean,_Z,Not applicable,1992,,20895.008,,,,A,Normal value,0,Units,0,Zero
DATAFLOW,OECD.ELS.SAE:DSD_EARNINGS@AV_AN_WAGE(1.0),Average annual wages,I,FIN,Finland,WG,Wages,EUR,Euro,A,Annual,V,Current prices,MEAN,Mean,_Z,Not applicable,1993,,20885.121,,,,A,Normal value,0,Units,0,Zero
DATAFLOW,OECD.ELS.SAE:DSD_EARNINGS@AV_AN_WAGE(1.0),Average annual wages,I,FIN,Finland,WG,Wages,EUR,Euro,A,Annual,V,Current prices,MEAN,Mean,_Z,Not applicable,1994,,21325.567,,,,A,Normal value,0,Units,0,Zero
DATAFLOW,OECD.ELS.SAE:DSD_EARNINGS@AV_AN_WAGE(1.0),Average annual wages,I,FIN,Finland,WG,Wages,EUR,Euro,A,Annual,V,Current prices,MEAN,Mean,_Z,Not applicable,1995,,22243.608,,,,A,Normal value,0,Units,0,Zero
DATAFLOW,OECD.ELS.SAE:DSD_EARNINGS@AV_AN_WAGE(1.0),Average annual wages,I,FIN,Finland,WG,Wages,EUR,Euro,A,Annual,V,Current prices,MEAN,Mean,_Z,Not applicable,1996,,22974.613,,,,A,Normal value,0,Units,0,Zero
DATAFLOW,OECD.ELS.SAE:DSD_EARNINGS@AV_AN_WAGE(1.0),Average annual wages,I,FIN,Finland,WG,Wages,EUR,Euro,A,Annual,V,Current prices,MEAN,Mean,_Z,Not applicable,1997,,23436.099,,,,A,Normal value,0,Units,0,Zero
DATAFLOW,OECD.ELS.SAE:DSD_EARNINGS@AV_AN_WAGE(1.0),Average annual wages,I,FIN,Finland,WG,Wages,EUR,Euro,A,Annual,V,Current prices,MEAN,Mean,_Z,Not applicable,1998,,24448.067,,,,A,Normal value,0,Units,0,Zero
DATAFLOW,OECD.ELS.SAE:DSD_EARNINGS@AV_AN_WAGE(1.0),Average annual wages,I,FIN,Finland,WG,Wages,EUR,Euro,A,Annual,V,Current prices,MEAN,Mean,_Z,Not applicable,1999,,25376.396,,,,A,Normal value,0,Units,0,Zero
DATAFLOW,OECD.ELS.SAE:DSD_EARNINGS@AV_AN_WAGE(1.0),Average annual wages,I,FIN,Finland,WG,Wages,EUR,Euro,A,Annual,V,Current prices,MEAN,Mean,_Z,Not applicable,2000,,26597.214,,,,A,Normal value,0,Units,0,Zero
DATAFLOW,OECD.ELS.SAE:DSD_EARNINGS@AV_AN_WAGE(1.0),Average annual wages,I,FIN,Finland,WG,Wages,EUR,Euro,A,Annual,V,Current prices,MEAN,Mean,_Z,Not applicable,2001,,27458.663,,,,A,Normal value,0,Units,0,Zero
DATAFLOW,OECD.ELS.SAE:DSD_EARNINGS@AV_AN_WAGE(1.0),Average annual wages,I,FIN,Finland,WG,Wages,EUR,Euro,A,Annual,V,Current prices,MEAN,Mean,_Z,Not applicable,2002,,28058.474,,,,A,Normal value,0,Units,0,Zero
DATAFLOW,OECD.ELS.SAE:DSD_EARNINGS@AV_AN_WAGE(1.0),Average annual wages,I,FIN,Finland,WG,Wages,EUR,Euro,A,Annual,V,Current prices,MEAN,Mean,_Z,Not applicable,2003,,28876.424,,,,A,Normal value,0,Units,0,Zero
DATAFLOW,OECD.ELS.SAE:DSD_EARNINGS@AV_AN_WAGE(1.0),Average annual wages,I,FIN,Finland,WG,Wages,EUR,Euro,A,Annual,V,Current prices,MEAN,Mean,_Z,Not applicable,2004,,31994.836,,,,A,Normal value,0,Units,0,Zero
DATAFLOW,OECD.ELS.SAE:DSD_EARNINGS@AV_AN_WAGE(1.0),Average annual wages,I,FIN,Finland,WG,Wages,EUR,Euro,A,Annual,V,Current prices,MEAN,Mean,_Z,Not applicable,2005,,30869.262,,,,A,Normal value,0,Units,0,Zero
DATAFLOW,OECD.ELS.SAE:DSD_EARNINGS@AV_AN_WAGE(1.0),Average annual wages,I,FIN,Finland,WG,Wages,EUR,Euro,A,Annual,V,Current prices,MEAN,Mean,_Z,Not applicable,2006,,31944.719,,,,A,Normal value,0,Units,0,Zero
DATAFLOW,OECD.ELS.SAE:DSD_EARNINGS@AV_AN_WAGE(1.0),Average annual wages,I,FIN,Finland,WG,Wages,EUR,Euro,A,Annual,V,Current prices,MEAN,Mean,_Z,Not applicable,2007,,32995.983,,,,A,Normal value,0,Units,0,Zero
DATAFLOW,OECD.ELS.SAE:DSD_EARNINGS@AV_AN_WAGE(1.0),Average annual wages,I,FIN,Finland,WG,Wages,EUR,Euro,A,Annual,V,Current prices,MEAN,Mean,_Z,Not applicable,2008,,34412.034,,,,A,Normal value,0,Units,0,Zero
DATAFLOW,OECD.ELS.SAE:DSD_EARNINGS@AV_AN_WAGE(1.0),Average annual wages,I,FIN,Finland,WG,Wages,EUR,Euro,A,Annual,V,Current prices,MEAN,Mean,_Z,Not applicable,2009,,35363.508,,,,A,Normal value,0,Units,0,Zero
DATAFLOW,OECD.ELS.SAE:DSD_EARNINGS@AV_AN_WAGE(1.0),Average annual wages,I,LUX,Luxembourg,WG,Wages,EUR,Euro,A,Annual,V,Current prices,MEAN,Mean,_Z,Not applicable,1990,,26110.079,,,,A,Normal value,0,Units,0,Zero
DATAFLOW,OECD.ELS.SAE:DSD_EARNINGS@AV_AN_WAGE(1.0),Average annual wages,I,LUX,Luxembourg,WG,Wages,EUR,Euro,A,Annual,V,Current prices,MEAN,Mean,_Z,Not applicable,1991,,27751.508,,,,A,Normal value,0,Units,0,Zero
DATAFLOW,OECD.ELS.SAE:DSD_EARNINGS@AV_AN_WAGE(1.0),Average annual wages,I,LUX,Luxembourg,WG,Wages,EUR,Euro,A,Annual,V,Current prices,MEAN,Mean,_Z,Not applicable,1992,,29696.448,,,,A,Normal value,0,Units,0,Zero
DATAFLOW,OECD.ELS.SAE:DSD_EARNINGS@AV_AN_WAGE(1.0),Average annual wages,I,LUX,Luxembourg,WG,Wages,EUR,Euro,A,Annual,V,Current prices,MEAN,Mean,_Z,Not applicable,1993,,31477.517,,,,A,Normal value,0,Units,0,Zero
DATAFLOW,OECD.ELS.SAE:DSD_EARNINGS@AV_AN_WAGE(1.0),Average annual wages,I,LUX,Luxembourg,WG,Wages,EUR,Euro,A,Annual,V,Current prices,MEAN,Mean,_Z,Not applicable,1994,,32824.69,,,,A,Normal value,0,Units,0,Zero
DATAFLOW,OECD.ELS.SAE:DSD_EARNINGS@AV_AN_WAGE(1.0),Average annual wages,I,LUX,Luxembourg,WG,Wages,EUR,Euro,A,Annual,V,Current prices,MEAN,Mean,_Z,Not applicable,1995,,33453.963,,,,A,Normal value,0,Units,0,Zero
DATAFLOW,OECD.ELS.SAE:DSD_EARNINGS@AV_AN_WAGE(1.0),Average annual wages,I,LUX,Luxembourg,WG,Wages,EUR,Euro,A,Annual,V,Current prices,MEAN,Mean,_Z,Not applicable,1996,,34402.878,,,,A,Normal value,0,Units,0,Zero
DATAFLOW,OECD.ELS.SAE:DSD_EARNINGS@AV_AN_WAGE(1.0),Average annual wages,I,LUX,Luxembourg,WG,Wages,EUR,Euro,A,Annual,V,Current prices,MEAN,Mean,_Z,Not applicable,1998,,36287.231,,,,A,Normal value,0,Units,0,Zero
DATAFLOW,OECD.ELS.SAE:DSD_EARNINGS@AV_AN_WAGE(1.0),Average annual wages,I,LUX,Luxembourg,WG,Wages,EUR,Euro,A,Annual,V,Current prices,MEAN,Mean,_Z,Not applicable,1999,,38069.929,,,,A,Normal value,0,Units,0,Zero
DATAFLOW,OECD.ELS.SAE:DSD_EARNINGS@AV_AN_WAGE(1.0),Average annual wages,I,LUX,Luxembourg,WG,Wages,EUR,Euro,A,Annual,V,Current prices,MEAN,Mean,_Z,Not applicable,2000,,40521.144,,,,A,Normal value,0,Units,0,Zero
DATAFLOW,OECD.ELS.SAE:DSD_EARNINGS@AV_AN_WAGE(1.0),Average annual wages,I,LUX,Luxembourg,WG,Wages,EUR,Euro,A,Annual,V,Current prices,MEAN,Mean,_Z,Not applicable,2001,,41723.749,,,,A,Normal value,0,Units,0,Zero
DATAFLOW,OECD.ELS.SAE:DSD_EARNINGS@AV_AN_WAGE(1.0),Average annual wages,I,LUX,Luxembourg,WG,Wages,EUR,Euro,A,Annual,V,Current prices,MEAN,Mean,_Z,Not applicable,2002,,43184.925,,,,A,Normal value,0,Units,0,Zero
DATAFLOW,OECD.ELS.SAE:DSD_EARNINGS@AV_AN_WAGE(1.0),Average annual wages,I,LUX,Luxembourg,WG,Wages,EUR,Euro,A,Annual,V,Current prices,MEAN,Mean,_Z,Not applicable,2003,,43927.892,,,,A,Normal value,0,Units,0,Zero
DATAFLOW,OECD.ELS.SAE:DSD_EARNINGS@AV_AN_WAGE(1.0),Average annual wages,I,LUX,Luxembourg,WG,Wages,EUR,Euro,A,Annual,V,Current prices,MEAN,Mean,_Z,Not applicable,2004,,45468.83,,,,A,Normal value,0,Units,0,Zero
DATAFLOW,OECD.ELS.SAE:DSD_EARNINGS@AV_AN_WAGE(1.0),Average annual wages,I,LUX,Luxembourg,WG,Wages,EUR,Euro,A,Annual,V,Current prices,MEAN,Mean,_Z,Not applicable,2005,,47183.63,,,,A,Normal value,0,Units,0,Zero
DATAFLOW,OECD.ELS.SAE:DSD_EARNINGS@AV_AN_WAGE(1.0),Average annual wages,I,LUX,Luxembourg,WG,Wages,EUR,Euro,A,Annual,V,Current prices,MEAN,Mean,_Z,Not applicable,2010,,54880.786,,,,A,Normal value,0,Units,0,Zero
DATAFLOW,OECD.ELS.SAE:DSD_EARNINGS@AV_AN_WAGE(1.0),Average annual wages,I,LUX,Luxembourg,WG,Wages,EUR,Euro,A,Annual,V,Current prices,MEAN,Mean,_Z,Not applicable,2011,,56817.058,,,,A,Normal value,0,Units,0,Zero
DATAFLOW,OECD.ELS.SAE:DSD_EARNINGS@AV_AN_WAGE(1.0),Average annual wages,I,LUX,Luxembourg,WG,Wages,EUR,Euro,A,Annual,V,Current prices,MEAN,Mean,_Z,Not applicable,2013,,59042.967,,,,A,Normal value,0,Units,0,Zero
DATAFLOW,OECD.ELS.SAE:DSD_EARNINGS@AV_AN_WAGE(1.0),Average annual wages,I,PRT,Portugal,WG,Wages,EUR,Euro,A,Annual,V,Current prices,MEAN,Mean,_Z,Not applicable,1995,,9688.106,,,,A,Normal value,0,Units,0,Zero
DATAFLOW,OECD.ELS.SAE:DSD_EARNINGS@AV_AN_WAGE(1.0),Average annual wages,I,PRT,Portugal,WG,Wages,EUR,Euro,A,Annual,V,Current prices,MEAN,Mean,_Z,Not applicable,1996,,10334.131,,,,A,Normal value,0,Units,0,Zero
DATAFLOW,OECD.ELS.SAE:DSD_EARNINGS@AV_AN_WAGE(1.0),Average annual wages,I,PRT,Portugal,WG,Wages,EUR,Euro,A,Annual,V,Current prices,MEAN,Mean,_Z,Not applicable,1997,,10924.136,,,,A,Normal value,0,Units,0,Zero
DATAFLOW,OECD.ELS.SAE:DSD_EARNINGS@AV_AN_WAGE(1.0),Average annual wages,I,PRT,Portugal,WG,Wages,EUR,Euro,A,Annual,V,Current prices,MEAN,Mean,_Z,Not applicable,1998,,11332.54,,,,A,Normal value,0,Units,0,Zero
DATAFLOW,OECD.ELS.SAE:DSD_EARNINGS@AV_AN_WAGE(1.0),Average annual wages,I,PRT,Portugal,WG,Wages,EUR,Euro,A,Annual,V,Current prices,MEAN,Mean,_Z,Not applicable,1999,,12009.477,,,,A,Normal value,0,Units,0,Zero
DATAFLOW,OECD.ELS.SAE:DSD_EARNINGS@AV_AN_WAGE(1.0),Average annual wages,I,PRT,Portugal,WG,Wages,EUR,Euro,A,Annual,V,Current prices,MEAN,Mean,_Z,Not applicable,2002,,13618.808,,,,A,Normal value,0,Units,0,Zero
DATAFLOW,OECD.ELS.SAE:DSD_EARNINGS@AV_AN_WAGE(1.0),Average annual wages,I,PRT,Portugal,WG,Wages,EUR,Euro,A,Annual,V,Current prices,MEAN,Mean,_Z,Not applicable,2003,,14073.431,,,,A,Normal value,0,Units,0,Zero
DATAFLOW,OECD.ELS.SAE:DSD_EARNINGS@AV_AN_WAGE(1.0),Average annual wages,I,PRT,Portugal,WG,Wages,EUR,Euro,A,Annual,V,Current prices,MEAN,Mean,_Z,Not applicable,2005,,14892.207,,,,A,Normal value,0,Units,0,Zero
DATAFLOW,OECD.ELS.SAE:DSD_EARNINGS@AV_AN_WAGE(1.0),Average annual wages,I,PRT,Portugal,WG,Wages,EUR,Euro,A,Annual,V,Current prices,MEAN,Mean,_Z,Not applicable,2006,,15084.812,,,,A,Normal value,0,Units,0,Zero
DATAFLOW,OECD.ELS.SAE:DSD_EARNINGS@AV_AN_WAGE(1.0),Average annual wages,I,PRT,Portugal,WG,Wages,EUR,Euro,A,Annual,V,Current prices,MEAN,Mean,_Z,Not applicable,2008,,16082.849,,,,A,Normal value,0,Units,0,Zero
DATAFLOW,OECD.ELS.SAE:DSD_EARNINGS@AV_AN_WAGE(1.0),Average annual wages,I,PRT,Portugal,WG,Wages,EUR,Euro,A,Annual,V,Current prices,MEAN,Mean,_Z,Not applicable,2009,,16389.391,,,,A,Normal value,0,Units,0,Zero
DATAFLOW,OECD.ELS.SAE:DSD_EARNINGS@AV_AN_WAGE(1.0),Average annual wages,I,HRV,Croatia,WG,Wages,EUR,Euro,A,Annual,V,Current prices,MEAN,Mean,_Z,Not applicable,1995,,4849.038,,,,A,Normal value,0,Units,0,Zero
DATAFLOW,OECD.ELS.SAE:DSD_EARNINGS@AV_AN_WAGE(1.0),Average annual wages,I,HRV,Croatia,WG,Wages,EUR,Euro,A,Annual,V,Current prices,MEAN,Mean,_Z,Not applicable,1996,,5546.744,,,,A,Normal value,0,Units,0,Zero
DATAFLOW,OECD.ELS.SAE:DSD_EARNINGS@AV_AN_WAGE(1.0),Average annual wages,I,HRV,Croatia,WG,Wages,EUR,Euro,A,Annual,V,Current prices,MEAN,Mean,_Z,Not applicable,1997,,6432.117,,,,A,Normal value,0,Units,0,Zero
DATAFLOW,OECD.ELS.SAE:DSD_EARNINGS@AV_AN_WAGE(1.0),Average annual wages,I,HRV,Croatia,WG,Wages,EUR,Euro,A,Annual,V,Current prices,MEAN,Mean,_Z,Not applicable,1998,,7534.704,,,,A,Normal value,0,Units,0,Zero
DATAFLOW,OECD.ELS.SAE:DSD_EARNINGS@AV_AN_WAGE(1.0),Average annual wages,I,HRV,Croatia,WG,Wages,EUR,Euro,A,Annual,V,Current prices,MEAN,Mean,_Z,Not applicable,1999,,8128.057,,,,A,Normal value,0,Units,0,Zero
DATAFLOW,OECD.ELS.SAE:DSD_EARNINGS@AV_AN_WAGE(1.0),Average annual wages,I,HRV,Croatia,WG,Wages,EUR,Euro,A,Annual,V,Current prices,MEAN,Mean,_Z,Not applicable,2000,,8859.652,,,,A,Normal value,0,Units,0,Zero
DATAFLOW,OECD.ELS.SAE:DSD_EARNINGS@AV_AN_WAGE(1.0),Average annual wages,I,HRV,Croatia,WG,Wages,EUR,Euro,A,Annual,V,Current prices,MEAN,Mean,_Z,Not applicable,2001,,9037.269,,,,A,Normal value,0,Units,0,Zero
DATAFLOW,OECD.ELS.SAE:DSD_EARNINGS@AV_AN_WAGE(1.0),Average annual wages,I,HRV,Croatia,WG,Wages,EUR,Euro,A,Annual,V,Current prices,MEAN,Mean,_Z,Not applicable,2002,,10145.024,,,,A,Normal value,0,Units,0,Zero
DATAFLOW,OECD.ELS.SAE:DSD_EARNINGS@AV_AN_WAGE(1.0),Average annual wages,I,HRV,Croatia,WG,Wages,EUR,Euro,A,Annual,Q,Constant prices,MEAN,Mean,_Z,Not applicable,2002,,17916.766,,2025,,A,Normal value,0,Units,0,Zero
DATAFLOW,OECD.ELS.SAE:DSD_EARNINGS@AV_AN_WAGE(1.0),Average annual wages,I,HRV,Croatia,WG,Wages,EUR,Euro,A,Annual,Q,Constant prices,MEAN,Mean,_Z,Not applicable,2003,,18921.686,,2025,,A,Normal value,0,Units,0,Zero
DATAFLOW,OECD.ELS.SAE:DSD_EARNINGS@AV_AN_WAGE(1.0),Average annual wages,I,HRV,Croatia,WG,Wages,EUR,Euro,A,Annual,V,Current prices,MEAN,Mean,_Z,Not applicable,2003,,10969.129,,,,A,Normal value,0,Units,0,Zero
DATAFLOW,OECD.ELS.SAE:DSD_EARNINGS@AV_AN_WAGE(1.0),Average annual wages,I,HRV,Croatia,WG,Wages,EUR,Euro,A,Annual,V,Current prices,MEAN,Mean,_Z,Not applicable,2004,,11470.431,,,,A,Normal value,0,Units,0,Zero
DATAFLOW,OECD.ELS.SAE:DSD_EARNINGS@AV_AN_WAGE(1.0),Average annual wages,I,HRV,Croatia,WG,Wages,EUR,Euro,A,Annual,Q,Constant prices,MEAN,Mean,_Z,Not applicable,2004,,19378.389,,2025,,A,Normal value,0,Units,0,Zero
DATAFLOW,OECD.ELS.SAE:DSD_EARNINGS@AV_AN_WAGE(1.0),Average annual wages,I,HRV,Croatia,WG,Wages,EUR,Euro,A,Annual,Q,Constant prices,MEAN,Mean,_Z,Not applicable,2005,,19843.706,,2025,,A,Normal value,0,Units,0,Zero
DATAFLOW,OECD.ELS.SAE:DSD_EARNINGS@AV_AN_WAGE(1.0),Average annual wages,I,HRV,Croatia,WG,Wages,EUR,Euro,A,Annual,V,Current prices,MEAN,Mean,_Z,Not applicable,2005,,12102.95,,,,A,Normal value,0,Units,0,Zero
DATAFLOW,OECD.ELS.SAE:DSD_EARNINGS@AV_AN_WAGE(1.0),Average annual wages,I,HRV,Croatia,WG,Wages,EUR,Euro,A,Annual,Q,Constant prices,MEAN,Mean,_Z,Not applicable,2006,,19689.583,,2025,,A,Normal value,0,Units,0,Zero
DATAFLOW,OECD.ELS.SAE:DSD_EARNINGS@AV_AN_WAGE(1.0),Average annual wages,I,HRV,Croatia,WG,Wages,EUR,Euro,A,Annual,V,Current prices,MEAN,Mean,_Z,Not applicable,2006,,12455.266,,,,A,Normal value,0,Units,0,Zero
DATAFLOW,OECD.ELS.SAE:DSD_EARNINGS@AV_AN_WAGE(1.0),Average annual wages,I,HRV,Croatia,WG,Wages,EUR,Euro,A,Annual,V,Current prices,MEAN,Mean,_Z,Not applicable,2007,,13113.848,,,,A,Normal value,0,Units,0,Zero
DATAFLOW,OECD.ELS.SAE:DSD_EARNINGS@AV_AN_WAGE(1.0),Average annual wages,I,HRV,Croatia,WG,Wages,EUR,Euro,A,Annual,Q,Constant prices,MEAN,Mean,_Z,Not applicable,2007,,20151.432,,2025,,A,Normal value,0,Units,0,Zero
DATAFLOW,OECD.ELS.SAE:DSD_EARNINGS@AV_AN_WAGE(1.0),Average annual wages,I,HRV,Croatia,WG,Wages,EUR,Euro,A,Annual,Q,Constant prices,MEAN,Mean,_Z,Not applicable,2008,,19942.313,,2025,,A,Normal value,0,Units,0,Zero
DATAFLOW,OECD.ELS.SAE:DSD_EARNINGS@AV_AN_WAGE(1.0),Average annual wages,I,HRV,Croatia,WG,Wages,EUR,Euro,A,Annual,V,Current prices,MEAN,Mean,_Z,Not applicable,2008,,13685.431,,,,A,Normal value,0,Units,0,Zero
DATAFLOW,OECD.ELS.SAE:DSD_EARNINGS@AV_AN_WAGE(1.0),Average annual wages,I,HRV,Croatia,WG,Wages,EUR,Euro,A,Annual,V,Current prices,MEAN,Mean,_Z,Not applicable,2009,,13702.505,,,,A,Normal value,0,Units,0,Zero
DATAFLOW,OECD.ELS.SAE:DSD_EARNINGS@AV_AN_WAGE(1.0),Average annual wages,I,HRV,Croatia,WG,Wages,EUR,Euro,A,Annual,Q,Constant prices,MEAN,Mean,_Z,Not applicable,2009,,19356.729,,2025,,A,Normal value,0,Units,0,Zero
DATAFLOW,OECD.ELS.SAE:DSD_EARNINGS@AV_AN_WAGE(1.0),Average annual wages,I,HRV,Croatia,WG,Wages,EUR,Euro,A,Annual,Q,Constant prices,MEAN,Mean,_Z,Not applicable,2010,,19471.73,,2025,,A,Normal value,0,Units,0,Zero
DATAFLOW,OECD.ELS.SAE:DSD_EARNINGS@AV_AN_WAGE(1.0),Average annual wages,I,HRV,Croatia,WG,Wages,EUR,Euro,A,Annual,V,Current prices,MEAN,Mean,_Z,Not applicable,2010,,13986.889,,,,A,Normal value,0,Units,0,Zero
DATAFLOW,OECD.ELS.SAE:DSD_EARNINGS@AV_AN_WAGE(1.0),Average annual wages,I,HRV,Croatia,WG,Wages,EUR,Euro,A,Annual,V,Current prices,MEAN,Mean,_Z,Not applicable,2011,,14506.018,,,,A,Normal value,0,Units,0,Zero
DATAFLOW,OECD.ELS.SAE:DSD_EARNINGS@AV_AN_WAGE(1.0),Average annual wages,I,HRV,Croatia,WG,Wages,EUR,Euro,A,Annual,Q,Constant prices,MEAN,Mean,_Z,Not applicable,2011,,19773.364,,2025,,A,Normal value,0,Units,0,Zero
DATAFLOW,OECD.ELS.SAE:DSD_EARNINGS@AV_AN_WAGE(1.0),Average annual wages,I,HRV,Croatia,WG,Wages,EUR,Euro,A,Annual,V,Current prices,MEAN,Mean,_Z,Not applicable,2012,,14599.773,,,,A,Normal value,0,Units,0,Zero
DATAFLOW,OECD.ELS.SAE:DSD_EARNINGS@AV_AN_WAGE(1.0),Average annual wages,I,HRV,Croatia,WG,Wages,EUR,Euro,A,Annual,Q,Constant prices,MEAN,Mean,_Z,Not applicable,2012,,19276.484,,2025,,A,Normal value,0,Units,0,Zero
DATAFLOW,OECD.ELS.SAE:DSD_EARNINGS@AV_AN_WAGE(1.0),Average annual wages,I,HRV,Croatia,WG,Wages,EUR,Euro,A,Annual,V,Current prices,MEAN,Mean,_Z,Not applicable,2013,,14483.162,,,,A,Normal value,0,Units,0,Zero
DATAFLOW,OECD.ELS.SAE:DSD_EARNINGS@AV_AN_WAGE(1.0),Average annual wages,I,HRV,Croatia,WG,Wages,EUR,Euro,A,Annual,Q,Constant prices,MEAN,Mean,_Z,Not applicable,2013,,18777.199,,2025,,A,Normal value,0,Units,0,Zero
DATAFLOW,OECD.ELS.SAE:DSD_EARNINGS@AV_AN_WAGE(1.0),Average annual wages,I,HRV,Croatia,WG,Wages,EUR,Euro,A,Annual,Q,Constant prices,MEAN,Mean,_Z,Not applicable,2014,,17832.475,,2025,,A,Normal value,0,Units,0,Zero
DATAFLOW,OECD.ELS.SAE:DSD_EARNINGS@AV_AN_WAGE(1.0),Average annual wages,I,HRV,Croatia,WG,Wages,EUR,Euro,A,Annual,V,Current prices,MEAN,Mean,_Z,Not applicable,2014,,13602.607,,,,A,Normal value,0,Units,0,Zero
DATAFLOW,OECD.ELS.SAE:DSD_EARNINGS@AV_AN_WAGE(1.0),Average annual wages,I,HRV,Croatia,WG,Wages,EUR,Euro,A,Annual,V,Current prices,MEAN,Mean,_Z,Not applicable,2015,,13683.86,,,,A,Normal value,0,Units,0,Zero
DATAFLOW,OECD.ELS.SAE:DSD_EARNINGS@AV_AN_WAGE(1.0),Average annual wages,I,HRV,Croatia,WG,Wages,EUR,Euro,A,Annual,Q,Constant prices,MEAN,Mean,_Z,Not applicable,2015,,18044.252,,2025,,A,Normal value,0,Units,0,Zero
DATAFLOW,OECD.ELS.SAE:DSD_EARNINGS@AV_AN_WAGE(1.0),Average annual wages,I,HRV,Croatia,WG,Wages,EUR,Euro,A,Annual,Q,Constant prices,MEAN,Mean,_Z,Not applicable,2016,,18513.094,,2025,,A,Normal value,0,Units,0,Zero
DATAFLOW,OECD.ELS.SAE:DSD_EARNINGS@AV_AN_WAGE(1.0),Average annual wages,I,HRV,Croatia,WG,Wages,EUR,Euro,A,Annual,V,Current prices,MEAN,Mean,_Z,Not applicable,2016,,13847.591,,,,A,Normal value,0,Units,0,Zero
DATAFLOW,OECD.ELS.SAE:DSD_EARNINGS@AV_AN_WAGE(1.0),Average annual wages,I,HRV,Croatia,WG,Wages,EUR,Euro,A,Annual,V,Current prices,MEAN,Mean,_Z,Not applicable,2017,,13896.694,,,,A,Normal value,0,Units,0,Zero
DATAFLOW,OECD.ELS.SAE:DSD_EARNINGS@AV_AN_WAGE(1.0),Average annual wages,I,HRV,Croatia,WG,Wages,EUR,Euro,A,Annual,Q,Constant prices,MEAN,Mean,_Z,Not applicable,2017,,18372.987,,2025,,A,Normal value,0,Units,0,Zero
DATAFLOW,OECD.ELS.SAE:DSD_EARNINGS@AV_AN_WAGE(1.0),Average annual wages,I,HRV,Croatia,WG,Wages,EUR,Euro,A,Annual,Q,Constant prices,MEAN,Mean,_Z,Not applicable,2018,,18926.597,,2025,,A,Normal value,0,Units,0,Zero
DATAFLOW,OECD.ELS.SAE:DSD_EARNINGS@AV_AN_WAGE(1.0),Average annual wages,I,HRV,Croatia,WG,Wages,EUR,Euro,A,Annual,V,Current prices,MEAN,Mean,_Z,Not applicable,2018,,14485.299,,,,A,Normal value,0,Units,0,Zero
DATAFLOW,OECD.ELS.SAE:DSD_EARNINGS@AV_AN_WAGE(1.0),Average annual wages,I,HRV,Croatia,WG,Wages,EUR,Euro,A,Annual,V,Current prices,MEAN,Mean,_Z,Not applicable,2019,,14582.682,,,,A,Normal value,0,Units,0,Zero
DATAFLOW,OECD.ELS.SAE:DSD_EARNINGS@AV_AN_WAGE(1.0),Average annual wages,I,HRV,Croatia,WG,Wages,EUR,Euro,A,Annual,Q,Constant prices,MEAN,Mean,_Z,Not applicable,2019,,18833.95,,2025,,A,Normal value,0,Units,0,Zero
DATAFLOW,OECD.ELS.SAE:DSD_EARNINGS@AV_AN_WAGE(1.0),Average annual wages,I,HRV,Croatia,WG,Wages,EUR,Euro,A,Annual,Q,Constant prices,MEAN,Mean,_Z,Not applicable,2020,,19078.749,,2025,,A,Normal value,0,Units,0,Zero
DATAFLOW,OECD.ELS.SAE:DSD_EARNINGS@AV_AN_WAGE(1.0),Average annual wages,I,HRV,Croatia,WG,Wages,EUR,Euro,A,Annual,V,Current prices,MEAN,Mean,_Z,Not applicable,2020,,14879.345,,,,A,Normal value,0,Units,0,Zero
DATAFLOW,OECD.ELS.SAE:DSD_EARNINGS@AV_AN_WAGE(1.0),Average annual wages,I,HRV,Croatia,WG,Wages,EUR,Euro,A,Annual,V,Current prices,MEAN,Mean,_Z,Not applicable,2021,,15750.103,,,,A,Normal value,0,Units,0,Zero
DATAFLOW,OECD.ELS.SAE:DSD_EARNINGS@AV_AN_WAGE(1.0),Average annual wages,I,HRV,Croatia,WG,Wages,EUR,Euro,A,Annual,Q,Constant prices,MEAN,Mean,_Z,Not applicable,2021,,19729.313,,2025,,A,Normal value,0,Units,0,Zero
DATAFLOW,OECD.ELS.SAE:DSD_EARNINGS@AV_AN_WAGE(1.0),Average annual wages,I,HRV,Croatia,WG,Wages,EUR,Euro,A,Annual,Q,Constant prices,MEAN,Mean,_Z,Not applicable,2022,,19762.164,,2025,,A,Normal value,0,Units,0,Zero
DATAFLOW,OECD.ELS.SAE:DSD_EARNINGS@AV_AN_WAGE(1.0),Average annual wages,I,HRV,Croatia,WG,Wages,EUR,Euro,A,Annual,V,Current prices,MEAN,Mean,_Z,Not applicable,2022,,17552.842,,,,A,Normal value,0,Units,0,Zero
DATAFLOW,OECD.ELS.SAE:DSD_EARNINGS@AV_AN_WAGE(1.0),Average annual wages,I,HRV,Croatia,WG,Wages,EUR,Euro,A,Annual,Q,Constant prices,MEAN,Mean,_Z,Not applicable,2023,,20499.492,,2025,,A,Normal value,0,Units,0,Zero
DATAFLOW,OECD.ELS.SAE:DSD_EARNINGS@AV_AN_WAGE(1.0),Average annual wages,I,HRV,Croatia,WG,Wages,EUR,Euro,A,Annual,V,Current prices,MEAN,Mean,_Z,Not applicable,2023,,19707.948,,,,A,Normal value,0,Units,0,Zero
DATAFLOW,OECD.ELS.SAE:DSD_EARNINGS@AV_AN_WAGE(1.0),Average annual wages,I,HRV,Croatia,WG,Wages,EUR,Euro,A,Annual,Q,Constant prices,MEAN,Mean,_Z,Not applicable,2024,,23159.901,,2025,,A,Normal value,0,Units,0,Zero
DATAFLOW,OECD.ELS.SAE:DSD_EARNINGS@AV_AN_WAGE(1.0),Average annual wages,I,HRV,Croatia,WG,Wages,EUR,Euro,A,Annual,V,Current prices,MEAN,Mean,_Z,Not applicable,2024,,22879.727,,,,A,Normal value,0,Units,0,Zero
DATAFLOW,OECD.ELS.SAE:DSD_EARNINGS@AV_AN_WAGE(1.0),Average annual wages,I,AUS,Australia,WG,Wages,AUD,Australian dollar,A,Annual,Q,Constant prices,MEAN,Mean,_Z,Not applicable,1990,,75735.999,,2025,,A,Normal value,0,Units,0,Zero
